unsigned char wasmo_mascot_rgba[] = {
  0x00, 0x00, 0x00, 0x00, 0x00, 0x00, 0x00, 0x00, 0x00, 0x00, 0x00, 0x00,
  0x00, 0x00, 0x00, 0x00, 0x00, 0x00, 0x00, 0x00, 0x00, 0x00, 0x00, 0x00,
  0x00, 0x00, 0x00, 0x00, 0x00, 0x00, 0x00, 0x00, 0x00, 0x00, 0x00, 0x00,
  0x00, 0x00, 0x00, 0x00, 0x00, 0x00, 0x00, 0x00, 0x00, 0x00, 0x00, 0x00,
  0x00, 0x00, 0x00, 0x00, 0x00, 0x00, 0x00, 0x00, 0x00, 0x00, 0x00, 0x00,
  0x00, 0x00, 0x00, 0x00, 0x00, 0x00, 0x00, 0x00, 0x00, 0x00, 0x00, 0x00,
  0x00, 0x00, 0x00, 0x00, 0x00, 0x00, 0x00, 0x00, 0x00, 0x00, 0x00, 0x00,
  0x00, 0x00, 0x00, 0x00, 0x00, 0x00, 0x00, 0x00, 0x00, 0x00, 0x00, 0x00,
  0x00, 0x00, 0x00, 0x00, 0x00, 0x00, 0x00, 0x00, 0x00, 0x00, 0x00, 0x00,
  0x00, 0x00, 0x00, 0x00, 0x00, 0x00, 0x00, 0x00, 0x00, 0x00, 0x00, 0x00,
  0x00, 0x00, 0x00, 0x00, 0x00, 0x00, 0x00, 0x00, 0x00, 0x00, 0x00, 0x00,
  0x00, 0x00, 0x00, 0x00, 0x00, 0x00, 0x00, 0x00, 0x00, 0x00, 0x00, 0x00,
  0x00, 0x00, 0x00, 0x00, 0x00, 0x00, 0x00, 0x00, 0x00, 0x00, 0x00, 0x00,
  0x00, 0x00, 0x00, 0x00, 0x00, 0x00, 0x00, 0x00, 0x00, 0x00, 0x00, 0x00,
  0x00, 0x00, 0x00, 0x00, 0x00, 0x00, 0x00, 0x00, 0x00, 0x00, 0x00, 0x00,
  0x00, 0x00, 0x00, 0x00, 0x00, 0x00, 0x00, 0x00, 0x00, 0x00, 0x00, 0x00,
  0x00, 0x00, 0x00, 0x00, 0x00, 0x00, 0x00, 0x00, 0x00, 0x00, 0x00, 0x00,
  0x00, 0x00, 0x00, 0x00, 0x00, 0x00, 0x00, 0x00, 0x00, 0x00, 0x00, 0x00,
  0x00, 0x00, 0x00, 0x00, 0x00, 0x00, 0x00, 0x00, 0x00, 0x00, 0x00, 0x00,
  0x00, 0x00, 0x00, 0x00, 0x00, 0x00, 0x00, 0x00, 0x00, 0x00, 0x00, 0x00,
  0x00, 0x00, 0x00, 0x00, 0x00, 0x00, 0x00, 0x00, 0x00, 0x00, 0x00, 0x00,
  0x00, 0x00, 0x00, 0x00, 0x00, 0x00, 0x00, 0x00, 0x00, 0x00, 0x00, 0x00,
  0x00, 0x00, 0x00, 0x00, 0x00, 0x00, 0x00, 0x00, 0x00, 0x00, 0x00, 0x00,
  0x00, 0x00, 0x00, 0x00, 0x00, 0x00, 0x00, 0x00, 0x00, 0x00, 0x00, 0x00,
  0x00, 0x00, 0x00, 0x00, 0x00, 0x00, 0x00, 0x00, 0x00, 0x00, 0x00, 0x00,
  0x00, 0x00, 0x00, 0x00, 0x00, 0x00, 0x00, 0x00, 0x00, 0x00, 0x00, 0x00,
  0x00, 0x00, 0x00, 0x00, 0x00, 0x00, 0x00, 0x00, 0x00, 0x00, 0x00, 0x00,
  0x00, 0x00, 0x00, 0x00, 0x00, 0x00, 0x00, 0x00, 0x00, 0x00, 0x00, 0x00,
  0x00, 0x00, 0x00, 0x00, 0x00, 0x00, 0x00, 0x00, 0x00, 0x00, 0x00, 0x00,
  0x00, 0x00, 0x00, 0x00, 0x00, 0x00, 0x00, 0x00, 0x00, 0x00, 0x00, 0x00,
  0x00, 0x00, 0x00, 0x00, 0x00, 0x00, 0x00, 0x00, 0x00, 0x00, 0x00, 0x00,
  0x00, 0x00, 0x00, 0x00, 0x00, 0x00, 0x00, 0x00, 0x00, 0x00, 0x00, 0x00,
  0x00, 0x00, 0x00, 0x00, 0x00, 0x00, 0x00, 0x00, 0x00, 0x00, 0x00, 0x00,
  0x00, 0x00, 0x00, 0x00, 0x00, 0x00, 0x00, 0x00, 0x00, 0x00, 0x00, 0x00,
  0x00, 0x00, 0x00, 0x00, 0x00, 0x00, 0x00, 0x00, 0x00, 0x00, 0x00, 0x00,
  0x00, 0x00, 0x00, 0x00, 0x00, 0x00, 0x00, 0x00, 0x00, 0x00, 0x00, 0x00,
  0x00, 0x00, 0x00, 0x00, 0x00, 0x00, 0x00, 0x00, 0x00, 0x00, 0x00, 0x00,
  0x00, 0x00, 0x00, 0x00, 0x00, 0x00, 0x00, 0x00, 0x00, 0x00, 0x00, 0x00,
  0x00, 0x00, 0x00, 0x00, 0x00, 0x00, 0x00, 0x00, 0x00, 0x00, 0x00, 0x00,
  0x00, 0x00, 0x00, 0x00, 0x00, 0x00, 0x00, 0x00, 0x00, 0x00, 0x00, 0x00,
  0x00, 0x00, 0x00, 0x00, 0x00, 0x00, 0x00, 0x00, 0x00, 0x00, 0x00, 0x00,
  0x00, 0x00, 0x00, 0x00, 0x00, 0x00, 0x00, 0x00, 0x00, 0x00, 0x00, 0x00,
  0x00, 0x00, 0x00, 0x00, 0x00, 0x00, 0x00, 0x00, 0xff, 0xff, 0xff, 0xff,
  0xff, 0xff, 0xff, 0xff, 0xff, 0xff, 0xff, 0xff, 0xff, 0xff, 0xff, 0xff,
  0xff, 0xff, 0xff, 0xff, 0xff, 0xff, 0xff, 0xff, 0xff, 0xff, 0xff, 0xff,
  0xff, 0xff, 0xff, 0xff, 0xff, 0xff, 0xff, 0xff, 0xff, 0xff, 0xff, 0xff,
  0xff, 0xff, 0xff, 0xff, 0xff, 0xff, 0xff, 0xff, 0xff, 0xff, 0xff, 0xff,
  0xff, 0xff, 0xff, 0xff, 0xff, 0xff, 0xff, 0xff, 0xff, 0xff, 0xff, 0xff,
  0xff, 0xff, 0xff, 0xff, 0xff, 0xff, 0xff, 0xff, 0xff, 0xff, 0xff, 0xff,
  0xff, 0xff, 0xff, 0xff, 0xff, 0xff, 0xff, 0xff, 0xff, 0xff, 0xff, 0xff,
  0xff, 0xff, 0xff, 0xff, 0xff, 0xff, 0xff, 0xff, 0xff, 0xff, 0xff, 0xff,
  0xff, 0xff, 0xff, 0xff, 0xff, 0xff, 0xff, 0xff, 0xff, 0xff, 0xff, 0xff,
  0xff, 0xff, 0xff, 0xff, 0xff, 0xff, 0xff, 0xff, 0xff, 0xff, 0xff, 0xff,
  0xff, 0xff, 0xff, 0xff, 0xff, 0xff, 0xff, 0xff, 0xff, 0xff, 0xff, 0xff,
  0xf5, 0xf5, 0xf5, 0xff, 0xb2, 0xb2, 0xb2, 0xff, 0x6a, 0x6a, 0x6b, 0xff,
  0x43, 0x43, 0x45, 0xff, 0x65, 0x65, 0x67, 0xff, 0xae, 0xae, 0xae, 0xff,
  0xf5, 0xf5, 0xf5, 0xff, 0xff, 0xff, 0xff, 0xff, 0xff, 0xff, 0xff, 0xff,
  0xff, 0xff, 0xff, 0xff, 0xff, 0xff, 0xff, 0xff, 0xff, 0xff, 0xff, 0xff,
  0xff, 0xff, 0xff, 0xff, 0xff, 0xff, 0xff, 0xff, 0xff, 0xff, 0xff, 0xff,
  0xff, 0xff, 0xff, 0xff, 0xff, 0xff, 0xff, 0xff, 0xff, 0xff, 0xff, 0xff,
  0xff, 0xff, 0xff, 0xff, 0xff, 0xff, 0xff, 0xff, 0xff, 0xff, 0xff, 0xff,
  0xff, 0xff, 0xff, 0xff, 0xff, 0xff, 0xff, 0xff, 0xff, 0xff, 0xff, 0xff,
  0xff, 0xff, 0xff, 0xff, 0xff, 0xff, 0xff, 0xff, 0xff, 0xff, 0xff, 0xff,
  0xff, 0xff, 0xff, 0xff, 0xff, 0xff, 0xff, 0xff, 0xff, 0xff, 0xff, 0xff,
  0xff, 0xff, 0xff, 0xff, 0xff, 0xff, 0xff, 0xff, 0xff, 0xff, 0xff, 0xff,
  0xff, 0xff, 0xff, 0xff, 0xff, 0xff, 0xff, 0xff, 0xff, 0xff, 0xff, 0xff,
  0xff, 0xff, 0xff, 0xff, 0xff, 0xff, 0xff, 0xff, 0xff, 0xff, 0xff, 0xff,
  0xff, 0xff, 0xff, 0xff, 0xff, 0xff, 0xff, 0xff, 0xff, 0xff, 0xff, 0xff,
  0xff, 0xff, 0xff, 0xff, 0xff, 0xff, 0xff, 0xff, 0xff, 0xff, 0xff, 0xff,
  0xff, 0xff, 0xff, 0xff, 0xff, 0xff, 0xff, 0xff, 0xff, 0xff, 0xff, 0xff,
  0xec, 0xec, 0xec, 0xff, 0x7f, 0x7f, 0x7f, 0xff, 0x26, 0x27, 0x29, 0xff,
  0x03, 0x04, 0x06, 0xff, 0x16, 0x17, 0x19, 0xff, 0x57, 0x57, 0x57, 0xff,
  0xca, 0xca, 0xca, 0xff, 0xff, 0xff, 0xff, 0xff, 0xff, 0xff, 0xff, 0xff,
  0xff, 0xff, 0xff, 0xff, 0xff, 0xff, 0xff, 0xff, 0xff, 0xff, 0xff, 0xff,
  0xff, 0xff, 0xff, 0xff, 0xff, 0xff, 0xff, 0xff, 0xff, 0xff, 0xff, 0xff,
  0xff, 0xff, 0xff, 0xff, 0xff, 0xff, 0xff, 0xff, 0xff, 0xff, 0xff, 0xff,
  0xff, 0xff, 0xff, 0xff, 0xff, 0xff, 0xff, 0xff, 0xff, 0xff, 0xff, 0xff,
  0xff, 0xff, 0xff, 0xff, 0xff, 0xff, 0xff, 0xff, 0xff, 0xff, 0xff, 0xff,
  0xff, 0xff, 0xff, 0xff, 0xff, 0xff, 0xff, 0xff, 0xff, 0xff, 0xff, 0xff,
  0xff, 0xff, 0xff, 0xff, 0xff, 0xff, 0xff, 0xff, 0xff, 0xff, 0xff, 0xff,
  0xff, 0xff, 0xff, 0xff, 0xff, 0xff, 0xff, 0xff, 0xff, 0xff, 0xff, 0xff,
  0xff, 0xff, 0xff, 0xff, 0xff, 0xff, 0xff, 0xff, 0xff, 0xff, 0xff, 0xff,
  0xff, 0xff, 0xff, 0xff, 0xff, 0xff, 0xff, 0xff, 0xff, 0xff, 0xff, 0xff,
  0xff, 0xff, 0xff, 0xff, 0xff, 0xff, 0xff, 0xff, 0xff, 0xff, 0xff, 0xff,
  0xff, 0xff, 0xff, 0xff, 0xff, 0xff, 0xff, 0xff, 0xff, 0xff, 0xff, 0xff,
  0xff, 0xff, 0xff, 0xff, 0xff, 0xff, 0xff, 0xff, 0xff, 0xff, 0xff, 0xff,
  0xff, 0xff, 0xff, 0xff, 0xff, 0xff, 0xff, 0xff, 0xff, 0xff, 0xff, 0xff,
  0xff, 0xff, 0xff, 0xff, 0xff, 0xff, 0xff, 0xff, 0xff, 0xff, 0xff, 0xff,
  0xff, 0xff, 0xff, 0xff, 0xff, 0xff, 0xff, 0xff, 0xff, 0xff, 0xff, 0xff,
  0xff, 0xff, 0xff, 0xff, 0xff, 0xff, 0xff, 0xff, 0xff, 0xff, 0xff, 0xff,
  0xff, 0xff, 0xff, 0xff, 0xff, 0xff, 0xff, 0xff, 0xff, 0xff, 0xff, 0xff,
  0xff, 0xff, 0xff, 0xff, 0xff, 0xff, 0xff, 0xff, 0xff, 0xff, 0xff, 0xff,
  0xff, 0xff, 0xff, 0xff, 0xff, 0xff, 0xff, 0xff, 0xff, 0xff, 0xff, 0xff,
  0xff, 0xff, 0xff, 0xff, 0xff, 0xff, 0xff, 0xff, 0xff, 0xff, 0xff, 0xff,
  0xff, 0xff, 0xff, 0xff, 0xff, 0xff, 0xff, 0xff, 0xff, 0xff, 0xff, 0xff,
  0xff, 0xff, 0xff, 0xff, 0xff, 0xff, 0xff, 0xff, 0xff, 0xff, 0xff, 0xff,
  0xff, 0xff, 0xff, 0xff, 0xe1, 0xe1, 0xe1, 0xff, 0x5d, 0x5d, 0x5d, 0xff,
  0x0b, 0x0b, 0x0d, 0xff, 0x10, 0x0f, 0x05, 0xff, 0x27, 0x23, 0x09, 0xff,
  0x1c, 0x19, 0x06, 0xff, 0x0d, 0x0d, 0x0c, 0xff, 0x5f, 0x5f, 0x60, 0xff,
  0xe4, 0xe4, 0xe4, 0xff, 0xff, 0xff, 0xff, 0xff, 0xff, 0xff, 0xff, 0xff,
  0xff, 0xff, 0xff, 0xff, 0xff, 0xff, 0xff, 0xff, 0xff, 0xff, 0xff, 0xff,
  0xff, 0xff, 0xff, 0xff, 0xff, 0xff, 0xff, 0xff, 0xff, 0xff, 0xff, 0xff,
  0xff, 0xff, 0xff, 0xff, 0xff, 0xff, 0xff, 0xff, 0xff, 0xff, 0xff, 0xff,
  0xff, 0xff, 0xff, 0xff, 0xff, 0xff, 0xff, 0xff, 0xff, 0xff, 0xff, 0xff,
  0xff, 0xff, 0xff, 0xff, 0xff, 0xff, 0xff, 0xff, 0xff, 0xff, 0xff, 0xff,
  0xff, 0xff, 0xff, 0xff, 0xff, 0xff, 0xff, 0xff, 0xff, 0xff, 0xff, 0xff,
  0xff, 0xff, 0xff, 0xff, 0xff, 0xff, 0xff, 0xff, 0xff, 0xff, 0xff, 0xff,
  0xff, 0xff, 0xff, 0xff, 0xff, 0xff, 0xff, 0xff, 0xff, 0xff, 0xff, 0xff,
  0xff, 0xff, 0xff, 0xff, 0xff, 0xff, 0xff, 0xff, 0xff, 0xff, 0xff, 0xff,
  0xff, 0xff, 0xff, 0xff, 0xff, 0xff, 0xff, 0xff, 0xff, 0xff, 0xff, 0xff,
  0xff, 0xff, 0xff, 0xff, 0xff, 0xff, 0xff, 0xff, 0xff, 0xff, 0xff, 0xff,
  0xff, 0xff, 0xff, 0xff, 0xff, 0xff, 0xff, 0xff, 0xff, 0xff, 0xff, 0xff,
  0xff, 0xff, 0xff, 0xff, 0xee, 0xee, 0xee, 0xff, 0x5d, 0x5d, 0x5e, 0xff,
  0x06, 0x05, 0x03, 0xff, 0x36, 0x33, 0x12, 0xff, 0x64, 0x5f, 0x26, 0xff,
  0x4c, 0x48, 0x1a, 0xff, 0x0f, 0x0e, 0x03, 0xff, 0x26, 0x26, 0x27, 0xff,
  0xbe, 0xbe, 0xbe, 0xff, 0xff, 0xff, 0xff, 0xff, 0xff, 0xff, 0xff, 0xff,
  0xff, 0xff, 0xff, 0xff, 0xff, 0xff, 0xff, 0xff, 0xff, 0xff, 0xff, 0xff,
  0xff, 0xff, 0xff, 0xff, 0xff, 0xff, 0xff, 0xff, 0xff, 0xff, 0xff, 0xff,
  0xff, 0xff, 0xff, 0xff, 0xff, 0xff, 0xff, 0xff, 0xff, 0xff, 0xff, 0xff,
  0xff, 0xff, 0xff, 0xff, 0xff, 0xff, 0xff, 0xff, 0xff, 0xff, 0xff, 0xff,
  0xff, 0xff, 0xff, 0xff, 0xff, 0xff, 0xff, 0xff, 0xff, 0xff, 0xff, 0xff,
  0xff, 0xff, 0xff, 0xff, 0xff, 0xff, 0xff, 0xff, 0xff, 0xff, 0xff, 0xff,
  0xff, 0xff, 0xff, 0xff, 0xff, 0xff, 0xff, 0xff, 0xff, 0xff, 0xff, 0xff,
  0xff, 0xff, 0xff, 0xff, 0xff, 0xff, 0xff, 0xff, 0xff, 0xff, 0xff, 0xff,
  0xff, 0xff, 0xff, 0xff, 0xff, 0xff, 0xff, 0xff, 0xff, 0xff, 0xff, 0xff,
  0xff, 0xff, 0xff, 0xff, 0xff, 0xff, 0xff, 0xff, 0xff, 0xff, 0xff, 0xff,
  0xff, 0xff, 0xff, 0xff, 0xff, 0xff, 0xff, 0xff, 0xff, 0xff, 0xff, 0xff,
  0xff, 0xff, 0xff, 0xff, 0xff, 0xff, 0xff, 0xff, 0xff, 0xff, 0xff, 0xff,
  0xff, 0xff, 0xff, 0xff, 0xff, 0xff, 0xff, 0xff, 0xff, 0xff, 0xff, 0xff,
  0xff, 0xff, 0xff, 0xff, 0xff, 0xff, 0xff, 0xff, 0xff, 0xff, 0xff, 0xff,
  0xff, 0xff, 0xff, 0xff, 0xff, 0xff, 0xff, 0xff, 0xff, 0xff, 0xff, 0xff,
  0xff, 0xff, 0xff, 0xff, 0xff, 0xff, 0xff, 0xff, 0xff, 0xff, 0xff, 0xff,
  0xff, 0xff, 0xff, 0xff, 0xff, 0xff, 0xff, 0xff, 0xff, 0xff, 0xff, 0xff,
  0xff, 0xff, 0xff, 0xff, 0xff, 0xff, 0xff, 0xff, 0xff, 0xff, 0xff, 0xff,
  0xff, 0xff, 0xff, 0xff, 0xff, 0xff, 0xff, 0xff, 0xff, 0xff, 0xff, 0xff,
  0xff, 0xff, 0xff, 0xff, 0xff, 0xff, 0xff, 0xff, 0xff, 0xff, 0xff, 0xff,
  0xff, 0xff, 0xff, 0xff, 0xff, 0xff, 0xff, 0xff, 0xff, 0xff, 0xff, 0xff,
  0xff, 0xff, 0xff, 0xff, 0xff, 0xff, 0xff, 0xff, 0xff, 0xff, 0xff, 0xff,
  0xff, 0xff, 0xff, 0xff, 0xff, 0xff, 0xff, 0xff, 0xed, 0xed, 0xed, 0xff,
  0x4d, 0x4d, 0x4e, 0xff, 0x07, 0x05, 0x00, 0xff, 0x61, 0x5c, 0x27, 0xff,
  0xc1, 0xba, 0x59, 0xff, 0xe9, 0xdd, 0x60, 0xff, 0xda, 0xc6, 0x43, 0xff,
  0x7c, 0x6e, 0x1d, 0xff, 0x08, 0x07, 0x00, 0xff, 0x66, 0x66, 0x67, 0xff,
  0xfa, 0xfa, 0xfa, 0xff, 0xff, 0xff, 0xff, 0xff, 0xff, 0xff, 0xff, 0xff,
  0xff, 0xff, 0xff, 0xff, 0xff, 0xff, 0xff, 0xff, 0xff, 0xff, 0xff, 0xff,
  0xff, 0xff, 0xff, 0xff, 0xff, 0xff, 0xff, 0xff, 0xff, 0xff, 0xff, 0xff,
  0xff, 0xff, 0xff, 0xff, 0xff, 0xff, 0xff, 0xff, 0xff, 0xff, 0xff, 0xff,
  0xff, 0xff, 0xff, 0xff, 0xff, 0xff, 0xff, 0xff, 0xff, 0xff, 0xff, 0xff,
  0xff, 0xff, 0xff, 0xff, 0xff, 0xff, 0xff, 0xff, 0xff, 0xff, 0xff, 0xff,
  0xff, 0xff, 0xff, 0xff, 0xff, 0xff, 0xff, 0xff, 0xff, 0xff, 0xff, 0xff,
  0xff, 0xff, 0xff, 0xff, 0xff, 0xff, 0xff, 0xff, 0xff, 0xff, 0xff, 0xff,
  0xff, 0xff, 0xff, 0xff, 0xff, 0xff, 0xff, 0xff, 0xff, 0xff, 0xff, 0xff,
  0xff, 0xff, 0xff, 0xff, 0xff, 0xff, 0xff, 0xff, 0xff, 0xff, 0xff, 0xff,
  0xff, 0xff, 0xff, 0xff, 0xff, 0xff, 0xff, 0xff, 0xff, 0xff, 0xff, 0xff,
  0xff, 0xff, 0xff, 0xff, 0xff, 0xff, 0xff, 0xff, 0xff, 0xff, 0xff, 0xff,
  0xff, 0xff, 0xff, 0xff, 0xff, 0xff, 0xff, 0xff, 0xff, 0xff, 0xff, 0xff,
  0x8c, 0x8c, 0x8c, 0xff, 0x04, 0x04, 0x02, 0xff, 0x6f, 0x63, 0x1a, 0xff,
  0xea, 0xda, 0x54, 0xff, 0xfd, 0xef, 0x64, 0xff, 0xf6, 0xe3, 0x50, 0xff,
  0xb0, 0x9d, 0x2a, 0xff, 0x1b, 0x16, 0x02, 0xff, 0x34, 0x35, 0x36, 0xff,
  0xe6, 0xe6, 0xe6, 0xff, 0xff, 0xff, 0xff, 0xff, 0xff, 0xff, 0xff, 0xff,
  0xff, 0xff, 0xff, 0xff, 0xff, 0xff, 0xff, 0xff, 0xff, 0xff, 0xff, 0xff,
  0xff, 0xff, 0xff, 0xff, 0xff, 0xff, 0xff, 0xff, 0xff, 0xff, 0xff, 0xff,
  0xff, 0xff, 0xff, 0xff, 0xff, 0xff, 0xff, 0xff, 0xff, 0xff, 0xff, 0xff,
  0xff, 0xff, 0xff, 0xff, 0xff, 0xff, 0xff, 0xff, 0xff, 0xff, 0xff, 0xff,
  0xff, 0xff, 0xff, 0xff, 0xff, 0xff, 0xff, 0xff, 0xff, 0xff, 0xff, 0xff,
  0xff, 0xff, 0xff, 0xff, 0xff, 0xff, 0xff, 0xff, 0xff, 0xff, 0xff, 0xff,
  0xff, 0xff, 0xff, 0xff, 0xff, 0xff, 0xff, 0xff, 0xff, 0xff, 0xff, 0xff,
  0xff, 0xff, 0xff, 0xff, 0xff, 0xff, 0xff, 0xff, 0xff, 0xff, 0xff, 0xff,
  0xff, 0xff, 0xff, 0xff, 0xff, 0xff, 0xff, 0xff, 0xff, 0xff, 0xff, 0xff,
  0xff, 0xff, 0xff, 0xff, 0xff, 0xff, 0xff, 0xff, 0xff, 0xff, 0xff, 0xff,
  0xff, 0xff, 0xff, 0xff, 0xff, 0xff, 0xff, 0xff, 0xff, 0xff, 0xff, 0xff,
  0xff, 0xff, 0xff, 0xff, 0xff, 0xff, 0xff, 0xff, 0xff, 0xff, 0xff, 0xff,
  0xff, 0xff, 0xff, 0xff, 0xff, 0xff, 0xff, 0xff, 0xff, 0xff, 0xff, 0xff,
  0xff, 0xff, 0xff, 0xff, 0xff, 0xff, 0xff, 0xff, 0xff, 0xff, 0xff, 0xff,
  0xff, 0xff, 0xff, 0xff, 0xff, 0xff, 0xff, 0xff, 0xff, 0xff, 0xff, 0xff,
  0xff, 0xff, 0xff, 0xff, 0xff, 0xff, 0xff, 0xff, 0xff, 0xff, 0xff, 0xff,
  0xff, 0xff, 0xff, 0xff, 0xff, 0xff, 0xff, 0xff, 0xff, 0xff, 0xff, 0xff,
  0xff, 0xff, 0xff, 0xff, 0xff, 0xff, 0xff, 0xff, 0xff, 0xff, 0xff, 0xff,
  0xff, 0xff, 0xff, 0xff, 0xff, 0xff, 0xff, 0xff, 0xff, 0xff, 0xff, 0xff,
  0xff, 0xff, 0xff, 0xff, 0xff, 0xff, 0xff, 0xff, 0xff, 0xff, 0xff, 0xff,
  0xff, 0xff, 0xff, 0xff, 0xff, 0xff, 0xff, 0xff, 0xff, 0xff, 0xff, 0xff,
  0xff, 0xff, 0xff, 0xff, 0xff, 0xff, 0xff, 0xff, 0xff, 0xff, 0xff, 0xff,
  0xff, 0xff, 0xff, 0xff, 0x9a, 0x9a, 0x9a, 0xff, 0x02, 0x02, 0x02, 0xff,
  0x77, 0x6a, 0x1c, 0xff, 0xf8, 0xe3, 0x4d, 0xff, 0xff, 0xec, 0x58, 0xff,
  0xfe, 0xe7, 0x4d, 0xff, 0xff, 0xe6, 0x44, 0xff, 0xf9, 0xdc, 0x3b, 0xff,
  0x5b, 0x4f, 0x13, 0xff, 0x17, 0x17, 0x19, 0xff, 0xd8, 0xd8, 0xd8, 0xff,
  0xff, 0xff, 0xff, 0xff, 0xff, 0xff, 0xff, 0xff, 0xff, 0xff, 0xff, 0xff,
  0xff, 0xff, 0xff, 0xff, 0xff, 0xff, 0xff, 0xff, 0xff, 0xff, 0xff, 0xff,
  0xff, 0xff, 0xff, 0xff, 0xff, 0xff, 0xff, 0xff, 0xff, 0xff, 0xff, 0xff,
  0xff, 0xff, 0xff, 0xff, 0xff, 0xff, 0xff, 0xff, 0xff, 0xff, 0xff, 0xff,
  0xff, 0xff, 0xff, 0xff, 0xff, 0xff, 0xff, 0xff, 0xff, 0xff, 0xff, 0xff,
  0xff, 0xff, 0xff, 0xff, 0xff, 0xff, 0xff, 0xff, 0xff, 0xff, 0xff, 0xff,
  0xff, 0xff, 0xff, 0xff, 0xff, 0xff, 0xff, 0xff, 0xff, 0xff, 0xff, 0xff,
  0xff, 0xff, 0xff, 0xff, 0xff, 0xff, 0xff, 0xff, 0xff, 0xff, 0xff, 0xff,
  0xff, 0xff, 0xff, 0xff, 0xff, 0xff, 0xff, 0xff, 0xff, 0xff, 0xff, 0xff,
  0xff, 0xff, 0xff, 0xff, 0xff, 0xff, 0xff, 0xff, 0xff, 0xff, 0xff, 0xff,
  0xff, 0xff, 0xff, 0xff, 0xff, 0xff, 0xff, 0xff, 0xff, 0xff, 0xff, 0xff,
  0xff, 0xff, 0xff, 0xff, 0xff, 0xff, 0xff, 0xff, 0xff, 0xff, 0xff, 0xff,
  0xed, 0xed, 0xed, 0xff, 0x89, 0x89, 0x89, 0xff, 0x13, 0x14, 0x15, 0xff,
  0x21, 0x1d, 0x06, 0xff, 0xdf, 0xc5, 0x33, 0xff, 0xff, 0xe4, 0x3e, 0xff,
  0xfd, 0xe1, 0x3c, 0xff, 0xfe, 0xe1, 0x3b, 0xff, 0xfd, 0xda, 0x37, 0xff,
  0x79, 0x5a, 0x13, 0xff, 0x02, 0x02, 0x02, 0xff, 0xa1, 0xa1, 0xa1, 0xff,
  0xff, 0xff, 0xff, 0xff, 0xff, 0xff, 0xff, 0xff, 0xff, 0xff, 0xff, 0xff,
  0xff, 0xff, 0xff, 0xff, 0xff, 0xff, 0xff, 0xff, 0xff, 0xff, 0xff, 0xff,
  0xff, 0xff, 0xff, 0xff, 0xff, 0xff, 0xff, 0xff, 0xff, 0xff, 0xff, 0xff,
  0xff, 0xff, 0xff, 0xff, 0xff, 0xff, 0xff, 0xff, 0xff, 0xff, 0xff, 0xff,
  0xff, 0xff, 0xff, 0xff, 0xff, 0xff, 0xff, 0xff, 0xff, 0xff, 0xff, 0xff,
  0xff, 0xff, 0xff, 0xff, 0xff, 0xff, 0xff, 0xff, 0xff, 0xff, 0xff, 0xff,
  0xff, 0xff, 0xff, 0xff, 0xff, 0xff, 0xff, 0xff, 0xff, 0xff, 0xff, 0xff,
  0xff, 0xff, 0xff, 0xff, 0xff, 0xff, 0xff, 0xff, 0xff, 0xff, 0xff, 0xff,
  0xff, 0xff, 0xff, 0xff, 0xff, 0xff, 0xff, 0xff, 0xff, 0xff, 0xff, 0xff,
  0xff, 0xff, 0xff, 0xff, 0xff, 0xff, 0xff, 0xff, 0xff, 0xff, 0xff, 0xff,
  0xff, 0xff, 0xff, 0xff, 0xff, 0xff, 0xff, 0xff, 0xff, 0xff, 0xff, 0xff,
  0xff, 0xff, 0xff, 0xff, 0xff, 0xff, 0xff, 0xff, 0xff, 0xff, 0xff, 0xff,
  0xff, 0xff, 0xff, 0xff, 0xff, 0xff, 0xff, 0xff, 0xff, 0xff, 0xff, 0xff,
  0xff, 0xff, 0xff, 0xff, 0xff, 0xff, 0xff, 0xff, 0xff, 0xff, 0xff, 0xff,
  0xff, 0xff, 0xff, 0xff, 0xff, 0xff, 0xff, 0xff, 0xff, 0xff, 0xff, 0xff,
  0xff, 0xff, 0xff, 0xff, 0xff, 0xff, 0xff, 0xff, 0xff, 0xff, 0xff, 0xff,
  0xff, 0xff, 0xff, 0xff, 0xff, 0xff, 0xff, 0xff, 0xff, 0xff, 0xff, 0xff,
  0xff, 0xff, 0xff, 0xff, 0xff, 0xff, 0xff, 0xff, 0xff, 0xff, 0xff, 0xff,
  0xff, 0xff, 0xff, 0xff, 0xff, 0xff, 0xff, 0xff, 0xff, 0xff, 0xff, 0xff,
  0xff, 0xff, 0xff, 0xff, 0xff, 0xff, 0xff, 0xff, 0xff, 0xff, 0xff, 0xff,
  0xff, 0xff, 0xff, 0xff, 0xff, 0xff, 0xff, 0xff, 0xff, 0xff, 0xff, 0xff,
  0xff, 0xff, 0xff, 0xff, 0xff, 0xff, 0xff, 0xff, 0xff, 0xff, 0xff, 0xff,
  0xff, 0xff, 0xff, 0xff, 0xff, 0xff, 0xff, 0xff, 0xfa, 0xfa, 0xfa, 0xff,
  0x53, 0x53, 0x54, 0xff, 0x18, 0x12, 0x01, 0xff, 0xd5, 0xb5, 0x30, 0xff,
  0xff, 0xe3, 0x3d, 0xff, 0xfd, 0xe1, 0x3c, 0xff, 0xfd, 0xe1, 0x3c, 0xff,
  0xfd, 0xe1, 0x3d, 0xff, 0xf2, 0xd2, 0x35, 0xff, 0x77, 0x65, 0x17, 0xff,
  0x03, 0x03, 0x03, 0xff, 0x8c, 0x8c, 0x8c, 0xff, 0xf9, 0xf9, 0xf9, 0xff,
  0xff, 0xff, 0xff, 0xff, 0xff, 0xff, 0xff, 0xff, 0xff, 0xff, 0xff, 0xff,
  0xff, 0xff, 0xff, 0xff, 0xff, 0xff, 0xff, 0xff, 0xff, 0xff, 0xff, 0xff,
  0xff, 0xff, 0xff, 0xff, 0xff, 0xff, 0xff, 0xff, 0xff, 0xff, 0xff, 0xff,
  0xff, 0xff, 0xff, 0xff, 0xff, 0xff, 0xff, 0xff, 0xff, 0xff, 0xff, 0xff,
  0xff, 0xff, 0xff, 0xff, 0xff, 0xff, 0xff, 0xff, 0xff, 0xff, 0xff, 0xff,
  0xff, 0xff, 0xff, 0xff, 0xff, 0xff, 0xff, 0xff, 0xff, 0xff, 0xff, 0xff,
  0xff, 0xff, 0xff, 0xff, 0xff, 0xff, 0xff, 0xff, 0xff, 0xff, 0xff, 0xff,
  0xff, 0xff, 0xff, 0xff, 0xff, 0xff, 0xff, 0xff, 0xff, 0xff, 0xff, 0xff,
  0xff, 0xff, 0xff, 0xff, 0xff, 0xff, 0xff, 0xff, 0xff, 0xff, 0xff, 0xff,
  0xff, 0xff, 0xff, 0xff, 0xff, 0xff, 0xff, 0xff, 0xff, 0xff, 0xff, 0xff,
  0xff, 0xff, 0xff, 0xff, 0xff, 0xff, 0xff, 0xff, 0xff, 0xff, 0xff, 0xff,
  0xff, 0xff, 0xff, 0xff, 0xf6, 0xf6, 0xf6, 0xff, 0x62, 0x62, 0x62, 0xff,
  0x07, 0x07, 0x07, 0xff, 0x1b, 0x1c, 0x1b, 0xff, 0x19, 0x18, 0x14, 0xff,
  0x83, 0x74, 0x1e, 0xff, 0xf9, 0xdc, 0x39, 0xff, 0xfe, 0xe1, 0x3a, 0xff,
  0xfe, 0xe1, 0x3b, 0xff, 0xf9, 0xce, 0x32, 0xff, 0xb7, 0x85, 0x1d, 0xff,
  0x0a, 0x06, 0x00, 0xff, 0x7e, 0x7e, 0x7e, 0xff, 0xff, 0xff, 0xff, 0xff,
  0xff, 0xff, 0xff, 0xff, 0xff, 0xff, 0xff, 0xff, 0xff, 0xff, 0xff, 0xff,
  0xff, 0xff, 0xff, 0xff, 0xff, 0xff, 0xff, 0xff, 0xff, 0xff, 0xff, 0xff,
  0xff, 0xff, 0xff, 0xff, 0xff, 0xff, 0xff, 0xff, 0xff, 0xff, 0xff, 0xff,
  0xff, 0xff, 0xff, 0xff, 0xff, 0xff, 0xff, 0xff, 0xff, 0xff, 0xff, 0xff,
  0xff, 0xff, 0xff, 0xff, 0xff, 0xff, 0xff, 0xff, 0xff, 0xff, 0xff, 0xff,
  0xff, 0xff, 0xff, 0xff, 0xff, 0xff, 0xff, 0xff, 0xff, 0xff, 0xff, 0xff,
  0xff, 0xff, 0xff, 0xff, 0xff, 0xff, 0xff, 0xff, 0xff, 0xff, 0xff, 0xff,
  0xff, 0xff, 0xff, 0xff, 0xff, 0xff, 0xff, 0xff, 0xff, 0xff, 0xff, 0xff,
  0xff, 0xff, 0xff, 0xff, 0xff, 0xff, 0xff, 0xff, 0xff, 0xff, 0xff, 0xff,
  0xff, 0xff, 0xff, 0xff, 0xff, 0xff, 0xff, 0xff, 0xff, 0xff, 0xff, 0xff,
  0xff, 0xff, 0xff, 0xff, 0xff, 0xff, 0xff, 0xff, 0xff, 0xff, 0xff, 0xff,
  0xff, 0xff, 0xff, 0xff, 0xff, 0xff, 0xff, 0xff, 0xff, 0xff, 0xff, 0xff,
  0xff, 0xff, 0xff, 0xff, 0xff, 0xff, 0xff, 0xff, 0xff, 0xff, 0xff, 0xff,
  0xff, 0xff, 0xff, 0xff, 0xff, 0xff, 0xff, 0xff, 0xff, 0xff, 0xff, 0xff,
  0xff, 0xff, 0xff, 0xff, 0xff, 0xff, 0xff, 0xff, 0xff, 0xff, 0xff, 0xff,
  0xff, 0xff, 0xff, 0xff, 0xff, 0xff, 0xff, 0xff, 0xff, 0xff, 0xff, 0xff,
  0xff, 0xff, 0xff, 0xff, 0xff, 0xff, 0xff, 0xff, 0xff, 0xff, 0xff, 0xff,
  0xff, 0xff, 0xff, 0xff, 0xff, 0xff, 0xff, 0xff, 0xff, 0xff, 0xff, 0xff,
  0xff, 0xff, 0xff, 0xff, 0xff, 0xff, 0xff, 0xff, 0xff, 0xff, 0xff, 0xff,
  0xff, 0xff, 0xff, 0xff, 0xff, 0xff, 0xff, 0xff, 0xff, 0xff, 0xff, 0xff,
  0xff, 0xff, 0xff, 0xff, 0xff, 0xff, 0xff, 0xff, 0xff, 0xff, 0xff, 0xff,
  0xff, 0xff, 0xff, 0xff, 0xff, 0xff, 0xff, 0xff, 0xff, 0xff, 0xff, 0xff,
  0xff, 0xff, 0xff, 0xff, 0xf1, 0xf1, 0xf1, 0xff, 0x37, 0x37, 0x39, 0xff,
  0x34, 0x28, 0x08, 0xff, 0xe4, 0xb2, 0x2c, 0xff, 0xfa, 0xd6, 0x38, 0xff,
  0xfd, 0xe2, 0x3d, 0xff, 0xfd, 0xe1, 0x3d, 0xff, 0xf3, 0xce, 0x35, 0xff,
  0x7f, 0x68, 0x19, 0xff, 0x1d, 0x1b, 0x12, 0xff, 0x11, 0x11, 0x12, 0xff,
  0x0d, 0x0d, 0x0d, 0xff, 0x83, 0x83, 0x83, 0xff, 0xff, 0xff, 0xff, 0xff,
  0xff, 0xff, 0xff, 0xff, 0xff, 0xff, 0xff, 0xff, 0xff, 0xff, 0xff, 0xff,
  0xff, 0xff, 0xff, 0xff, 0xff, 0xff, 0xff, 0xff, 0xff, 0xff, 0xff, 0xff,
  0xff, 0xff, 0xff, 0xff, 0xff, 0xff, 0xff, 0xff, 0xff, 0xff, 0xff, 0xff,
  0xff, 0xff, 0xff, 0xff, 0xff, 0xff, 0xff, 0xff, 0xff, 0xff, 0xff, 0xff,
  0xff, 0xff, 0xff, 0xff, 0xff, 0xff, 0xff, 0xff, 0xff, 0xff, 0xff, 0xff,
  0xff, 0xff, 0xff, 0xff, 0xff, 0xff, 0xff, 0xff, 0xff, 0xff, 0xff, 0xff,
  0xff, 0xff, 0xff, 0xff, 0xff, 0xff, 0xff, 0xff, 0xff, 0xff, 0xff, 0xff,
  0xff, 0xff, 0xff, 0xff, 0xff, 0xff, 0xff, 0xff, 0xff, 0xff, 0xff, 0xff,
  0xff, 0xff, 0xff, 0xff, 0xff, 0xff, 0xff, 0xff, 0xff, 0xff, 0xff, 0xff,
  0xff, 0xff, 0xff, 0xff, 0xff, 0xff, 0xff, 0xff, 0xff, 0xff, 0xff, 0xff,
  0xff, 0xff, 0xff, 0xff, 0xff, 0xff, 0xff, 0xff, 0xfc, 0xfc, 0xfc, 0xff,
  0x8d, 0x8d, 0x8d, 0xff, 0x05, 0x05, 0x05, 0xff, 0x1c, 0x1c, 0x1c, 0xff,
  0x48, 0x48, 0x47, 0xff, 0x36, 0x36, 0x37, 0xff, 0x1f, 0x1b, 0x0e, 0xff,
  0xc5, 0xa0, 0x28, 0xff, 0xf8, 0xcf, 0x33, 0xff, 0xf3, 0xc7, 0x2f, 0xff,
  0xef, 0xb3, 0x28, 0xff, 0xa2, 0x79, 0x1f, 0xff, 0x04, 0x03, 0x00, 0xff,
  0x8b, 0x8b, 0x8b, 0xff, 0xff, 0xff, 0xff, 0xff, 0xff, 0xff, 0xff, 0xff,
  0xff, 0xff, 0xff, 0xff, 0xff, 0xff, 0xff, 0xff, 0xff, 0xff, 0xff, 0xff,
  0xff, 0xff, 0xff, 0xff, 0xff, 0xff, 0xff, 0xff, 0xff, 0xff, 0xff, 0xff,
  0xff, 0xff, 0xff, 0xff, 0xff, 0xff, 0xff, 0xff, 0xff, 0xff, 0xff, 0xff,
  0xff, 0xff, 0xff, 0xff, 0xff, 0xff, 0xff, 0xff, 0xff, 0xff, 0xff, 0xff,
  0xff, 0xff, 0xff, 0xff, 0xff, 0xff, 0xff, 0xff, 0xff, 0xff, 0xff, 0xff,
  0xff, 0xff, 0xff, 0xff, 0xff, 0xff, 0xff, 0xff, 0xff, 0xff, 0xff, 0xff,
  0xff, 0xff, 0xff, 0xff, 0xff, 0xff, 0xff, 0xff, 0xff, 0xff, 0xff, 0xff,
  0xff, 0xff, 0xff, 0xff, 0xff, 0xff, 0xff, 0xff, 0xff, 0xff, 0xff, 0xff,
  0xff, 0xff, 0xff, 0xff, 0xff, 0xff, 0xff, 0xff, 0xff, 0xff, 0xff, 0xff,
  0xff, 0xff, 0xff, 0xff, 0xff, 0xff, 0xff, 0xff, 0xff, 0xff, 0xff, 0xff,
  0xff, 0xff, 0xff, 0xff, 0xff, 0xff, 0xff, 0xff, 0xff, 0xff, 0xff, 0xff,
  0xff, 0xff, 0xff, 0xff, 0xff, 0xff, 0xff, 0xff, 0xff, 0xff, 0xff, 0xff,
  0xff, 0xff, 0xff, 0xff, 0xff, 0xff, 0xff, 0xff, 0xff, 0xff, 0xff, 0xff,
  0xff, 0xff, 0xff, 0xff, 0xff, 0xff, 0xff, 0xff, 0xff, 0xff, 0xff, 0xff,
  0xff, 0xff, 0xff, 0xff, 0xff, 0xff, 0xff, 0xff, 0xff, 0xff, 0xff, 0xff,
  0xff, 0xff, 0xff, 0xff, 0xff, 0xff, 0xff, 0xff, 0xff, 0xff, 0xff, 0xff,
  0xff, 0xff, 0xff, 0xff, 0xff, 0xff, 0xff, 0xff, 0xff, 0xff, 0xff, 0xff,
  0xff, 0xff, 0xff, 0xff, 0xff, 0xff, 0xff, 0xff, 0xff, 0xff, 0xff, 0xff,
  0xff, 0xff, 0xff, 0xff, 0xff, 0xff, 0xff, 0xff, 0xff, 0xff, 0xff, 0xff,
  0xff, 0xff, 0xff, 0xff, 0xff, 0xff, 0xff, 0xff, 0xff, 0xff, 0xff, 0xff,
  0xff, 0xff, 0xff, 0xff, 0xff, 0xff, 0xff, 0xff, 0xff, 0xff, 0xff, 0xff,
  0xff, 0xff, 0xff, 0xff, 0xff, 0xff, 0xff, 0xff, 0xff, 0xff, 0xff, 0xff,
  0xf9, 0xf9, 0xf9, 0xff, 0x4c, 0x4d, 0x4e, 0xff, 0x20, 0x18, 0x03, 0xff,
  0xd4, 0xa1, 0x27, 0xff, 0xf0, 0xb5, 0x29, 0xff, 0xf2, 0xc0, 0x2e, 0xff,
  0xf3, 0xbf, 0x2d, 0xff, 0xb7, 0x86, 0x1d, 0xff, 0x21, 0x1c, 0x13, 0xff,
  0x3e, 0x3e, 0x3f, 0xff, 0x45, 0x45, 0x45, 0xff, 0x1a, 0x1a, 0x1a, 0xff,
  0x13, 0x13, 0x13, 0xff, 0xaf, 0xaf, 0xaf, 0xff, 0xff, 0xff, 0xff, 0xff,
  0xff, 0xff, 0xff, 0xff, 0xff, 0xff, 0xff, 0xff, 0xff, 0xff, 0xff, 0xff,
  0xff, 0xff, 0xff, 0xff, 0xff, 0xff, 0xff, 0xff, 0xff, 0xff, 0xff, 0xff,
  0xff, 0xff, 0xff, 0xff, 0xff, 0xff, 0xff, 0xff, 0xff, 0xff, 0xff, 0xff,
  0xff, 0xff, 0xff, 0xff, 0xff, 0xff, 0xff, 0xff, 0xff, 0xff, 0xff, 0xff,
  0xff, 0xff, 0xff, 0xff, 0xff, 0xff, 0xff, 0xff, 0xff, 0xff, 0xff, 0xff,
  0xff, 0xff, 0xff, 0xff, 0xff, 0xff, 0xff, 0xff, 0xff, 0xff, 0xff, 0xff,
  0xff, 0xff, 0xff, 0xff, 0xff, 0xff, 0xff, 0xff, 0xff, 0xff, 0xff, 0xff,
  0xff, 0xff, 0xff, 0xff, 0xff, 0xff, 0xff, 0xff, 0xff, 0xff, 0xff, 0xff,
  0xff, 0xff, 0xff, 0xff, 0xff, 0xff, 0xff, 0xff, 0xff, 0xff, 0xff, 0xff,
  0xff, 0xff, 0xff, 0xff, 0xff, 0xff, 0xff, 0xff, 0xff, 0xff, 0xff, 0xff,
  0xfc, 0xfc, 0xfc, 0xff, 0x91, 0x91, 0x91, 0xff, 0x0d, 0x0d, 0x0d, 0xff,
  0x10, 0x10, 0x10, 0xff, 0x18, 0x18, 0x18, 0xff, 0x34, 0x34, 0x33, 0xff,
  0x32, 0x32, 0x31, 0xff, 0x15, 0x14, 0x13, 0xff, 0x99, 0x72, 0x1c, 0xff,
  0xef, 0xad, 0x27, 0xff, 0xeb, 0xaa, 0x26, 0xff, 0xcb, 0x97, 0x25, 0xff,
  0x38, 0x2a, 0x0a, 0xff, 0x15, 0x15, 0x17, 0xff, 0xcb, 0xcb, 0xcb, 0xff,
  0xff, 0xff, 0xff, 0xff, 0xff, 0xff, 0xff, 0xff, 0xff, 0xff, 0xff, 0xff,
  0xff, 0xff, 0xff, 0xff, 0xff, 0xff, 0xff, 0xff, 0xff, 0xff, 0xff, 0xff,
  0xff, 0xff, 0xff, 0xff, 0xff, 0xff, 0xff, 0xff, 0xff, 0xff, 0xff, 0xff,
  0xff, 0xff, 0xff, 0xff, 0xff, 0xff, 0xff, 0xff, 0xff, 0xff, 0xff, 0xff,
  0xff, 0xff, 0xff, 0xff, 0xff, 0xff, 0xff, 0xff, 0xff, 0xff, 0xff, 0xff,
  0xff, 0xff, 0xff, 0xff, 0xff, 0xff, 0xff, 0xff, 0xff, 0xff, 0xff, 0xff,
  0xff, 0xff, 0xff, 0xff, 0xff, 0xff, 0xff, 0xff, 0xff, 0xff, 0xff, 0xff,
  0xff, 0xff, 0xff, 0xff, 0xff, 0xff, 0xff, 0xff, 0xff, 0xff, 0xff, 0xff,
  0xff, 0xff, 0xff, 0xff, 0xff, 0xff, 0xff, 0xff, 0xff, 0xff, 0xff, 0xff,
  0xff, 0xff, 0xff, 0xff, 0xff, 0xff, 0xff, 0xff, 0xff, 0xff, 0xff, 0xff,
  0xff, 0xff, 0xff, 0xff, 0xff, 0xff, 0xff, 0xff, 0xff, 0xff, 0xff, 0xff,
  0xff, 0xff, 0xff, 0xff, 0xff, 0xff, 0xff, 0xff, 0xff, 0xff, 0xff, 0xff,
  0xff, 0xff, 0xff, 0xff, 0xff, 0xff, 0xff, 0xff, 0xff, 0xff, 0xff, 0xff,
  0xff, 0xff, 0xff, 0xff, 0xff, 0xff, 0xff, 0xff, 0xff, 0xff, 0xff, 0xff,
  0xff, 0xff, 0xff, 0xff, 0xff, 0xff, 0xff, 0xff, 0xff, 0xff, 0xff, 0xff,
  0xff, 0xff, 0xff, 0xff, 0xff, 0xff, 0xff, 0xff, 0xff, 0xff, 0xff, 0xff,
  0xff, 0xff, 0xff, 0xff, 0xff, 0xff, 0xff, 0xff, 0xff, 0xff, 0xff, 0xff,
  0xff, 0xff, 0xff, 0xff, 0xff, 0xff, 0xff, 0xff, 0xff, 0xff, 0xff, 0xff,
  0xff, 0xff, 0xff, 0xff, 0xff, 0xff, 0xff, 0xff, 0xff, 0xff, 0xff, 0xff,
  0xff, 0xff, 0xff, 0xff, 0xff, 0xff, 0xff, 0xff, 0xff, 0xff, 0xff, 0xff,
  0xff, 0xff, 0xff, 0xff, 0xff, 0xff, 0xff, 0xff, 0xff, 0xff, 0xff, 0xff,
  0xff, 0xff, 0xff, 0xff, 0xff, 0xff, 0xff, 0xff, 0xff, 0xff, 0xff, 0xff,
  0xff, 0xff, 0xff, 0xff, 0xff, 0xff, 0xff, 0xff, 0xff, 0xff, 0xff, 0xff,
  0x8f, 0x8f, 0x8f, 0xff, 0x02, 0x02, 0x00, 0xff, 0x6e, 0x56, 0x15, 0xff,
  0xe2, 0xab, 0x29, 0xff, 0xec, 0xaa, 0x24, 0xff, 0xed, 0xa9, 0x23, 0xff,
  0x7d, 0x59, 0x12, 0xff, 0x18, 0x18, 0x19, 0xff, 0x3a, 0x3a, 0x3a, 0xff,
  0x39, 0x39, 0x39, 0xff, 0x2c, 0x2c, 0x2b, 0xff, 0x16, 0x16, 0x16, 0xff,
  0x17, 0x17, 0x17, 0xff, 0xa0, 0xa0, 0xa0, 0xff, 0xfd, 0xfd, 0xfd, 0xff,
  0xff, 0xff, 0xff, 0xff, 0xff, 0xff, 0xff, 0xff, 0xff, 0xff, 0xff, 0xff,
  0xff, 0xff, 0xff, 0xff, 0xff, 0xff, 0xff, 0xff, 0xff, 0xff, 0xff, 0xff,
  0xff, 0xff, 0xff, 0xff, 0xff, 0xff, 0xff, 0xff, 0xff, 0xff, 0xff, 0xff,
  0xff, 0xff, 0xff, 0xff, 0xff, 0xff, 0xff, 0xff, 0xff, 0xff, 0xff, 0xff,
  0xff, 0xff, 0xff, 0xff, 0xff, 0xff, 0xff, 0xff, 0xff, 0xff, 0xff, 0xff,
  0xff, 0xff, 0xff, 0xff, 0xff, 0xff, 0xff, 0xff, 0xff, 0xff, 0xff, 0xff,
  0xff, 0xff, 0xff, 0xff, 0xff, 0xff, 0xff, 0xff, 0xff, 0xff, 0xff, 0xff,
  0xff, 0xff, 0xff, 0xff, 0xff, 0xff, 0xff, 0xff, 0xff, 0xff, 0xff, 0xff,
  0xff, 0xff, 0xff, 0xff, 0xff, 0xff, 0xff, 0xff, 0xff, 0xff, 0xff, 0xff,
  0xff, 0xff, 0xff, 0xff, 0xff, 0xff, 0xff, 0xff, 0x99, 0x99, 0x99, 0xff,
  0x0d, 0x0d, 0x0d, 0xff, 0x15, 0x15, 0x15, 0xff, 0x3c, 0x3b, 0x3a, 0xff,
  0x22, 0x21, 0x21, 0xff, 0x11, 0x11, 0x10, 0xff, 0x1d, 0x1d, 0x1c, 0xff,
  0x06, 0x06, 0x07, 0xff, 0x34, 0x27, 0x09, 0xff, 0x7d, 0x5f, 0x18, 0xff,
  0x75, 0x58, 0x17, 0xff, 0x2b, 0x20, 0x06, 0xff, 0x08, 0x08, 0x08, 0xff,
  0x8a, 0x8a, 0x8a, 0xff, 0xfd, 0xfd, 0xfd, 0xff, 0xff, 0xff, 0xff, 0xff,
  0xff, 0xff, 0xff, 0xff, 0xff, 0xff, 0xff, 0xff, 0xff, 0xff, 0xff, 0xff,
  0xff, 0xff, 0xff, 0xff, 0xff, 0xff, 0xff, 0xff, 0xff, 0xff, 0xff, 0xff,
  0xff, 0xff, 0xff, 0xff, 0xff, 0xff, 0xff, 0xff, 0xff, 0xff, 0xff, 0xff,
  0xff, 0xff, 0xff, 0xff, 0xff, 0xff, 0xff, 0xff, 0xff, 0xff, 0xff, 0xff,
  0xff, 0xff, 0xff, 0xff, 0xff, 0xff, 0xff, 0xff, 0xff, 0xff, 0xff, 0xff,
  0xff, 0xff, 0xff, 0xff, 0xff, 0xff, 0xff, 0xff, 0xff, 0xff, 0xff, 0xff,
  0xff, 0xff, 0xff, 0xff, 0xff, 0xff, 0xff, 0xff, 0xff, 0xff, 0xff, 0xff,
  0xff, 0xff, 0xff, 0xff, 0xff, 0xff, 0xff, 0xff, 0xff, 0xff, 0xff, 0xff,
  0xff, 0xff, 0xff, 0xff, 0xff, 0xff, 0xff, 0xff, 0xff, 0xff, 0xff, 0xff,
  0xff, 0xff, 0xff, 0xff, 0xff, 0xff, 0xff, 0xff, 0xff, 0xff, 0xff, 0xff,
  0xff, 0xff, 0xff, 0xff, 0xff, 0xff, 0xff, 0xff, 0xff, 0xff, 0xff, 0xff,
  0xff, 0xff, 0xff, 0xff, 0xff, 0xff, 0xff, 0xff, 0xff, 0xff, 0xff, 0xff,
  0xff, 0xff, 0xff, 0xff, 0xff, 0xff, 0xff, 0xff, 0xff, 0xff, 0xff, 0xff,
  0xff, 0xff, 0xff, 0xff, 0xff, 0xff, 0xff, 0xff, 0xff, 0xff, 0xff, 0xff,
  0xff, 0xff, 0xff, 0xff, 0xff, 0xff, 0xff, 0xff, 0xff, 0xff, 0xff, 0xff,
  0xff, 0xff, 0xff, 0xff, 0xff, 0xff, 0xff, 0xff, 0xff, 0xff, 0xff, 0xff,
  0xff, 0xff, 0xff, 0xff, 0xff, 0xff, 0xff, 0xff, 0xff, 0xff, 0xff, 0xff,
  0xff, 0xff, 0xff, 0xff, 0xff, 0xff, 0xff, 0xff, 0xff, 0xff, 0xff, 0xff,
  0xff, 0xff, 0xff, 0xff, 0xff, 0xff, 0xff, 0xff, 0xff, 0xff, 0xff, 0xff,
  0xff, 0xff, 0xff, 0xff, 0xff, 0xff, 0xff, 0xff, 0xff, 0xff, 0xff, 0xff,
  0xff, 0xff, 0xff, 0xff, 0xff, 0xff, 0xff, 0xff, 0xff, 0xff, 0xff, 0xff,
  0xff, 0xff, 0xff, 0xff, 0xff, 0xff, 0xff, 0xff, 0xff, 0xff, 0xff, 0xff,
  0xff, 0xff, 0xff, 0xff, 0xff, 0xff, 0xff, 0xff, 0xe9, 0xe9, 0xe9, 0xff,
  0x4b, 0x4b, 0x4b, 0xff, 0x02, 0x01, 0x00, 0xff, 0x3a, 0x2c, 0x09, 0xff,
  0x72, 0x52, 0x11, 0xff, 0x6d, 0x4e, 0x0f, 0xff, 0x1f, 0x15, 0x02, 0xff,
  0x0a, 0x0b, 0x0b, 0xff, 0x22, 0x22, 0x22, 0xff, 0x16, 0x16, 0x16, 0xff,
  0x36, 0x36, 0x35, 0xff, 0x4e, 0x4e, 0x4d, 0xff, 0x1c, 0x1c, 0x1b, 0xff,
  0x0e, 0x0e, 0x0e, 0xff, 0x8f, 0x8f, 0x8f, 0xff, 0xfb, 0xfb, 0xfb, 0xff,
  0xff, 0xff, 0xff, 0xff, 0xff, 0xff, 0xff, 0xff, 0xff, 0xff, 0xff, 0xff,
  0xff, 0xff, 0xff, 0xff, 0xff, 0xff, 0xff, 0xff, 0xff, 0xff, 0xff, 0xff,
  0xff, 0xff, 0xff, 0xff, 0xff, 0xff, 0xff, 0xff, 0xff, 0xff, 0xff, 0xff,
  0xff, 0xff, 0xff, 0xff, 0xff, 0xff, 0xff, 0xff, 0xff, 0xff, 0xff, 0xff,
  0xff, 0xff, 0xff, 0xff, 0xff, 0xff, 0xff, 0xff, 0xff, 0xff, 0xff, 0xff,
  0xff, 0xff, 0xff, 0xff, 0xff, 0xff, 0xff, 0xff, 0xff, 0xff, 0xff, 0xff,
  0xff, 0xff, 0xff, 0xff, 0xff, 0xff, 0xff, 0xff, 0xff, 0xff, 0xff, 0xff,
  0xff, 0xff, 0xff, 0xff, 0xff, 0xff, 0xff, 0xff, 0xff, 0xff, 0xff, 0xff,
  0xff, 0xff, 0xff, 0xff, 0xff, 0xff, 0xff, 0xff, 0xff, 0xff, 0xff, 0xff,
  0xb8, 0xb8, 0xb8, 0xff, 0x14, 0x14, 0x14, 0xff, 0x11, 0x11, 0x11, 0xff,
  0x3b, 0x3a, 0x39, 0xff, 0x2f, 0x2f, 0x2e, 0xff, 0x0c, 0x0c, 0x0b, 0xff,
  0x00, 0x00, 0x00, 0xff, 0x05, 0x05, 0x05, 0xff, 0x1f, 0x1f, 0x1f, 0xff,
  0x1c, 0x1d, 0x1e, 0xff, 0x07, 0x07, 0x08, 0xff, 0x0b, 0x0b, 0x0d, 0xff,
  0x2f, 0x30, 0x31, 0xff, 0x9d, 0x9d, 0x9d, 0xff, 0xf9, 0xf9, 0xf9, 0xff,
  0xff, 0xff, 0xff, 0xff, 0xff, 0xff, 0xff, 0xff, 0xff, 0xff, 0xff, 0xff,
  0xff, 0xff, 0xff, 0xff, 0xff, 0xff, 0xff, 0xff, 0xff, 0xff, 0xff, 0xff,
  0xff, 0xff, 0xff, 0xff, 0xff, 0xff, 0xff, 0xff, 0xff, 0xff, 0xff, 0xff,
  0xff, 0xff, 0xff, 0xff, 0xff, 0xff, 0xff, 0xff, 0xff, 0xff, 0xff, 0xff,
  0xff, 0xff, 0xff, 0xff, 0xff, 0xff, 0xff, 0xff, 0xff, 0xff, 0xff, 0xff,
  0xff, 0xff, 0xff, 0xff, 0xff, 0xff, 0xff, 0xff, 0xff, 0xff, 0xff, 0xff,
  0xff, 0xff, 0xff, 0xff, 0xff, 0xff, 0xff, 0xff, 0xff, 0xff, 0xff, 0xff,
  0xff, 0xff, 0xff, 0xff, 0xff, 0xff, 0xff, 0xff, 0xff, 0xff, 0xff, 0xff,
  0xff, 0xff, 0xff, 0xff, 0xff, 0xff, 0xff, 0xff, 0xff, 0xff, 0xff, 0xff,
  0xff, 0xff, 0xff, 0xff, 0xff, 0xff, 0xff, 0xff, 0xff, 0xff, 0xff, 0xff,
  0xff, 0xff, 0xff, 0xff, 0xff, 0xff, 0xff, 0xff, 0xff, 0xff, 0xff, 0xff,
  0xff, 0xff, 0xff, 0xff, 0xff, 0xff, 0xff, 0xff, 0xff, 0xff, 0xff, 0xff,
  0xff, 0xff, 0xff, 0xff, 0xff, 0xff, 0xff, 0xff, 0xff, 0xff, 0xff, 0xff,
  0xff, 0xff, 0xff, 0xff, 0xff, 0xff, 0xff, 0xff, 0xff, 0xff, 0xff, 0xff,
  0xff, 0xff, 0xff, 0xff, 0xff, 0xff, 0xff, 0xff, 0xff, 0xff, 0xff, 0xff,
  0xff, 0xff, 0xff, 0xff, 0xff, 0xff, 0xff, 0xff, 0xff, 0xff, 0xff, 0xff,
  0xff, 0xff, 0xff, 0xff, 0xff, 0xff, 0xff, 0xff, 0xff, 0xff, 0xff, 0xff,
  0xff, 0xff, 0xff, 0xff, 0xff, 0xff, 0xff, 0xff, 0xff, 0xff, 0xff, 0xff,
  0xff, 0xff, 0xff, 0xff, 0xff, 0xff, 0xff, 0xff, 0xff, 0xff, 0xff, 0xff,
  0xff, 0xff, 0xff, 0xff, 0xff, 0xff, 0xff, 0xff, 0xff, 0xff, 0xff, 0xff,
  0xff, 0xff, 0xff, 0xff, 0xff, 0xff, 0xff, 0xff, 0xff, 0xff, 0xff, 0xff,
  0xff, 0xff, 0xff, 0xff, 0xff, 0xff, 0xff, 0xff, 0xff, 0xff, 0xff, 0xff,
  0xff, 0xff, 0xff, 0xff, 0xff, 0xff, 0xff, 0xff, 0xff, 0xff, 0xff, 0xff,
  0xff, 0xff, 0xff, 0xff, 0xff, 0xff, 0xff, 0xff, 0xe2, 0xe2, 0xe2, 0xff,
  0x6f, 0x6f, 0x6f, 0xff, 0x21, 0x22, 0x24, 0xff, 0x0e, 0x0f, 0x10, 0xff,
  0x13, 0x14, 0x16, 0xff, 0x2a, 0x2b, 0x2c, 0xff, 0x17, 0x17, 0x17, 0xff,
  0x04, 0x04, 0x04, 0xff, 0x01, 0x01, 0x01, 0xff, 0x14, 0x14, 0x14, 0xff,
  0x3d, 0x3d, 0x3c, 0xff, 0x4e, 0x4e, 0x4d, 0xff, 0x1d, 0x1d, 0x1d, 0xff,
  0x0a, 0x0a, 0x0a, 0xff, 0x8e, 0x8e, 0x8e, 0xff, 0xfd, 0xfd, 0xfd, 0xff,
  0xff, 0xff, 0xff, 0xff, 0xff, 0xff, 0xff, 0xff, 0xff, 0xff, 0xff, 0xff,
  0xff, 0xff, 0xff, 0xff, 0xff, 0xff, 0xff, 0xff, 0xff, 0xff, 0xff, 0xff,
  0xff, 0xff, 0xff, 0xff, 0xff, 0xff, 0xff, 0xff, 0xff, 0xff, 0xff, 0xff,
  0xff, 0xff, 0xff, 0xff, 0xff, 0xff, 0xff, 0xff, 0xff, 0xff, 0xff, 0xff,
  0xff, 0xff, 0xff, 0xff, 0xff, 0xff, 0xff, 0xff, 0xff, 0xff, 0xff, 0xff,
  0xff, 0xff, 0xff, 0xff, 0xff, 0xff, 0xff, 0xff, 0xff, 0xff, 0xff, 0xff,
  0xff, 0xff, 0xff, 0xff, 0xff, 0xff, 0xff, 0xff, 0xff, 0xff, 0xff, 0xff,
  0xff, 0xff, 0xff, 0xff, 0xff, 0xff, 0xff, 0xff, 0xff, 0xff, 0xff, 0xff,
  0xff, 0xff, 0xff, 0xff, 0xdb, 0xdb, 0xdb, 0xff, 0x2f, 0x2f, 0x2f, 0xff,
  0x0a, 0x0a, 0x0a, 0xff, 0x38, 0x38, 0x37, 0xff, 0x2f, 0x2e, 0x2d, 0xff,
  0x07, 0x07, 0x06, 0xff, 0x1c, 0x1c, 0x1c, 0xff, 0x89, 0x89, 0x89, 0xff,
  0xac, 0xac, 0xac, 0xff, 0xdd, 0xdd, 0xdd, 0xff, 0xdc, 0xdc, 0xdc, 0xff,
  0xba, 0xba, 0xba, 0xff, 0xc2, 0xc2, 0xc2, 0xff, 0xe9, 0xe9, 0xe9, 0xff,
  0xff, 0xff, 0xff, 0xff, 0xff, 0xff, 0xff, 0xff, 0xff, 0xff, 0xff, 0xff,
  0xff, 0xff, 0xff, 0xff, 0xff, 0xff, 0xff, 0xff, 0xff, 0xff, 0xff, 0xff,
  0xff, 0xff, 0xff, 0xff, 0xff, 0xff, 0xff, 0xff, 0xff, 0xff, 0xff, 0xff,
  0xff, 0xff, 0xff, 0xff, 0xff, 0xff, 0xff, 0xff, 0xff, 0xff, 0xff, 0xff,
  0xff, 0xff, 0xff, 0xff, 0xff, 0xff, 0xff, 0xff, 0xff, 0xff, 0xff, 0xff,
  0xff, 0xff, 0xff, 0xff, 0xff, 0xff, 0xff, 0xff, 0xff, 0xff, 0xff, 0xff,
  0xff, 0xff, 0xff, 0xff, 0xff, 0xff, 0xff, 0xff, 0xff, 0xff, 0xff, 0xff,
  0xff, 0xff, 0xff, 0xff, 0xff, 0xff, 0xff, 0xff, 0xff, 0xff, 0xff, 0xff,
  0xff, 0xff, 0xff, 0xff, 0xff, 0xff, 0xff, 0xff, 0xff, 0xff, 0xff, 0xff,
  0xff, 0xff, 0xff, 0xff, 0xff, 0xff, 0xff, 0xff, 0xff, 0xff, 0xff, 0xff,
  0xff, 0xff, 0xff, 0xff, 0xff, 0xff, 0xff, 0xff, 0xff, 0xff, 0xff, 0xff,
  0xff, 0xff, 0xff, 0xff, 0xff, 0xff, 0xff, 0xff, 0xff, 0xff, 0xff, 0xff,
  0xff, 0xff, 0xff, 0xff, 0xff, 0xff, 0xff, 0xff, 0xff, 0xff, 0xff, 0xff,
  0xff, 0xff, 0xff, 0xff, 0xff, 0xff, 0xff, 0xff, 0xff, 0xff, 0xff, 0xff,
  0xff, 0xff, 0xff, 0xff, 0xff, 0xff, 0xff, 0xff, 0xff, 0xff, 0xff, 0xff,
  0xff, 0xff, 0xff, 0xff, 0xff, 0xff, 0xff, 0xff, 0xff, 0xff, 0xff, 0xff,
  0xff, 0xff, 0xff, 0xff, 0xff, 0xff, 0xff, 0xff, 0xff, 0xff, 0xff, 0xff,
  0xff, 0xff, 0xff, 0xff, 0xff, 0xff, 0xff, 0xff, 0xff, 0xff, 0xff, 0xff,
  0xff, 0xff, 0xff, 0xff, 0xff, 0xff, 0xff, 0xff, 0xff, 0xff, 0xff, 0xff,
  0xff, 0xff, 0xff, 0xff, 0xff, 0xff, 0xff, 0xff, 0xff, 0xff, 0xff, 0xff,
  0xff, 0xff, 0xff, 0xff, 0xff, 0xff, 0xff, 0xff, 0xff, 0xff, 0xff, 0xff,
  0xff, 0xff, 0xff, 0xff, 0xff, 0xff, 0xff, 0xff, 0xff, 0xff, 0xff, 0xff,
  0xff, 0xff, 0xff, 0xff, 0xff, 0xff, 0xff, 0xff, 0xff, 0xff, 0xff, 0xff,
  0xff, 0xff, 0xff, 0xff, 0xff, 0xff, 0xff, 0xff, 0xff, 0xff, 0xff, 0xff,
  0xff, 0xff, 0xff, 0xff, 0xff, 0xff, 0xff, 0xff, 0xfd, 0xfd, 0xfd, 0xff,
  0xe2, 0xe2, 0xe2, 0xff, 0xc8, 0xc8, 0xc8, 0xff, 0xd0, 0xd0, 0xd0, 0xff,
  0xea, 0xea, 0xea, 0xff, 0xca, 0xca, 0xca, 0xff, 0x95, 0x95, 0x95, 0xff,
  0x7f, 0x7f, 0x7f, 0xff, 0x16, 0x16, 0x16, 0xff, 0x0a, 0x0a, 0x0a, 0xff,
  0x35, 0x34, 0x34, 0xff, 0x4d, 0x4d, 0x4c, 0xff, 0x1e, 0x1e, 0x1e, 0xff,
  0x0e, 0x0e, 0x0e, 0xff, 0x9e, 0x9e, 0x9e, 0xff, 0xff, 0xff, 0xff, 0xff,
  0xff, 0xff, 0xff, 0xff, 0xff, 0xff, 0xff, 0xff, 0xff, 0xff, 0xff, 0xff,
  0xff, 0xff, 0xff, 0xff, 0xff, 0xff, 0xff, 0xff, 0xff, 0xff, 0xff, 0xff,
  0xff, 0xff, 0xff, 0xff, 0xff, 0xff, 0xff, 0xff, 0xff, 0xff, 0xff, 0xff,
  0xff, 0xff, 0xff, 0xff, 0xff, 0xff, 0xff, 0xff, 0xff, 0xff, 0xff, 0xff,
  0xff, 0xff, 0xff, 0xff, 0xff, 0xff, 0xff, 0xff, 0xff, 0xff, 0xff, 0xff,
  0xff, 0xff, 0xff, 0xff, 0xff, 0xff, 0xff, 0xff, 0xff, 0xff, 0xff, 0xff,
  0xff, 0xff, 0xff, 0xff, 0xff, 0xff, 0xff, 0xff, 0xff, 0xff, 0xff, 0xff,
  0xff, 0xff, 0xff, 0xff, 0xff, 0xff, 0xff, 0xff, 0xf8, 0xf8, 0xf8, 0xff,
  0x61, 0x61, 0x61, 0xff, 0x02, 0x02, 0x02, 0xff, 0x2e, 0x2e, 0x2d, 0xff,
  0x31, 0x30, 0x2f, 0xff, 0x07, 0x06, 0x06, 0xff, 0x1f, 0x1f, 0x1f, 0xff,
  0xb7, 0xb7, 0xb7, 0xff, 0xff, 0xff, 0xff, 0xff, 0xff, 0xff, 0xff, 0xff,
  0xff, 0xff, 0xff, 0xff, 0xff, 0xff, 0xff, 0xff, 0xff, 0xff, 0xff, 0xff,
  0xff, 0xff, 0xff, 0xff, 0xff, 0xff, 0xff, 0xff, 0xff, 0xff, 0xff, 0xff,
  0xff, 0xff, 0xff, 0xff, 0xff, 0xff, 0xff, 0xff, 0xff, 0xff, 0xff, 0xff,
  0xff, 0xff, 0xff, 0xff, 0xff, 0xff, 0xff, 0xff, 0xff, 0xff, 0xff, 0xff,
  0xff, 0xff, 0xff, 0xff, 0xff, 0xff, 0xff, 0xff, 0xff, 0xff, 0xff, 0xff,
  0xff, 0xff, 0xff, 0xff, 0xff, 0xff, 0xff, 0xff, 0xff, 0xff, 0xff, 0xff,
  0xff, 0xff, 0xff, 0xff, 0xff, 0xff, 0xff, 0xff, 0xff, 0xff, 0xff, 0xff,
  0xff, 0xff, 0xff, 0xff, 0xff, 0xff, 0xff, 0xff, 0xff, 0xff, 0xff, 0xff,
  0xff, 0xff, 0xff, 0xff, 0xff, 0xff, 0xff, 0xff, 0xff, 0xff, 0xff, 0xff,
  0xff, 0xff, 0xff, 0xff, 0xff, 0xff, 0xff, 0xff, 0xff, 0xff, 0xff, 0xff,
  0xff, 0xff, 0xff, 0xff, 0xff, 0xff, 0xff, 0xff, 0xff, 0xff, 0xff, 0xff,
  0xff, 0xff, 0xff, 0xff, 0xff, 0xff, 0xff, 0xff, 0xff, 0xff, 0xff, 0xff,
  0xff, 0xff, 0xff, 0xff, 0xff, 0xff, 0xff, 0xff, 0xff, 0xff, 0xff, 0xff,
  0xff, 0xff, 0xff, 0xff, 0xff, 0xff, 0xff, 0xff, 0xff, 0xff, 0xff, 0xff,
  0xff, 0xff, 0xff, 0xff, 0xff, 0xff, 0xff, 0xff, 0xff, 0xff, 0xff, 0xff,
  0xff, 0xff, 0xff, 0xff, 0xff, 0xff, 0xff, 0xff, 0xff, 0xff, 0xff, 0xff,
  0xff, 0xff, 0xff, 0xff, 0xff, 0xff, 0xff, 0xff, 0xff, 0xff, 0xff, 0xff,
  0xff, 0xff, 0xff, 0xff, 0xff, 0xff, 0xff, 0xff, 0xff, 0xff, 0xff, 0xff,
  0xff, 0xff, 0xff, 0xff, 0xff, 0xff, 0xff, 0xff, 0xff, 0xff, 0xff, 0xff,
  0xff, 0xff, 0xff, 0xff, 0xff, 0xff, 0xff, 0xff, 0xff, 0xff, 0xff, 0xff,
  0xff, 0xff, 0xff, 0xff, 0xff, 0xff, 0xff, 0xff, 0xff, 0xff, 0xff, 0xff,
  0xff, 0xff, 0xff, 0xff, 0xff, 0xff, 0xff, 0xff, 0xff, 0xff, 0xff, 0xff,
  0xff, 0xff, 0xff, 0xff, 0xff, 0xff, 0xff, 0xff, 0xff, 0xff, 0xff, 0xff,
  0xff, 0xff, 0xff, 0xff, 0xff, 0xff, 0xff, 0xff, 0xff, 0xff, 0xff, 0xff,
  0xff, 0xff, 0xff, 0xff, 0xff, 0xff, 0xff, 0xff, 0xff, 0xff, 0xff, 0xff,
  0xff, 0xff, 0xff, 0xff, 0xff, 0xff, 0xff, 0xff, 0xff, 0xff, 0xff, 0xff,
  0xff, 0xff, 0xff, 0xff, 0xff, 0xff, 0xff, 0xff, 0xff, 0xff, 0xff, 0xff,
  0xff, 0xff, 0xff, 0xff, 0xff, 0xff, 0xff, 0xff, 0xff, 0xff, 0xff, 0xff,
  0xff, 0xff, 0xff, 0xff, 0xff, 0xff, 0xff, 0xff, 0xff, 0xff, 0xff, 0xff,
  0xae, 0xae, 0xae, 0xff, 0x21, 0x21, 0x21, 0xff, 0x04, 0x03, 0x03, 0xff,
  0x2c, 0x2c, 0x2b, 0xff, 0x4b, 0x4a, 0x49, 0xff, 0x19, 0x19, 0x18, 0xff,
  0x16, 0x16, 0x16, 0xff, 0xb9, 0xb9, 0xb9, 0xff, 0xff, 0xff, 0xff, 0xff,
  0xff, 0xff, 0xff, 0xff, 0xff, 0xff, 0xff, 0xff, 0xff, 0xff, 0xff, 0xff,
  0xff, 0xff, 0xff, 0xff, 0xff, 0xff, 0xff, 0xff, 0xff, 0xff, 0xff, 0xff,
  0xff, 0xff, 0xff, 0xff, 0xff, 0xff, 0xff, 0xff, 0xff, 0xff, 0xff, 0xff,
  0xff, 0xff, 0xff, 0xff, 0xff, 0xff, 0xff, 0xff, 0xff, 0xff, 0xff, 0xff,
  0xff, 0xff, 0xff, 0xff, 0xff, 0xff, 0xff, 0xff, 0xff, 0xff, 0xff, 0xff,
  0xff, 0xff, 0xff, 0xff, 0xff, 0xff, 0xff, 0xff, 0xff, 0xff, 0xff, 0xff,
  0xff, 0xff, 0xff, 0xff, 0xff, 0xff, 0xff, 0xff, 0xff, 0xff, 0xff, 0xff,
  0xff, 0xff, 0xff, 0xff, 0xa9, 0xa9, 0xa9, 0xff, 0x09, 0x09, 0x09, 0xff,
  0x1c, 0x1c, 0x1b, 0xff, 0x33, 0x32, 0x32, 0xff, 0x0a, 0x0a, 0x09, 0xff,
  0x1d, 0x1d, 0x1d, 0xff, 0xb9, 0xb9, 0xb9, 0xff, 0xff, 0xff, 0xff, 0xff,
  0xff, 0xff, 0xff, 0xff, 0xff, 0xff, 0xff, 0xff, 0xff, 0xff, 0xff, 0xff,
  0xff, 0xff, 0xff, 0xff, 0xff, 0xff, 0xff, 0xff, 0xff, 0xff, 0xff, 0xff,
  0xff, 0xff, 0xff, 0xff, 0xff, 0xff, 0xff, 0xff, 0xff, 0xff, 0xff, 0xff,
  0xff, 0xff, 0xff, 0xff, 0xff, 0xff, 0xff, 0xff, 0xff, 0xff, 0xff, 0xff,
  0xff, 0xff, 0xff, 0xff, 0xff, 0xff, 0xff, 0xff, 0xff, 0xff, 0xff, 0xff,
  0xff, 0xff, 0xff, 0xff, 0xff, 0xff, 0xff, 0xff, 0xff, 0xff, 0xff, 0xff,
  0xff, 0xff, 0xff, 0xff, 0xff, 0xff, 0xff, 0xff, 0xff, 0xff, 0xff, 0xff,
  0xff, 0xff, 0xff, 0xff, 0xff, 0xff, 0xff, 0xff, 0xff, 0xff, 0xff, 0xff,
  0xff, 0xff, 0xff, 0xff, 0xff, 0xff, 0xff, 0xff, 0xff, 0xff, 0xff, 0xff,
  0xff, 0xff, 0xff, 0xff, 0xff, 0xff, 0xff, 0xff, 0xff, 0xff, 0xff, 0xff,
  0xff, 0xff, 0xff, 0xff, 0xff, 0xff, 0xff, 0xff, 0xff, 0xff, 0xff, 0xff,
  0xff, 0xff, 0xff, 0xff, 0xff, 0xff, 0xff, 0xff, 0xff, 0xff, 0xff, 0xff,
  0xff, 0xff, 0xff, 0xff, 0xff, 0xff, 0xff, 0xff, 0xff, 0xff, 0xff, 0xff,
  0xff, 0xff, 0xff, 0xff, 0xff, 0xff, 0xff, 0xff, 0xff, 0xff, 0xff, 0xff,
  0xff, 0xff, 0xff, 0xff, 0xff, 0xff, 0xff, 0xff, 0xff, 0xff, 0xff, 0xff,
  0xff, 0xff, 0xff, 0xff, 0xff, 0xff, 0xff, 0xff, 0xff, 0xff, 0xff, 0xff,
  0xff, 0xff, 0xff, 0xff, 0xff, 0xff, 0xff, 0xff, 0xff, 0xff, 0xff, 0xff,
  0xff, 0xff, 0xff, 0xff, 0xff, 0xff, 0xff, 0xff, 0xff, 0xff, 0xff, 0xff,
  0xff, 0xff, 0xff, 0xff, 0xff, 0xff, 0xff, 0xff, 0xff, 0xff, 0xff, 0xff,
  0xff, 0xff, 0xff, 0xff, 0xff, 0xff, 0xff, 0xff, 0xff, 0xff, 0xff, 0xff,
  0xff, 0xff, 0xff, 0xff, 0xff, 0xff, 0xff, 0xff, 0xff, 0xff, 0xff, 0xff,
  0xff, 0xff, 0xff, 0xff, 0xff, 0xff, 0xff, 0xff, 0xff, 0xff, 0xff, 0xff,
  0xff, 0xff, 0xff, 0xff, 0xff, 0xff, 0xff, 0xff, 0xff, 0xff, 0xff, 0xff,
  0xff, 0xff, 0xff, 0xff, 0xff, 0xff, 0xff, 0xff, 0xff, 0xff, 0xff, 0xff,
  0xff, 0xff, 0xff, 0xff, 0xff, 0xff, 0xff, 0xff, 0xff, 0xff, 0xff, 0xff,
  0xff, 0xff, 0xff, 0xff, 0xff, 0xff, 0xff, 0xff, 0xff, 0xff, 0xff, 0xff,
  0xff, 0xff, 0xff, 0xff, 0xff, 0xff, 0xff, 0xff, 0xff, 0xff, 0xff, 0xff,
  0xff, 0xff, 0xff, 0xff, 0xff, 0xff, 0xff, 0xff, 0xff, 0xff, 0xff, 0xff,
  0xff, 0xff, 0xff, 0xff, 0xff, 0xff, 0xff, 0xff, 0xff, 0xff, 0xff, 0xff,
  0xff, 0xff, 0xff, 0xff, 0xff, 0xff, 0xff, 0xff, 0xff, 0xff, 0xff, 0xff,
  0xc4, 0xc4, 0xc4, 0xff, 0x2f, 0x2f, 0x2f, 0xff, 0x01, 0x01, 0x01, 0xff,
  0x2c, 0x2b, 0x2a, 0xff, 0x42, 0x41, 0x3e, 0xff, 0x0d, 0x0c, 0x0c, 0xff,
  0x31, 0x31, 0x31, 0xff, 0xdc, 0xdc, 0xdc, 0xff, 0xff, 0xff, 0xff, 0xff,
  0xff, 0xff, 0xff, 0xff, 0xff, 0xff, 0xff, 0xff, 0xff, 0xff, 0xff, 0xff,
  0xff, 0xff, 0xff, 0xff, 0xff, 0xff, 0xff, 0xff, 0xff, 0xff, 0xff, 0xff,
  0xff, 0xff, 0xff, 0xff, 0xff, 0xff, 0xff, 0xff, 0xff, 0xff, 0xff, 0xff,
  0xff, 0xff, 0xff, 0xff, 0xff, 0xff, 0xff, 0xff, 0xff, 0xff, 0xff, 0xff,
  0xff, 0xff, 0xff, 0xff, 0xff, 0xff, 0xff, 0xff, 0xff, 0xff, 0xff, 0xff,
  0xff, 0xff, 0xff, 0xff, 0xff, 0xff, 0xff, 0xff, 0xff, 0xff, 0xff, 0xff,
  0xff, 0xff, 0xff, 0xff, 0xff, 0xff, 0xff, 0xff, 0xe7, 0xe7, 0xe7, 0xff,
  0x36, 0x36, 0x36, 0xff, 0x05, 0x05, 0x05, 0xff, 0x29, 0x28, 0x28, 0xff,
  0x11, 0x10, 0x10, 0xff, 0x14, 0x14, 0x14, 0xff, 0xaf, 0xaf, 0xaf, 0xff,
  0xff, 0xff, 0xff, 0xff, 0xff, 0xff, 0xff, 0xff, 0xff, 0xff, 0xff, 0xff,
  0xff, 0xff, 0xff, 0xff, 0xff, 0xff, 0xff, 0xff, 0xff, 0xff, 0xff, 0xff,
  0xff, 0xff, 0xff, 0xff, 0xff, 0xff, 0xff, 0xff, 0xff, 0xff, 0xff, 0xff,
  0xff, 0xff, 0xff, 0xff, 0xff, 0xff, 0xff, 0xff, 0xff, 0xff, 0xff, 0xff,
  0xff, 0xff, 0xff, 0xff, 0xff, 0xff, 0xff, 0xff, 0xff, 0xff, 0xff, 0xff,
  0xff, 0xff, 0xff, 0xff, 0xff, 0xff, 0xff, 0xff, 0xff, 0xff, 0xff, 0xff,
  0xff, 0xff, 0xff, 0xff, 0xff, 0xff, 0xff, 0xff, 0xff, 0xff, 0xff, 0xff,
  0xff, 0xff, 0xff, 0xff, 0xff, 0xff, 0xff, 0xff, 0xff, 0xff, 0xff, 0xff,
  0xff, 0xff, 0xff, 0xff, 0xff, 0xff, 0xff, 0xff, 0xff, 0xff, 0xff, 0xff,
  0xff, 0xff, 0xff, 0xff, 0xff, 0xff, 0xff, 0xff, 0xff, 0xff, 0xff, 0xff,
  0xff, 0xff, 0xff, 0xff, 0xff, 0xff, 0xff, 0xff, 0xff, 0xff, 0xff, 0xff,
  0xff, 0xff, 0xff, 0xff, 0xff, 0xff, 0xff, 0xff, 0xff, 0xff, 0xff, 0xff,
  0xff, 0xff, 0xff, 0xff, 0xff, 0xff, 0xff, 0xff, 0xff, 0xff, 0xff, 0xff,
  0xff, 0xff, 0xff, 0xff, 0xff, 0xff, 0xff, 0xff, 0xff, 0xff, 0xff, 0xff,
  0xff, 0xff, 0xff, 0xff, 0xff, 0xff, 0xff, 0xff, 0xff, 0xff, 0xff, 0xff,
  0xff, 0xff, 0xff, 0xff, 0xff, 0xff, 0xff, 0xff, 0xff, 0xff, 0xff, 0xff,
  0xff, 0xff, 0xff, 0xff, 0xff, 0xff, 0xff, 0xff, 0xff, 0xff, 0xff, 0xff,
  0xff, 0xff, 0xff, 0xff, 0xff, 0xff, 0xff, 0xff, 0xff, 0xff, 0xff, 0xff,
  0xff, 0xff, 0xff, 0xff, 0xff, 0xff, 0xff, 0xff, 0xff, 0xff, 0xff, 0xff,
  0xff, 0xff, 0xff, 0xff, 0xff, 0xff, 0xff, 0xff, 0xff, 0xff, 0xff, 0xff,
  0xff, 0xff, 0xff, 0xff, 0xff, 0xff, 0xff, 0xff, 0xff, 0xff, 0xff, 0xff,
  0xff, 0xff, 0xff, 0xff, 0xff, 0xff, 0xff, 0xff, 0xff, 0xff, 0xff, 0xff,
  0xff, 0xff, 0xff, 0xff, 0xff, 0xff, 0xff, 0xff, 0xff, 0xff, 0xff, 0xff,
  0xff, 0xff, 0xff, 0xff, 0xff, 0xff, 0xff, 0xff, 0xff, 0xff, 0xff, 0xff,
  0xff, 0xff, 0xff, 0xff, 0xff, 0xff, 0xff, 0xff, 0xff, 0xff, 0xff, 0xff,
  0xff, 0xff, 0xff, 0xff, 0xff, 0xff, 0xff, 0xff, 0xff, 0xff, 0xff, 0xff,
  0xff, 0xff, 0xff, 0xff, 0xff, 0xff, 0xff, 0xff, 0xff, 0xff, 0xff, 0xff,
  0xff, 0xff, 0xff, 0xff, 0xff, 0xff, 0xff, 0xff, 0xff, 0xff, 0xff, 0xff,
  0xff, 0xff, 0xff, 0xff, 0xff, 0xff, 0xff, 0xff, 0xff, 0xff, 0xff, 0xff,
  0xff, 0xff, 0xff, 0xff, 0xff, 0xff, 0xff, 0xff, 0xff, 0xff, 0xff, 0xff,
  0xff, 0xff, 0xff, 0xff, 0xff, 0xff, 0xff, 0xff, 0xff, 0xff, 0xff, 0xff,
  0xcf, 0xcf, 0xcf, 0xff, 0x34, 0x34, 0x34, 0xff, 0x03, 0x03, 0x03, 0xff,
  0x34, 0x33, 0x32, 0xff, 0x39, 0x39, 0x37, 0xff, 0x05, 0x04, 0x04, 0xff,
  0x60, 0x60, 0x60, 0xff, 0xf7, 0xf7, 0xf7, 0xff, 0xff, 0xff, 0xff, 0xff,
  0xff, 0xff, 0xff, 0xff, 0xff, 0xff, 0xff, 0xff, 0xff, 0xff, 0xff, 0xff,
  0xff, 0xff, 0xff, 0xff, 0xff, 0xff, 0xff, 0xff, 0xff, 0xff, 0xff, 0xff,
  0xff, 0xff, 0xff, 0xff, 0xff, 0xff, 0xff, 0xff, 0xff, 0xff, 0xff, 0xff,
  0xff, 0xff, 0xff, 0xff, 0xff, 0xff, 0xff, 0xff, 0xff, 0xff, 0xff, 0xff,
  0xff, 0xff, 0xff, 0xff, 0xff, 0xff, 0xff, 0xff, 0xff, 0xff, 0xff, 0xff,
  0xff, 0xff, 0xff, 0xff, 0xff, 0xff, 0xff, 0xff, 0xff, 0xff, 0xff, 0xff,
  0xff, 0xff, 0xff, 0xff, 0x8f, 0x8f, 0x8f, 0xff, 0x02, 0x02, 0x02, 0xff,
  0x1c, 0x1b, 0x1b, 0xff, 0x1a, 0x19, 0x19, 0xff, 0x05, 0x05, 0x05, 0xff,
  0x8b, 0x8b, 0x8b, 0xff, 0xff, 0xff, 0xff, 0xff, 0xff, 0xff, 0xff, 0xff,
  0xff, 0xff, 0xff, 0xff, 0xff, 0xff, 0xff, 0xff, 0xff, 0xff, 0xff, 0xff,
  0xff, 0xff, 0xff, 0xff, 0xff, 0xff, 0xff, 0xff, 0xff, 0xff, 0xff, 0xff,
  0xff, 0xff, 0xff, 0xff, 0xff, 0xff, 0xff, 0xff, 0xff, 0xff, 0xff, 0xff,
  0xff, 0xff, 0xff, 0xff, 0xff, 0xff, 0xff, 0xff, 0xff, 0xff, 0xff, 0xff,
  0xff, 0xff, 0xff, 0xff, 0xff, 0xff, 0xff, 0xff, 0xff, 0xff, 0xff, 0xff,
  0xff, 0xff, 0xff, 0xff, 0xff, 0xff, 0xff, 0xff, 0xff, 0xff, 0xff, 0xff,
  0xff, 0xff, 0xff, 0xff, 0xff, 0xff, 0xff, 0xff, 0xff, 0xff, 0xff, 0xff,
  0xff, 0xff, 0xff, 0xff, 0xff, 0xff, 0xff, 0xff, 0xff, 0xff, 0xff, 0xff,
  0xff, 0xff, 0xff, 0xff, 0xff, 0xff, 0xff, 0xff, 0xff, 0xff, 0xff, 0xff,
  0xff, 0xff, 0xff, 0xff, 0xff, 0xff, 0xff, 0xff, 0xff, 0xff, 0xff, 0xff,
  0xff, 0xff, 0xff, 0xff, 0xff, 0xff, 0xff, 0xff, 0xff, 0xff, 0xff, 0xff,
  0xff, 0xff, 0xff, 0xff, 0xff, 0xff, 0xff, 0xff, 0xff, 0xff, 0xff, 0xff,
  0xff, 0xff, 0xff, 0xff, 0xff, 0xff, 0xff, 0xff, 0xff, 0xff, 0xff, 0xff,
  0xff, 0xff, 0xff, 0xff, 0xff, 0xff, 0xff, 0xff, 0xff, 0xff, 0xff, 0xff,
  0xff, 0xff, 0xff, 0xff, 0xff, 0xff, 0xff, 0xff, 0xff, 0xff, 0xff, 0xff,
  0xff, 0xff, 0xff, 0xff, 0xff, 0xff, 0xff, 0xff, 0xff, 0xff, 0xff, 0xff,
  0xff, 0xff, 0xff, 0xff, 0xff, 0xff, 0xff, 0xff, 0xff, 0xff, 0xff, 0xff,
  0xff, 0xff, 0xff, 0xff, 0xff, 0xff, 0xff, 0xff, 0xff, 0xff, 0xff, 0xff,
  0xff, 0xff, 0xff, 0xff, 0xff, 0xff, 0xff, 0xff, 0xff, 0xff, 0xff, 0xff,
  0xff, 0xff, 0xff, 0xff, 0xff, 0xff, 0xff, 0xff, 0xff, 0xff, 0xff, 0xff,
  0xff, 0xff, 0xff, 0xff, 0xff, 0xff, 0xff, 0xff, 0xff, 0xff, 0xff, 0xff,
  0xff, 0xff, 0xff, 0xff, 0xff, 0xff, 0xff, 0xff, 0xff, 0xff, 0xff, 0xff,
  0xff, 0xff, 0xff, 0xff, 0xff, 0xff, 0xff, 0xff, 0xff, 0xff, 0xff, 0xff,
  0xff, 0xff, 0xff, 0xff, 0xff, 0xff, 0xff, 0xff, 0xff, 0xff, 0xff, 0xff,
  0xff, 0xff, 0xff, 0xff, 0xff, 0xff, 0xff, 0xff, 0xff, 0xff, 0xff, 0xff,
  0xff, 0xff, 0xff, 0xff, 0xff, 0xff, 0xff, 0xff, 0xff, 0xff, 0xff, 0xff,
  0xff, 0xff, 0xff, 0xff, 0xff, 0xff, 0xff, 0xff, 0xff, 0xff, 0xff, 0xff,
  0xff, 0xff, 0xff, 0xff, 0xff, 0xff, 0xff, 0xff, 0xff, 0xff, 0xff, 0xff,
  0xff, 0xff, 0xff, 0xff, 0xff, 0xff, 0xff, 0xff, 0xff, 0xff, 0xff, 0xff,
  0xff, 0xff, 0xff, 0xff, 0xff, 0xff, 0xff, 0xff, 0xff, 0xff, 0xff, 0xff,
  0xff, 0xff, 0xff, 0xff, 0xff, 0xff, 0xff, 0xff, 0xff, 0xff, 0xff, 0xff,
  0xcf, 0xcf, 0xcf, 0xff, 0x2f, 0x2f, 0x2f, 0xff, 0x09, 0x08, 0x08, 0xff,
  0x3b, 0x3a, 0x38, 0xff, 0x27, 0x26, 0x25, 0xff, 0x09, 0x09, 0x09, 0xff,
  0xa5, 0xa5, 0xa5, 0xff, 0xff, 0xff, 0xff, 0xff, 0xff, 0xff, 0xff, 0xff,
  0xff, 0xff, 0xff, 0xff, 0xff, 0xff, 0xff, 0xff, 0xff, 0xff, 0xff, 0xff,
  0xff, 0xff, 0xff, 0xff, 0xff, 0xff, 0xff, 0xff, 0xff, 0xff, 0xff, 0xff,
  0xff, 0xff, 0xff, 0xff, 0xff, 0xff, 0xff, 0xff, 0xff, 0xff, 0xff, 0xff,
  0xff, 0xff, 0xff, 0xff, 0xff, 0xff, 0xff, 0xff, 0xff, 0xff, 0xff, 0xff,
  0xff, 0xff, 0xff, 0xff, 0xff, 0xff, 0xff, 0xff, 0xff, 0xff, 0xff, 0xff,
  0xff, 0xff, 0xff, 0xff, 0xff, 0xff, 0xff, 0xff, 0xe5, 0xe5, 0xe5, 0xff,
  0x2e, 0x2e, 0x2e, 0xff, 0x0c, 0x0b, 0x0b, 0xff, 0x23, 0x22, 0x21, 0xff,
  0x03, 0x03, 0x03, 0xff, 0x54, 0x54, 0x54, 0xff, 0xf3, 0xf3, 0xf3, 0xff,
  0xff, 0xff, 0xff, 0xff, 0xff, 0xff, 0xff, 0xff, 0xff, 0xff, 0xff, 0xff,
  0xff, 0xff, 0xff, 0xff, 0xff, 0xff, 0xff, 0xff, 0xff, 0xff, 0xff, 0xff,
  0xff, 0xff, 0xff, 0xff, 0xff, 0xff, 0xff, 0xff, 0xff, 0xff, 0xff, 0xff,
  0xff, 0xff, 0xff, 0xff, 0xff, 0xff, 0xff, 0xff, 0xff, 0xff, 0xff, 0xff,
  0xff, 0xff, 0xff, 0xff, 0xff, 0xff, 0xff, 0xff, 0xff, 0xff, 0xff, 0xff,
  0xff, 0xff, 0xff, 0xff, 0xff, 0xff, 0xff, 0xff, 0xff, 0xff, 0xff, 0xff,
  0xff, 0xff, 0xff, 0xff, 0xff, 0xff, 0xff, 0xff, 0xff, 0xff, 0xff, 0xff,
  0xff, 0xff, 0xff, 0xff, 0xff, 0xff, 0xff, 0xff, 0xff, 0xff, 0xff, 0xff,
  0xff, 0xff, 0xff, 0xff, 0xff, 0xff, 0xff, 0xff, 0xff, 0xff, 0xff, 0xff,
  0xff, 0xff, 0xff, 0xff, 0xff, 0xff, 0xff, 0xff, 0xff, 0xff, 0xff, 0xff,
  0xff, 0xff, 0xff, 0xff, 0xff, 0xff, 0xff, 0xff, 0xff, 0xff, 0xff, 0xff,
  0xff, 0xff, 0xff, 0xff, 0xff, 0xff, 0xff, 0xff, 0xff, 0xff, 0xff, 0xff,
  0xff, 0xff, 0xff, 0xff, 0xff, 0xff, 0xff, 0xff, 0xff, 0xff, 0xff, 0xff,
  0xff, 0xff, 0xff, 0xff, 0xff, 0xff, 0xff, 0xff, 0xff, 0xff, 0xff, 0xff,
  0xff, 0xff, 0xff, 0xff, 0xff, 0xff, 0xff, 0xff, 0xff, 0xff, 0xff, 0xff,
  0xff, 0xff, 0xff, 0xff, 0xff, 0xff, 0xff, 0xff, 0xff, 0xff, 0xff, 0xff,
  0xff, 0xff, 0xff, 0xff, 0xff, 0xff, 0xff, 0xff, 0xff, 0xff, 0xff, 0xff,
  0xff, 0xff, 0xff, 0xff, 0xff, 0xff, 0xff, 0xff, 0xff, 0xff, 0xff, 0xff,
  0xff, 0xff, 0xff, 0xff, 0xff, 0xff, 0xff, 0xff, 0xff, 0xff, 0xff, 0xff,
  0xff, 0xff, 0xff, 0xff, 0xff, 0xff, 0xff, 0xff, 0xff, 0xff, 0xff, 0xff,
  0xff, 0xff, 0xff, 0xff, 0xff, 0xff, 0xff, 0xff, 0xff, 0xff, 0xff, 0xff,
  0xff, 0xff, 0xff, 0xff, 0xff, 0xff, 0xff, 0xff, 0xff, 0xff, 0xff, 0xff,
  0xff, 0xff, 0xff, 0xff, 0xff, 0xff, 0xff, 0xff, 0xff, 0xff, 0xff, 0xff,
  0xff, 0xff, 0xff, 0xff, 0xff, 0xff, 0xff, 0xff, 0xff, 0xff, 0xff, 0xff,
  0xff, 0xff, 0xff, 0xff, 0xff, 0xff, 0xff, 0xff, 0xff, 0xff, 0xff, 0xff,
  0xff, 0xff, 0xff, 0xff, 0xff, 0xff, 0xff, 0xff, 0xff, 0xff, 0xff, 0xff,
  0xff, 0xff, 0xff, 0xff, 0xff, 0xff, 0xff, 0xff, 0xff, 0xff, 0xff, 0xff,
  0xff, 0xff, 0xff, 0xff, 0xff, 0xff, 0xff, 0xff, 0xff, 0xff, 0xff, 0xff,
  0xff, 0xff, 0xff, 0xff, 0xff, 0xff, 0xff, 0xff, 0xff, 0xff, 0xff, 0xff,
  0xff, 0xff, 0xff, 0xff, 0xff, 0xff, 0xff, 0xff, 0xff, 0xff, 0xff, 0xff,
  0xff, 0xff, 0xff, 0xff, 0xff, 0xff, 0xff, 0xff, 0xff, 0xff, 0xff, 0xff,
  0xff, 0xff, 0xff, 0xff, 0xff, 0xff, 0xff, 0xff, 0xff, 0xff, 0xff, 0xff,
  0xc1, 0xc1, 0xc1, 0xff, 0x1c, 0x1c, 0x1c, 0xff, 0x11, 0x10, 0x10, 0xff,
  0x38, 0x37, 0x35, 0xff, 0x10, 0x10, 0x0f, 0xff, 0x30, 0x30, 0x30, 0xff,
  0xe3, 0xe3, 0xe3, 0xff, 0xff, 0xff, 0xff, 0xff, 0xff, 0xff, 0xff, 0xff,
  0xff, 0xff, 0xff, 0xff, 0xff, 0xff, 0xff, 0xff, 0xff, 0xff, 0xff, 0xff,
  0xff, 0xff, 0xff, 0xff, 0xff, 0xff, 0xff, 0xff, 0xff, 0xff, 0xff, 0xff,
  0xff, 0xff, 0xff, 0xff, 0xff, 0xff, 0xff, 0xff, 0xff, 0xff, 0xff, 0xff,
  0xff, 0xff, 0xff, 0xff, 0xff, 0xff, 0xff, 0xff, 0xf4, 0xf4, 0xf4, 0xff,
  0xdb, 0xdb, 0xdb, 0xff, 0xb9, 0xb9, 0xb9, 0xff, 0xa3, 0xa3, 0xa3, 0xff,
  0x95, 0x95, 0x95, 0xff, 0x5d, 0x5d, 0x5d, 0xff, 0x04, 0x04, 0x04, 0xff,
  0x1d, 0x1c, 0x1b, 0xff, 0x10, 0x0f, 0x0f, 0xff, 0x1c, 0x1c, 0x1c, 0xff,
  0xd0, 0xd0, 0xd0, 0xff, 0xff, 0xff, 0xff, 0xff, 0xff, 0xff, 0xff, 0xff,
  0xff, 0xff, 0xff, 0xff, 0xff, 0xff, 0xff, 0xff, 0xff, 0xff, 0xff, 0xff,
  0xff, 0xff, 0xff, 0xff, 0xff, 0xff, 0xff, 0xff, 0xff, 0xff, 0xff, 0xff,
  0xff, 0xff, 0xff, 0xff, 0xff, 0xff, 0xff, 0xff, 0xff, 0xff, 0xff, 0xff,
  0xff, 0xff, 0xff, 0xff, 0xff, 0xff, 0xff, 0xff, 0xff, 0xff, 0xff, 0xff,
  0xff, 0xff, 0xff, 0xff, 0xff, 0xff, 0xff, 0xff, 0xff, 0xff, 0xff, 0xff,
  0xff, 0xff, 0xff, 0xff, 0xff, 0xff, 0xff, 0xff, 0xff, 0xff, 0xff, 0xff,
  0xff, 0xff, 0xff, 0xff, 0xff, 0xff, 0xff, 0xff, 0xff, 0xff, 0xff, 0xff,
  0xff, 0xff, 0xff, 0xff, 0xff, 0xff, 0xff, 0xff, 0xff, 0xff, 0xff, 0xff,
  0xff, 0xff, 0xff, 0xff, 0xff, 0xff, 0xff, 0xff, 0xff, 0xff, 0xff, 0xff,
  0xff, 0xff, 0xff, 0xff, 0xff, 0xff, 0xff, 0xff, 0xff, 0xff, 0xff, 0xff,
  0xff, 0xff, 0xff, 0xff, 0xff, 0xff, 0xff, 0xff, 0xff, 0xff, 0xff, 0xff,
  0xff, 0xff, 0xff, 0xff, 0xff, 0xff, 0xff, 0xff, 0xff, 0xff, 0xff, 0xff,
  0xff, 0xff, 0xff, 0xff, 0xff, 0xff, 0xff, 0xff, 0xff, 0xff, 0xff, 0xff,
  0xff, 0xff, 0xff, 0xff, 0xff, 0xff, 0xff, 0xff, 0xff, 0xff, 0xff, 0xff,
  0xff, 0xff, 0xff, 0xff, 0xff, 0xff, 0xff, 0xff, 0xff, 0xff, 0xff, 0xff,
  0xff, 0xff, 0xff, 0xff, 0xff, 0xff, 0xff, 0xff, 0xff, 0xff, 0xff, 0xff,
  0xff, 0xff, 0xff, 0xff, 0xff, 0xff, 0xff, 0xff, 0xff, 0xff, 0xff, 0xff,
  0xff, 0xff, 0xff, 0xff, 0xff, 0xff, 0xff, 0xff, 0xff, 0xff, 0xff, 0xff,
  0xff, 0xff, 0xff, 0xff, 0xff, 0xff, 0xff, 0xff, 0xff, 0xff, 0xff, 0xff,
  0xff, 0xff, 0xff, 0xff, 0xff, 0xff, 0xff, 0xff, 0xff, 0xff, 0xff, 0xff,
  0xff, 0xff, 0xff, 0xff, 0xff, 0xff, 0xff, 0xff, 0xff, 0xff, 0xff, 0xff,
  0xff, 0xff, 0xff, 0xff, 0xff, 0xff, 0xff, 0xff, 0xff, 0xff, 0xff, 0xff,
  0xff, 0xff, 0xff, 0xff, 0xff, 0xff, 0xff, 0xff, 0xff, 0xff, 0xff, 0xff,
  0xff, 0xff, 0xff, 0xff, 0xff, 0xff, 0xff, 0xff, 0xff, 0xff, 0xff, 0xff,
  0xff, 0xff, 0xff, 0xff, 0xff, 0xff, 0xff, 0xff, 0xff, 0xff, 0xff, 0xff,
  0xff, 0xff, 0xff, 0xff, 0xff, 0xff, 0xff, 0xff, 0xff, 0xff, 0xff, 0xff,
  0xff, 0xff, 0xff, 0xff, 0xff, 0xff, 0xff, 0xff, 0xff, 0xff, 0xff, 0xff,
  0xff, 0xff, 0xff, 0xff, 0xff, 0xff, 0xff, 0xff, 0xff, 0xff, 0xff, 0xff,
  0xff, 0xff, 0xff, 0xff, 0xff, 0xff, 0xff, 0xff, 0xff, 0xff, 0xff, 0xff,
  0xff, 0xff, 0xff, 0xff, 0xff, 0xff, 0xff, 0xff, 0xff, 0xff, 0xff, 0xff,
  0xff, 0xff, 0xff, 0xff, 0xff, 0xff, 0xff, 0xff, 0xff, 0xff, 0xff, 0xff,
  0xff, 0xff, 0xff, 0xff, 0xff, 0xff, 0xff, 0xff, 0xff, 0xff, 0xff, 0xff,
  0xa1, 0xa1, 0xa1, 0xff, 0x0c, 0x0c, 0x0c, 0xff, 0x18, 0x18, 0x17, 0xff,
  0x28, 0x27, 0x26, 0xff, 0x04, 0x04, 0x04, 0xff, 0x83, 0x83, 0x83, 0xff,
  0xff, 0xff, 0xff, 0xff, 0xff, 0xff, 0xff, 0xff, 0xff, 0xff, 0xff, 0xff,
  0xff, 0xff, 0xff, 0xff, 0xff, 0xff, 0xff, 0xff, 0xff, 0xff, 0xff, 0xff,
  0xff, 0xff, 0xff, 0xff, 0xff, 0xff, 0xff, 0xff, 0xff, 0xff, 0xff, 0xff,
  0xff, 0xff, 0xff, 0xff, 0xfe, 0xfe, 0xfe, 0xff, 0xd2, 0xd2, 0xd2, 0xff,
  0x84, 0x84, 0x84, 0xff, 0x3f, 0x3f, 0x3f, 0xff, 0x19, 0x19, 0x19, 0xff,
  0x0a, 0x0a, 0x0a, 0xff, 0x0b, 0x0b, 0x0b, 0xff, 0x13, 0x13, 0x13, 0xff,
  0x12, 0x12, 0x12, 0xff, 0x0d, 0x0d, 0x0d, 0xff, 0x08, 0x08, 0x08, 0xff,
  0x00, 0x00, 0x00, 0xff, 0x18, 0x18, 0x18, 0xff, 0x89, 0x89, 0x89, 0xff,
  0xd5, 0xd5, 0xd5, 0xff, 0xfd, 0xfd, 0xfd, 0xff, 0xff, 0xff, 0xff, 0xff,
  0xff, 0xff, 0xff, 0xff, 0xff, 0xff, 0xff, 0xff, 0xff, 0xff, 0xff, 0xff,
  0xff, 0xff, 0xff, 0xff, 0xff, 0xff, 0xff, 0xff, 0xff, 0xff, 0xff, 0xff,
  0xff, 0xff, 0xff, 0xff, 0xff, 0xff, 0xff, 0xff, 0xff, 0xff, 0xff, 0xff,
  0xff, 0xff, 0xff, 0xff, 0xff, 0xff, 0xff, 0xff, 0xff, 0xff, 0xff, 0xff,
  0xff, 0xff, 0xff, 0xff, 0xff, 0xff, 0xff, 0xff, 0xff, 0xff, 0xff, 0xff,
  0xff, 0xff, 0xff, 0xff, 0xff, 0xff, 0xff, 0xff, 0xff, 0xff, 0xff, 0xff,
  0xff, 0xff, 0xff, 0xff, 0xff, 0xff, 0xff, 0xff, 0xff, 0xff, 0xff, 0xff,
  0xff, 0xff, 0xff, 0xff, 0xff, 0xff, 0xff, 0xff, 0xff, 0xff, 0xff, 0xff,
  0xff, 0xff, 0xff, 0xff, 0xff, 0xff, 0xff, 0xff, 0xff, 0xff, 0xff, 0xff,
  0xff, 0xff, 0xff, 0xff, 0xff, 0xff, 0xff, 0xff, 0xff, 0xff, 0xff, 0xff,
  0xff, 0xff, 0xff, 0xff, 0xff, 0xff, 0xff, 0xff, 0xff, 0xff, 0xff, 0xff,
  0xff, 0xff, 0xff, 0xff, 0xff, 0xff, 0xff, 0xff, 0xff, 0xff, 0xff, 0xff,
  0xff, 0xff, 0xff, 0xff, 0xff, 0xff, 0xff, 0xff, 0xff, 0xff, 0xff, 0xff,
  0xff, 0xff, 0xff, 0xff, 0xff, 0xff, 0xff, 0xff, 0xff, 0xff, 0xff, 0xff,
  0xff, 0xff, 0xff, 0xff, 0xff, 0xff, 0xff, 0xff, 0xff, 0xff, 0xff, 0xff,
  0xff, 0xff, 0xff, 0xff, 0xff, 0xff, 0xff, 0xff, 0xff, 0xff, 0xff, 0xff,
  0xff, 0xff, 0xff, 0xff, 0xff, 0xff, 0xff, 0xff, 0xff, 0xff, 0xff, 0xff,
  0xff, 0xff, 0xff, 0xff, 0xff, 0xff, 0xff, 0xff, 0xff, 0xff, 0xff, 0xff,
  0xff, 0xff, 0xff, 0xff, 0xff, 0xff, 0xff, 0xff, 0xff, 0xff, 0xff, 0xff,
  0xff, 0xff, 0xff, 0xff, 0xff, 0xff, 0xff, 0xff, 0xff, 0xff, 0xff, 0xff,
  0xff, 0xff, 0xff, 0xff, 0xff, 0xff, 0xff, 0xff, 0xff, 0xff, 0xff, 0xff,
  0xff, 0xff, 0xff, 0xff, 0xff, 0xff, 0xff, 0xff, 0xff, 0xff, 0xff, 0xff,
  0xff, 0xff, 0xff, 0xff, 0xff, 0xff, 0xff, 0xff, 0xff, 0xff, 0xff, 0xff,
  0xff, 0xff, 0xff, 0xff, 0xff, 0xff, 0xff, 0xff, 0xff, 0xff, 0xff, 0xff,
  0xff, 0xff, 0xff, 0xff, 0xff, 0xff, 0xff, 0xff, 0xff, 0xff, 0xff, 0xff,
  0xff, 0xff, 0xff, 0xff, 0xff, 0xff, 0xff, 0xff, 0xff, 0xff, 0xff, 0xff,
  0xff, 0xff, 0xff, 0xff, 0xff, 0xff, 0xff, 0xff, 0xff, 0xff, 0xff, 0xff,
  0xff, 0xff, 0xff, 0xff, 0xff, 0xff, 0xff, 0xff, 0xff, 0xff, 0xff, 0xff,
  0xff, 0xff, 0xff, 0xff, 0xff, 0xff, 0xff, 0xff, 0xff, 0xff, 0xff, 0xff,
  0xff, 0xff, 0xff, 0xff, 0xff, 0xff, 0xff, 0xff, 0xff, 0xff, 0xff, 0xff,
  0xff, 0xff, 0xff, 0xff, 0xff, 0xff, 0xff, 0xff, 0xff, 0xff, 0xff, 0xff,
  0xff, 0xff, 0xff, 0xff, 0xff, 0xff, 0xff, 0xff, 0xfc, 0xfc, 0xfc, 0xff,
  0x70, 0x70, 0x70, 0xff, 0x02, 0x02, 0x02, 0xff, 0x21, 0x20, 0x1f, 0xff,
  0x12, 0x11, 0x11, 0xff, 0x23, 0x23, 0x23, 0xff, 0xd9, 0xd9, 0xd9, 0xff,
  0xff, 0xff, 0xff, 0xff, 0xff, 0xff, 0xff, 0xff, 0xff, 0xff, 0xff, 0xff,
  0xff, 0xff, 0xff, 0xff, 0xff, 0xff, 0xff, 0xff, 0xff, 0xff, 0xff, 0xff,
  0xff, 0xff, 0xff, 0xff, 0xff, 0xff, 0xff, 0xff, 0xea, 0xea, 0xea, 0xff,
  0x7c, 0x7c, 0x7c, 0xff, 0x18, 0x18, 0x18, 0xff, 0x0a, 0x0a, 0x0a, 0xff,
  0x35, 0x35, 0x35, 0xff, 0x6f, 0x6f, 0x6e, 0xff, 0xa0, 0xa0, 0x9f, 0xff,
  0xb4, 0xb4, 0xb3, 0xff, 0xc0, 0xc0, 0xbf, 0xff, 0xc0, 0xc0, 0xbf, 0xff,
  0xb6, 0xb6, 0xb5, 0xff, 0xa5, 0xa5, 0xa5, 0xff, 0x7a, 0x7a, 0x7a, 0xff,
  0x41, 0x41, 0x41, 0xff, 0x11, 0x11, 0x11, 0xff, 0x1a, 0x1a, 0x1a, 0xff,
  0x6a, 0x6a, 0x6a, 0xff, 0xd3, 0xd3, 0xd3, 0xff, 0xff, 0xff, 0xff, 0xff,
  0xff, 0xff, 0xff, 0xff, 0xff, 0xff, 0xff, 0xff, 0xff, 0xff, 0xff, 0xff,
  0xff, 0xff, 0xff, 0xff, 0xff, 0xff, 0xff, 0xff, 0xff, 0xff, 0xff, 0xff,
  0xff, 0xff, 0xff, 0xff, 0xff, 0xff, 0xff, 0xff, 0xff, 0xff, 0xff, 0xff,
  0xff, 0xff, 0xff, 0xff, 0xff, 0xff, 0xff, 0xff, 0xff, 0xff, 0xff, 0xff,
  0xff, 0xff, 0xff, 0xff, 0xff, 0xff, 0xff, 0xff, 0xff, 0xff, 0xff, 0xff,
  0xff, 0xff, 0xff, 0xff, 0xff, 0xff, 0xff, 0xff, 0xff, 0xff, 0xff, 0xff,
  0xff, 0xff, 0xff, 0xff, 0xff, 0xff, 0xff, 0xff, 0xff, 0xff, 0xff, 0xff,
  0xff, 0xff, 0xff, 0xff, 0xff, 0xff, 0xff, 0xff, 0xff, 0xff, 0xff, 0xff,
  0xff, 0xff, 0xff, 0xff, 0xff, 0xff, 0xff, 0xff, 0xff, 0xff, 0xff, 0xff,
  0xff, 0xff, 0xff, 0xff, 0xff, 0xff, 0xff, 0xff, 0xff, 0xff, 0xff, 0xff,
  0xff, 0xff, 0xff, 0xff, 0xff, 0xff, 0xff, 0xff, 0xff, 0xff, 0xff, 0xff,
  0xff, 0xff, 0xff, 0xff, 0xff, 0xff, 0xff, 0xff, 0xff, 0xff, 0xff, 0xff,
  0xff, 0xff, 0xff, 0xff, 0xff, 0xff, 0xff, 0xff, 0xff, 0xff, 0xff, 0xff,
  0xff, 0xff, 0xff, 0xff, 0xff, 0xff, 0xff, 0xff, 0xff, 0xff, 0xff, 0xff,
  0xff, 0xff, 0xff, 0xff, 0xff, 0xff, 0xff, 0xff, 0xff, 0xff, 0xff, 0xff,
  0xff, 0xff, 0xff, 0xff, 0xff, 0xff, 0xff, 0xff, 0xff, 0xff, 0xff, 0xff,
  0xff, 0xff, 0xff, 0xff, 0xff, 0xff, 0xff, 0xff, 0xff, 0xff, 0xff, 0xff,
  0xff, 0xff, 0xff, 0xff, 0xff, 0xff, 0xff, 0xff, 0xff, 0xff, 0xff, 0xff,
  0xff, 0xff, 0xff, 0xff, 0xff, 0xff, 0xff, 0xff, 0xff, 0xff, 0xff, 0xff,
  0xff, 0xff, 0xff, 0xff, 0xff, 0xff, 0xff, 0xff, 0xff, 0xff, 0xff, 0xff,
  0xff, 0xff, 0xff, 0xff, 0xff, 0xff, 0xff, 0xff, 0xff, 0xff, 0xff, 0xff,
  0xff, 0xff, 0xff, 0xff, 0xff, 0xff, 0xff, 0xff, 0xff, 0xff, 0xff, 0xff,
  0xff, 0xff, 0xff, 0xff, 0xff, 0xff, 0xff, 0xff, 0xff, 0xff, 0xff, 0xff,
  0xff, 0xff, 0xff, 0xff, 0xff, 0xff, 0xff, 0xff, 0xff, 0xff, 0xff, 0xff,
  0xff, 0xff, 0xff, 0xff, 0xff, 0xff, 0xff, 0xff, 0xff, 0xff, 0xff, 0xff,
  0xff, 0xff, 0xff, 0xff, 0xff, 0xff, 0xff, 0xff, 0xff, 0xff, 0xff, 0xff,
  0xff, 0xff, 0xff, 0xff, 0xff, 0xff, 0xff, 0xff, 0xff, 0xff, 0xff, 0xff,
  0xff, 0xff, 0xff, 0xff, 0xff, 0xff, 0xff, 0xff, 0xff, 0xff, 0xff, 0xff,
  0xff, 0xff, 0xff, 0xff, 0xff, 0xff, 0xff, 0xff, 0xff, 0xff, 0xff, 0xff,
  0xff, 0xff, 0xff, 0xff, 0xff, 0xff, 0xff, 0xff, 0xff, 0xff, 0xff, 0xff,
  0xff, 0xff, 0xff, 0xff, 0xff, 0xff, 0xff, 0xff, 0xf8, 0xf8, 0xf8, 0xff,
  0xf1, 0xf1, 0xf1, 0xff, 0xf2, 0xf2, 0xf2, 0xff, 0xdd, 0xdd, 0xdd, 0xff,
  0x35, 0x35, 0x35, 0xff, 0x0c, 0x0b, 0x0b, 0xff, 0x22, 0x21, 0x20, 0xff,
  0x04, 0x04, 0x04, 0xff, 0x7f, 0x7f, 0x7f, 0xff, 0xff, 0xff, 0xff, 0xff,
  0xff, 0xff, 0xff, 0xff, 0xff, 0xff, 0xff, 0xff, 0xff, 0xff, 0xff, 0xff,
  0xff, 0xff, 0xff, 0xff, 0xff, 0xff, 0xff, 0xff, 0xff, 0xff, 0xff, 0xff,
  0xdd, 0xdd, 0xdd, 0xff, 0x48, 0x48, 0x48, 0xff, 0x06, 0x06, 0x06, 0xff,
  0x51, 0x51, 0x50, 0xff, 0xb6, 0xb6, 0xb6, 0xff, 0xe2, 0xe2, 0xe1, 0xff,
  0xd5, 0xd5, 0xd4, 0xff, 0xaf, 0xb0, 0xaf, 0xff, 0x93, 0x93, 0x93, 0xff,
  0x83, 0x83, 0x83, 0xff, 0x81, 0x82, 0x81, 0xff, 0x91, 0x92, 0x91, 0xff,
  0xb1, 0xb1, 0xb0, 0xff, 0xda, 0xda, 0xd8, 0xff, 0xe6, 0xe6, 0xe5, 0xff,
  0xc3, 0xc3, 0xc2, 0xff, 0x6a, 0x6a, 0x69, 0xff, 0x0c, 0x0c, 0x0c, 0xff,
  0x1f, 0x1f, 0x1f, 0xff, 0x9e, 0x9e, 0x9e, 0xff, 0xfb, 0xfb, 0xfb, 0xff,
  0xff, 0xff, 0xff, 0xff, 0xff, 0xff, 0xff, 0xff, 0xff, 0xff, 0xff, 0xff,
  0xff, 0xff, 0xff, 0xff, 0xff, 0xff, 0xff, 0xff, 0xff, 0xff, 0xff, 0xff,
  0xff, 0xff, 0xff, 0xff, 0xff, 0xff, 0xff, 0xff, 0xff, 0xff, 0xff, 0xff,
  0xff, 0xff, 0xff, 0xff, 0xff, 0xff, 0xff, 0xff, 0xff, 0xff, 0xff, 0xff,
  0xff, 0xff, 0xff, 0xff, 0xff, 0xff, 0xff, 0xff, 0xff, 0xff, 0xff, 0xff,
  0xff, 0xff, 0xff, 0xff, 0xff, 0xff, 0xff, 0xff, 0xff, 0xff, 0xff, 0xff,
  0xff, 0xff, 0xff, 0xff, 0xff, 0xff, 0xff, 0xff, 0xff, 0xff, 0xff, 0xff,
  0xff, 0xff, 0xff, 0xff, 0xff, 0xff, 0xff, 0xff, 0xff, 0xff, 0xff, 0xff,
  0xff, 0xff, 0xff, 0xff, 0xff, 0xff, 0xff, 0xff, 0xff, 0xff, 0xff, 0xff,
  0xff, 0xff, 0xff, 0xff, 0xff, 0xff, 0xff, 0xff, 0xff, 0xff, 0xff, 0xff,
  0xff, 0xff, 0xff, 0xff, 0xff, 0xff, 0xff, 0xff, 0xff, 0xff, 0xff, 0xff,
  0xff, 0xff, 0xff, 0xff, 0xff, 0xff, 0xff, 0xff, 0xff, 0xff, 0xff, 0xff,
  0xff, 0xff, 0xff, 0xff, 0xff, 0xff, 0xff, 0xff, 0xff, 0xff, 0xff, 0xff,
  0xff, 0xff, 0xff, 0xff, 0xff, 0xff, 0xff, 0xff, 0xff, 0xff, 0xff, 0xff,
  0xff, 0xff, 0xff, 0xff, 0xff, 0xff, 0xff, 0xff, 0xff, 0xff, 0xff, 0xff,
  0xff, 0xff, 0xff, 0xff, 0xff, 0xff, 0xff, 0xff, 0xff, 0xff, 0xff, 0xff,
  0xff, 0xff, 0xff, 0xff, 0xff, 0xff, 0xff, 0xff, 0xff, 0xff, 0xff, 0xff,
  0xff, 0xff, 0xff, 0xff, 0xff, 0xff, 0xff, 0xff, 0xff, 0xff, 0xff, 0xff,
  0xff, 0xff, 0xff, 0xff, 0xff, 0xff, 0xff, 0xff, 0xff, 0xff, 0xff, 0xff,
  0xff, 0xff, 0xff, 0xff, 0xff, 0xff, 0xff, 0xff, 0xff, 0xff, 0xff, 0xff,
  0xff, 0xff, 0xff, 0xff, 0xff, 0xff, 0xff, 0xff, 0xff, 0xff, 0xff, 0xff,
  0xff, 0xff, 0xff, 0xff, 0xff, 0xff, 0xff, 0xff, 0xff, 0xff, 0xff, 0xff,
  0xff, 0xff, 0xff, 0xff, 0xff, 0xff, 0xff, 0xff, 0xff, 0xff, 0xff, 0xff,
  0xff, 0xff, 0xff, 0xff, 0xff, 0xff, 0xff, 0xff, 0xff, 0xff, 0xff, 0xff,
  0xff, 0xff, 0xff, 0xff, 0xff, 0xff, 0xff, 0xff, 0xff, 0xff, 0xff, 0xff,
  0xff, 0xff, 0xff, 0xff, 0xff, 0xff, 0xff, 0xff, 0xff, 0xff, 0xff, 0xff,
  0xff, 0xff, 0xff, 0xff, 0xff, 0xff, 0xff, 0xff, 0xff, 0xff, 0xff, 0xff,
  0xff, 0xff, 0xff, 0xff, 0xff, 0xff, 0xff, 0xff, 0xff, 0xff, 0xff, 0xff,
  0xff, 0xff, 0xff, 0xff, 0xff, 0xff, 0xff, 0xff, 0xff, 0xff, 0xff, 0xff,
  0xfb, 0xfb, 0xfb, 0xff, 0xd5, 0xd5, 0xd5, 0xff, 0x9b, 0x9b, 0x9b, 0xff,
  0x66, 0x66, 0x66, 0xff, 0x40, 0x40, 0x40, 0xff, 0x35, 0x35, 0x35, 0xff,
  0x34, 0x34, 0x34, 0xff, 0x4d, 0x4d, 0x4d, 0xff, 0x41, 0x41, 0x41, 0xff,
  0x04, 0x04, 0x04, 0xff, 0x1d, 0x1c, 0x1b, 0xff, 0x13, 0x12, 0x11, 0xff,
  0x28, 0x28, 0x28, 0xff, 0xe2, 0xe2, 0xe2, 0xff, 0xff, 0xff, 0xff, 0xff,
  0xfe, 0xfe, 0xfe, 0xff, 0xec, 0xec, 0xec, 0xff, 0xe8, 0xe8, 0xe8, 0xff,
  0xe6, 0xe6, 0xe6, 0xff, 0xd3, 0xd3, 0xd3, 0xff, 0x47, 0x47, 0x47, 0xff,
  0x09, 0x09, 0x09, 0xff, 0x8a, 0x8a, 0x8a, 0xff, 0xef, 0xef, 0xee, 0xff,
  0xd2, 0xd2, 0xd1, 0xff, 0x7f, 0x80, 0x7f, 0xff, 0x4f, 0x4f, 0x50, 0xff,
  0x39, 0x3a, 0x3b, 0xff, 0x31, 0x33, 0x34, 0xff, 0x29, 0x2d, 0x2e, 0xff,
  0x26, 0x29, 0x2a, 0xff, 0x2a, 0x2b, 0x2c, 0xff, 0x35, 0x34, 0x35, 0xff,
  0x53, 0x52, 0x53, 0xff, 0x7f, 0x7f, 0x7f, 0xff, 0xad, 0xad, 0xac, 0xff,
  0xe2, 0xe2, 0xe1, 0xff, 0x99, 0x98, 0x98, 0xff, 0x26, 0x25, 0x25, 0xff,
  0x0b, 0x0b, 0x0b, 0xff, 0x88, 0x88, 0x88, 0xff, 0xfa, 0xfa, 0xfa, 0xff,
  0xff, 0xff, 0xff, 0xff, 0xff, 0xff, 0xff, 0xff, 0xff, 0xff, 0xff, 0xff,
  0xff, 0xff, 0xff, 0xff, 0xff, 0xff, 0xff, 0xff, 0xff, 0xff, 0xff, 0xff,
  0xff, 0xff, 0xff, 0xff, 0xff, 0xff, 0xff, 0xff, 0xff, 0xff, 0xff, 0xff,
  0xff, 0xff, 0xff, 0xff, 0xff, 0xff, 0xff, 0xff, 0xff, 0xff, 0xff, 0xff,
  0xff, 0xff, 0xff, 0xff, 0xff, 0xff, 0xff, 0xff, 0xff, 0xff, 0xff, 0xff,
  0xff, 0xff, 0xff, 0xff, 0xff, 0xff, 0xff, 0xff, 0xff, 0xff, 0xff, 0xff,
  0xff, 0xff, 0xff, 0xff, 0xff, 0xff, 0xff, 0xff, 0xff, 0xff, 0xff, 0xff,
  0xff, 0xff, 0xff, 0xff, 0xff, 0xff, 0xff, 0xff, 0xff, 0xff, 0xff, 0xff,
  0xff, 0xff, 0xff, 0xff, 0xff, 0xff, 0xff, 0xff, 0xff, 0xff, 0xff, 0xff,
  0xff, 0xff, 0xff, 0xff, 0xff, 0xff, 0xff, 0xff, 0xff, 0xff, 0xff, 0xff,
  0xff, 0xff, 0xff, 0xff, 0xff, 0xff, 0xff, 0xff, 0xff, 0xff, 0xff, 0xff,
  0xff, 0xff, 0xff, 0xff, 0xff, 0xff, 0xff, 0xff, 0xff, 0xff, 0xff, 0xff,
  0xff, 0xff, 0xff, 0xff, 0xff, 0xff, 0xff, 0xff, 0xff, 0xff, 0xff, 0xff,
  0xff, 0xff, 0xff, 0xff, 0xff, 0xff, 0xff, 0xff, 0xff, 0xff, 0xff, 0xff,
  0xff, 0xff, 0xff, 0xff, 0xff, 0xff, 0xff, 0xff, 0xff, 0xff, 0xff, 0xff,
  0xff, 0xff, 0xff, 0xff, 0xff, 0xff, 0xff, 0xff, 0xff, 0xff, 0xff, 0xff,
  0xff, 0xff, 0xff, 0xff, 0xff, 0xff, 0xff, 0xff, 0xff, 0xff, 0xff, 0xff,
  0xff, 0xff, 0xff, 0xff, 0xff, 0xff, 0xff, 0xff, 0xff, 0xff, 0xff, 0xff,
  0xff, 0xff, 0xff, 0xff, 0xff, 0xff, 0xff, 0xff, 0xff, 0xff, 0xff, 0xff,
  0xff, 0xff, 0xff, 0xff, 0xff, 0xff, 0xff, 0xff, 0xff, 0xff, 0xff, 0xff,
  0xff, 0xff, 0xff, 0xff, 0xff, 0xff, 0xff, 0xff, 0xff, 0xff, 0xff, 0xff,
  0xff, 0xff, 0xff, 0xff, 0xff, 0xff, 0xff, 0xff, 0xff, 0xff, 0xff, 0xff,
  0xff, 0xff, 0xff, 0xff, 0xff, 0xff, 0xff, 0xff, 0xff, 0xff, 0xff, 0xff,
  0xff, 0xff, 0xff, 0xff, 0xff, 0xff, 0xff, 0xff, 0xff, 0xff, 0xff, 0xff,
  0xff, 0xff, 0xff, 0xff, 0xff, 0xff, 0xff, 0xff, 0xff, 0xff, 0xff, 0xff,
  0xff, 0xff, 0xff, 0xff, 0xff, 0xff, 0xff, 0xff, 0xff, 0xff, 0xff, 0xff,
  0xff, 0xff, 0xff, 0xff, 0xff, 0xff, 0xff, 0xff, 0xff, 0xff, 0xff, 0xff,
  0xff, 0xff, 0xff, 0xff, 0xff, 0xff, 0xff, 0xff, 0xff, 0xff, 0xff, 0xff,
  0xfe, 0xfe, 0xfe, 0xff, 0xc6, 0xc6, 0xc6, 0xff, 0x60, 0x60, 0x60, 0xff,
  0x17, 0x17, 0x17, 0xff, 0x08, 0x08, 0x08, 0xff, 0x1f, 0x1f, 0x1f, 0xff,
  0x3b, 0x3b, 0x3b, 0xff, 0x51, 0x51, 0x51, 0xff, 0x53, 0x53, 0x53, 0xff,
  0x2e, 0x2e, 0x2e, 0xff, 0x0c, 0x0c, 0x0c, 0xff, 0x00, 0x00, 0x00, 0xff,
  0x0b, 0x0a, 0x0a, 0xff, 0x21, 0x20, 0x1f, 0xff, 0x08, 0x08, 0x08, 0xff,
  0x78, 0x78, 0x78, 0xff, 0xc5, 0xc5, 0xc5, 0xff, 0x9b, 0x9b, 0x9b, 0xff,
  0x32, 0x33, 0x33, 0xff, 0x2a, 0x2b, 0x2b, 0xff, 0x27, 0x28, 0x29, 0xff,
  0x1a, 0x1b, 0x1b, 0xff, 0x01, 0x01, 0x01, 0xff, 0x75, 0x75, 0x75, 0xff,
  0xf5, 0xf5, 0xf4, 0xff, 0xbb, 0xbb, 0xba, 0xff, 0x3b, 0x3b, 0x3b, 0xff,
  0x2d, 0x30, 0x32, 0xff, 0x32, 0x44, 0x49, 0xff, 0x47, 0x67, 0x6f, 0xff,
  0x64, 0x8b, 0x93, 0xff, 0x79, 0xa4, 0xab, 0xff, 0x76, 0xa3, 0xaa, 0xff,
  0x63, 0x8c, 0x94, 0xff, 0x4c, 0x70, 0x77, 0xff, 0x30, 0x44, 0x4c, 0xff,
  0x24, 0x28, 0x2b, 0xff, 0x2f, 0x2e, 0x2e, 0xff, 0x5f, 0x5e, 0x5e, 0xff,
  0xc5, 0xc5, 0xc4, 0xff, 0xb7, 0xb7, 0xb6, 0xff, 0x47, 0x46, 0x47, 0xff,
  0x0c, 0x0c, 0x0c, 0xff, 0x99, 0x99, 0x99, 0xff, 0xff, 0xff, 0xff, 0xff,
  0xff, 0xff, 0xff, 0xff, 0xff, 0xff, 0xff, 0xff, 0xff, 0xff, 0xff, 0xff,
  0xff, 0xff, 0xff, 0xff, 0xff, 0xff, 0xff, 0xff, 0xff, 0xff, 0xff, 0xff,
  0xff, 0xff, 0xff, 0xff, 0xff, 0xff, 0xff, 0xff, 0xff, 0xff, 0xff, 0xff,
  0xff, 0xff, 0xff, 0xff, 0xff, 0xff, 0xff, 0xff, 0xff, 0xff, 0xff, 0xff,
  0xff, 0xff, 0xff, 0xff, 0xff, 0xff, 0xff, 0xff, 0xff, 0xff, 0xff, 0xff,
  0xff, 0xff, 0xff, 0xff, 0xff, 0xff, 0xff, 0xff, 0xff, 0xff, 0xff, 0xff,
  0xff, 0xff, 0xff, 0xff, 0xff, 0xff, 0xff, 0xff, 0xff, 0xff, 0xff, 0xff,
  0xff, 0xff, 0xff, 0xff, 0xff, 0xff, 0xff, 0xff, 0xff, 0xff, 0xff, 0xff,
  0xff, 0xff, 0xff, 0xff, 0xff, 0xff, 0xff, 0xff, 0xff, 0xff, 0xff, 0xff,
  0xff, 0xff, 0xff, 0xff, 0xff, 0xff, 0xff, 0xff, 0xff, 0xff, 0xff, 0xff,
  0xff, 0xff, 0xff, 0xff, 0xff, 0xff, 0xff, 0xff, 0xff, 0xff, 0xff, 0xff,
  0xff, 0xff, 0xff, 0xff, 0xff, 0xff, 0xff, 0xff, 0xff, 0xff, 0xff, 0xff,
  0xff, 0xff, 0xff, 0xff, 0xff, 0xff, 0xff, 0xff, 0xff, 0xff, 0xff, 0xff,
  0xff, 0xff, 0xff, 0xff, 0xff, 0xff, 0xff, 0xff, 0xff, 0xff, 0xff, 0xff,
  0xff, 0xff, 0xff, 0xff, 0xff, 0xff, 0xff, 0xff, 0xff, 0xff, 0xff, 0xff,
  0xff, 0xff, 0xff, 0xff, 0xff, 0xff, 0xff, 0xff, 0xff, 0xff, 0xff, 0xff,
  0xff, 0xff, 0xff, 0xff, 0xff, 0xff, 0xff, 0xff, 0xff, 0xff, 0xff, 0xff,
  0xff, 0xff, 0xff, 0xff, 0xff, 0xff, 0xff, 0xff, 0xff, 0xff, 0xff, 0xff,
  0xff, 0xff, 0xff, 0xff, 0xff, 0xff, 0xff, 0xff, 0xff, 0xff, 0xff, 0xff,
  0xff, 0xff, 0xff, 0xff, 0xff, 0xff, 0xff, 0xff, 0xff, 0xff, 0xff, 0xff,
  0xff, 0xff, 0xff, 0xff, 0xff, 0xff, 0xff, 0xff, 0xff, 0xff, 0xff, 0xff,
  0xff, 0xff, 0xff, 0xff, 0xff, 0xff, 0xff, 0xff, 0xff, 0xff, 0xff, 0xff,
  0xff, 0xff, 0xff, 0xff, 0xff, 0xff, 0xff, 0xff, 0xff, 0xff, 0xff, 0xff,
  0xff, 0xff, 0xff, 0xff, 0xff, 0xff, 0xff, 0xff, 0xff, 0xff, 0xff, 0xff,
  0xff, 0xff, 0xff, 0xff, 0xff, 0xff, 0xff, 0xff, 0xff, 0xff, 0xff, 0xff,
  0xff, 0xff, 0xff, 0xff, 0xff, 0xff, 0xff, 0xff, 0xff, 0xff, 0xff, 0xff,
  0xff, 0xff, 0xff, 0xff, 0xff, 0xff, 0xff, 0xff, 0xff, 0xff, 0xff, 0xff,
  0xff, 0xff, 0xff, 0xff, 0xef, 0xef, 0xef, 0xff, 0x80, 0x80, 0x80, 0xff,
  0x13, 0x13, 0x13, 0xff, 0x13, 0x13, 0x13, 0xff, 0x60, 0x60, 0x60, 0xff,
  0xab, 0xab, 0xab, 0xff, 0xcf, 0xcf, 0xce, 0xff, 0xd6, 0xd6, 0xd5, 0xff,
  0xdb, 0xdb, 0xdb, 0xff, 0xe8, 0xe8, 0xe8, 0xff, 0xe4, 0xe4, 0xe4, 0xff,
  0xad, 0xad, 0xad, 0xff, 0x42, 0x42, 0x41, 0xff, 0x01, 0x01, 0x01, 0xff,
  0x0e, 0x0e, 0x0d, 0xff, 0x05, 0x05, 0x05, 0xff, 0x02, 0x02, 0x03, 0xff,
  0x0b, 0x0b, 0x0b, 0xff, 0x08, 0x09, 0x09, 0xff, 0x03, 0x01, 0x00, 0xff,
  0x27, 0x16, 0x0e, 0xff, 0x3e, 0x24, 0x17, 0xff, 0x1a, 0x0e, 0x08, 0xff,
  0x1c, 0x1c, 0x1c, 0xff, 0xcd, 0xcd, 0xcc, 0xff, 0xe9, 0xe8, 0xe7, 0xff,
  0x48, 0x47, 0x48, 0xff, 0x0a, 0x11, 0x15, 0xff, 0x47, 0x75, 0x87, 0xff,
  0xa0, 0xd5, 0xe1, 0xff, 0xd0, 0xf3, 0xf7, 0xff, 0xe5, 0xfd, 0xfe, 0xff,
  0xe6, 0xff, 0xff, 0xff, 0xd2, 0xfe, 0xff, 0xff, 0xca, 0xfc, 0xff, 0xff,
  0xb2, 0xf3, 0xfb, 0xff, 0x8f, 0xd7, 0xe7, 0xff, 0x5b, 0x95, 0xae, 0xff,
  0x27, 0x3f, 0x51, 0xff, 0x1a, 0x1b, 0x1d, 0xff, 0x48, 0x47, 0x47, 0xff,
  0xcd, 0xcd, 0xcc, 0xff, 0xb3, 0xb2, 0xb3, 0xff, 0x36, 0x36, 0x36, 0xff,
  0x1f, 0x1f, 0x1f, 0xff, 0xd6, 0xd6, 0xd6, 0xff, 0xff, 0xff, 0xff, 0xff,
  0xff, 0xff, 0xff, 0xff, 0xff, 0xff, 0xff, 0xff, 0xff, 0xff, 0xff, 0xff,
  0xff, 0xff, 0xff, 0xff, 0xff, 0xff, 0xff, 0xff, 0xff, 0xff, 0xff, 0xff,
  0xff, 0xff, 0xff, 0xff, 0xff, 0xff, 0xff, 0xff, 0xff, 0xff, 0xff, 0xff,
  0xff, 0xff, 0xff, 0xff, 0xff, 0xff, 0xff, 0xff, 0xff, 0xff, 0xff, 0xff,
  0xff, 0xff, 0xff, 0xff, 0xff, 0xff, 0xff, 0xff, 0xff, 0xff, 0xff, 0xff,
  0xff, 0xff, 0xff, 0xff, 0xff, 0xff, 0xff, 0xff, 0xff, 0xff, 0xff, 0xff,
  0xff, 0xff, 0xff, 0xff, 0xff, 0xff, 0xff, 0xff, 0xff, 0xff, 0xff, 0xff,
  0xff, 0xff, 0xff, 0xff, 0xff, 0xff, 0xff, 0xff, 0xff, 0xff, 0xff, 0xff,
  0xff, 0xff, 0xff, 0xff, 0xff, 0xff, 0xff, 0xff, 0xff, 0xff, 0xff, 0xff,
  0xff, 0xff, 0xff, 0xff, 0xff, 0xff, 0xff, 0xff, 0xff, 0xff, 0xff, 0xff,
  0xff, 0xff, 0xff, 0xff, 0xff, 0xff, 0xff, 0xff, 0xff, 0xff, 0xff, 0xff,
  0xff, 0xff, 0xff, 0xff, 0xff, 0xff, 0xff, 0xff, 0xff, 0xff, 0xff, 0xff,
  0xff, 0xff, 0xff, 0xff, 0xff, 0xff, 0xff, 0xff, 0xff, 0xff, 0xff, 0xff,
  0xff, 0xff, 0xff, 0xff, 0xff, 0xff, 0xff, 0xff, 0xff, 0xff, 0xff, 0xff,
  0xff, 0xff, 0xff, 0xff, 0xff, 0xff, 0xff, 0xff, 0xff, 0xff, 0xff, 0xff,
  0xff, 0xff, 0xff, 0xff, 0xff, 0xff, 0xff, 0xff, 0xff, 0xff, 0xff, 0xff,
  0xff, 0xff, 0xff, 0xff, 0xff, 0xff, 0xff, 0xff, 0xff, 0xff, 0xff, 0xff,
  0xff, 0xff, 0xff, 0xff, 0xff, 0xff, 0xff, 0xff, 0xff, 0xff, 0xff, 0xff,
  0xff, 0xff, 0xff, 0xff, 0xff, 0xff, 0xff, 0xff, 0xff, 0xff, 0xff, 0xff,
  0xff, 0xff, 0xff, 0xff, 0xff, 0xff, 0xff, 0xff, 0xff, 0xff, 0xff, 0xff,
  0xff, 0xff, 0xff, 0xff, 0xff, 0xff, 0xff, 0xff, 0xff, 0xff, 0xff, 0xff,
  0xff, 0xff, 0xff, 0xff, 0xff, 0xff, 0xff, 0xff, 0xff, 0xff, 0xff, 0xff,
  0xff, 0xff, 0xff, 0xff, 0xff, 0xff, 0xff, 0xff, 0xff, 0xff, 0xff, 0xff,
  0xff, 0xff, 0xff, 0xff, 0xff, 0xff, 0xff, 0xff, 0xff, 0xff, 0xff, 0xff,
  0xff, 0xff, 0xff, 0xff, 0xff, 0xff, 0xff, 0xff, 0xff, 0xff, 0xff, 0xff,
  0xff, 0xff, 0xff, 0xff, 0xff, 0xff, 0xff, 0xff, 0xff, 0xff, 0xff, 0xff,
  0xff, 0xff, 0xff, 0xff, 0xff, 0xff, 0xff, 0xff, 0xe6, 0xe6, 0xe6, 0xff,
  0x55, 0x55, 0x55, 0xff, 0x05, 0x05, 0x05, 0xff, 0x51, 0x51, 0x51, 0xff,
  0xbb, 0xbb, 0xbb, 0xff, 0xc0, 0xc0, 0xc0, 0xff, 0x91, 0x90, 0x90, 0xff,
  0x6e, 0x6d, 0x6d, 0xff, 0x4d, 0x4c, 0x4c, 0xff, 0x41, 0x41, 0x41, 0xff,
  0x50, 0x4f, 0x4e, 0xff, 0x9f, 0x9e, 0x9e, 0xff, 0xeb, 0xeb, 0xea, 0xff,
  0xc9, 0xc9, 0xc9, 0xff, 0x30, 0x30, 0x30, 0xff, 0x00, 0x00, 0x00, 0xff,
  0x0d, 0x07, 0x05, 0xff, 0x39, 0x20, 0x15, 0xff, 0x47, 0x27, 0x1a, 0xff,
  0x26, 0x15, 0x0e, 0xff, 0x43, 0x28, 0x1a, 0xff, 0x8f, 0x56, 0x39, 0xff,
  0x8c, 0x55, 0x38, 0xff, 0x22, 0x13, 0x0c, 0xff, 0x53, 0x54, 0x54, 0xff,
  0xe8, 0xe8, 0xe6, 0xff, 0xc9, 0xc8, 0xc7, 0xff, 0x1c, 0x1c, 0x1e, 0xff,
  0x3f, 0x70, 0x85, 0xff, 0x96, 0xe4, 0xf9, 0xff, 0xce, 0xfa, 0xfd, 0xff,
  0xe5, 0xfc, 0xfc, 0xff, 0xdf, 0xfb, 0xfc, 0xff, 0xcd, 0xf9, 0xfc, 0xff,
  0xbf, 0xf8, 0xfc, 0xff, 0xb6, 0xf5, 0xfc, 0xff, 0xaa, 0xf1, 0xfb, 0xff,
  0xa2, 0xee, 0xfc, 0xff, 0x87, 0xdb, 0xfa, 0xff, 0x57, 0xa3, 0xd4, 0xff,
  0x29, 0x51, 0x70, 0xff, 0x08, 0x0b, 0x0e, 0xff, 0x9f, 0x9f, 0x9f, 0xff,
  0xd9, 0xd9, 0xd9, 0xff, 0x86, 0x85, 0x86, 0xff, 0x08, 0x08, 0x08, 0xff,
  0x81, 0x81, 0x81, 0xff, 0xff, 0xff, 0xff, 0xff, 0xff, 0xff, 0xff, 0xff,
  0xff, 0xff, 0xff, 0xff, 0xff, 0xff, 0xff, 0xff, 0xff, 0xff, 0xff, 0xff,
  0xff, 0xff, 0xff, 0xff, 0xff, 0xff, 0xff, 0xff, 0xff, 0xff, 0xff, 0xff,
  0xff, 0xff, 0xff, 0xff, 0xff, 0xff, 0xff, 0xff, 0xff, 0xff, 0xff, 0xff,
  0xff, 0xff, 0xff, 0xff, 0xff, 0xff, 0xff, 0xff, 0xff, 0xff, 0xff, 0xff,
  0xff, 0xff, 0xff, 0xff, 0xff, 0xff, 0xff, 0xff, 0xff, 0xff, 0xff, 0xff,
  0xff, 0xff, 0xff, 0xff, 0xff, 0xff, 0xff, 0xff, 0xff, 0xff, 0xff, 0xff,
  0xff, 0xff, 0xff, 0xff, 0xff, 0xff, 0xff, 0xff, 0xff, 0xff, 0xff, 0xff,
  0xff, 0xff, 0xff, 0xff, 0xff, 0xff, 0xff, 0xff, 0xff, 0xff, 0xff, 0xff,
  0xff, 0xff, 0xff, 0xff, 0xff, 0xff, 0xff, 0xff, 0xff, 0xff, 0xff, 0xff,
  0xff, 0xff, 0xff, 0xff, 0xff, 0xff, 0xff, 0xff, 0xff, 0xff, 0xff, 0xff,
  0xff, 0xff, 0xff, 0xff, 0xff, 0xff, 0xff, 0xff, 0xff, 0xff, 0xff, 0xff,
  0xff, 0xff, 0xff, 0xff, 0xff, 0xff, 0xff, 0xff, 0xff, 0xff, 0xff, 0xff,
  0xff, 0xff, 0xff, 0xff, 0xff, 0xff, 0xff, 0xff, 0xff, 0xff, 0xff, 0xff,
  0xff, 0xff, 0xff, 0xff, 0xff, 0xff, 0xff, 0xff, 0xff, 0xff, 0xff, 0xff,
  0xff, 0xff, 0xff, 0xff, 0xff, 0xff, 0xff, 0xff, 0xff, 0xff, 0xff, 0xff,
  0xff, 0xff, 0xff, 0xff, 0xff, 0xff, 0xff, 0xff, 0xff, 0xff, 0xff, 0xff,
  0xff, 0xff, 0xff, 0xff, 0xff, 0xff, 0xff, 0xff, 0xff, 0xff, 0xff, 0xff,
  0xff, 0xff, 0xff, 0xff, 0xff, 0xff, 0xff, 0xff, 0xff, 0xff, 0xff, 0xff,
  0xff, 0xff, 0xff, 0xff, 0xff, 0xff, 0xff, 0xff, 0xff, 0xff, 0xff, 0xff,
  0xff, 0xff, 0xff, 0xff, 0xff, 0xff, 0xff, 0xff, 0xff, 0xff, 0xff, 0xff,
  0xff, 0xff, 0xff, 0xff, 0xff, 0xff, 0xff, 0xff, 0xff, 0xff, 0xff, 0xff,
  0xff, 0xff, 0xff, 0xff, 0xff, 0xff, 0xff, 0xff, 0xff, 0xff, 0xff, 0xff,
  0xff, 0xff, 0xff, 0xff, 0xff, 0xff, 0xff, 0xff, 0xff, 0xff, 0xff, 0xff,
  0xff, 0xff, 0xff, 0xff, 0xff, 0xff, 0xff, 0xff, 0xff, 0xff, 0xff, 0xff,
  0xff, 0xff, 0xff, 0xff, 0xff, 0xff, 0xff, 0xff, 0xff, 0xff, 0xff, 0xff,
  0xff, 0xff, 0xff, 0xff, 0xff, 0xff, 0xff, 0xff, 0xff, 0xff, 0xff, 0xff,
  0xeb, 0xeb, 0xeb, 0xff, 0x52, 0x52, 0x52, 0xff, 0x07, 0x07, 0x07, 0xff,
  0x7e, 0x7e, 0x7d, 0xff, 0xce, 0xcd, 0xcd, 0xff, 0x88, 0x88, 0x88, 0xff,
  0x3d, 0x3d, 0x3e, 0xff, 0x22, 0x27, 0x29, 0xff, 0x30, 0x44, 0x4b, 0xff,
  0x43, 0x68, 0x79, 0xff, 0x40, 0x70, 0x8e, 0xff, 0x23, 0x47, 0x62, 0xff,
  0x15, 0x1d, 0x23, 0xff, 0x96, 0x96, 0x95, 0xff, 0xf0, 0xf0, 0xef, 0xff,
  0x82, 0x82, 0x81, 0xff, 0x1e, 0x1e, 0x1e, 0xff, 0x17, 0x0e, 0x0b, 0xff,
  0x51, 0x2d, 0x1e, 0xff, 0x55, 0x2f, 0x1f, 0xff, 0x40, 0x22, 0x16, 0xff,
  0x34, 0x1e, 0x13, 0xff, 0x3f, 0x26, 0x19, 0xff, 0x37, 0x21, 0x16, 0xff,
  0x05, 0x02, 0x00, 0xff, 0x6b, 0x6b, 0x6a, 0xff, 0xec, 0xeb, 0xea, 0xff,
  0xc9, 0xc8, 0xc7, 0xff, 0x26, 0x2a, 0x2c, 0xff, 0x5c, 0xa2, 0xbe, 0xff,
  0xa1, 0xed, 0xfe, 0xff, 0xaf, 0xf4, 0xfc, 0xff, 0xb1, 0xf3, 0xfc, 0xff,
  0xad, 0xf2, 0xfb, 0xff, 0xab, 0xf2, 0xfb, 0xff, 0xa9, 0xf1, 0xfb, 0xff,
  0xa4, 0xef, 0xfb, 0xff, 0x9b, 0xea, 0xfb, 0xff, 0x89, 0xde, 0xfa, 0xff,
  0x80, 0xd8, 0xfa, 0xff, 0x66, 0xb9, 0xe9, 0xff, 0x4d, 0x99, 0xd2, 0xff,
  0x15, 0x2d, 0x3f, 0xff, 0x74, 0x73, 0x72, 0xff, 0xe4, 0xe5, 0xe4, 0xff,
  0xab, 0xaa, 0xab, 0xff, 0x1d, 0x1d, 0x1d, 0xff, 0x37, 0x37, 0x37, 0xff,
  0xee, 0xee, 0xee, 0xff, 0xff, 0xff, 0xff, 0xff, 0xff, 0xff, 0xff, 0xff,
  0xff, 0xff, 0xff, 0xff, 0xff, 0xff, 0xff, 0xff, 0xff, 0xff, 0xff, 0xff,
  0xff, 0xff, 0xff, 0xff, 0xff, 0xff, 0xff, 0xff, 0xff, 0xff, 0xff, 0xff,
  0xff, 0xff, 0xff, 0xff, 0xff, 0xff, 0xff, 0xff, 0xff, 0xff, 0xff, 0xff,
  0xff, 0xff, 0xff, 0xff, 0xff, 0xff, 0xff, 0xff, 0xff, 0xff, 0xff, 0xff,
  0xff, 0xff, 0xff, 0xff, 0xff, 0xff, 0xff, 0xff, 0xff, 0xff, 0xff, 0xff,
  0xff, 0xff, 0xff, 0xff, 0xff, 0xff, 0xff, 0xff, 0xff, 0xff, 0xff, 0xff,
  0xff, 0xff, 0xff, 0xff, 0xff, 0xff, 0xff, 0xff, 0xff, 0xff, 0xff, 0xff,
  0xff, 0xff, 0xff, 0xff, 0xff, 0xff, 0xff, 0xff, 0xff, 0xff, 0xff, 0xff,
  0xff, 0xff, 0xff, 0xff, 0xff, 0xff, 0xff, 0xff, 0xff, 0xff, 0xff, 0xff,
  0xff, 0xff, 0xff, 0xff, 0xff, 0xff, 0xff, 0xff, 0xff, 0xff, 0xff, 0xff,
  0xff, 0xff, 0xff, 0xff, 0xff, 0xff, 0xff, 0xff, 0xff, 0xff, 0xff, 0xff,
  0xff, 0xff, 0xff, 0xff, 0xff, 0xff, 0xff, 0xff, 0xff, 0xff, 0xff, 0xff,
  0xff, 0xff, 0xff, 0xff, 0xff, 0xff, 0xff, 0xff, 0xff, 0xff, 0xff, 0xff,
  0xff, 0xff, 0xff, 0xff, 0xff, 0xff, 0xff, 0xff, 0xff, 0xff, 0xff, 0xff,
  0xff, 0xff, 0xff, 0xff, 0xff, 0xff, 0xff, 0xff, 0xff, 0xff, 0xff, 0xff,
  0xff, 0xff, 0xff, 0xff, 0xff, 0xff, 0xff, 0xff, 0xff, 0xff, 0xff, 0xff,
  0xff, 0xff, 0xff, 0xff, 0xff, 0xff, 0xff, 0xff, 0xff, 0xff, 0xff, 0xff,
  0xff, 0xff, 0xff, 0xff, 0xff, 0xff, 0xff, 0xff, 0xff, 0xff, 0xff, 0xff,
  0xff, 0xff, 0xff, 0xff, 0xff, 0xff, 0xff, 0xff, 0xff, 0xff, 0xff, 0xff,
  0xff, 0xff, 0xff, 0xff, 0xff, 0xff, 0xff, 0xff, 0xff, 0xff, 0xff, 0xff,
  0xff, 0xff, 0xff, 0xff, 0xff, 0xff, 0xff, 0xff, 0xff, 0xff, 0xff, 0xff,
  0xff, 0xff, 0xff, 0xff, 0xff, 0xff, 0xff, 0xff, 0xff, 0xff, 0xff, 0xff,
  0xff, 0xff, 0xff, 0xff, 0xff, 0xff, 0xff, 0xff, 0xff, 0xff, 0xff, 0xff,
  0xff, 0xff, 0xff, 0xff, 0xff, 0xff, 0xff, 0xff, 0xff, 0xff, 0xff, 0xff,
  0xff, 0xff, 0xff, 0xff, 0xff, 0xff, 0xff, 0xff, 0xff, 0xff, 0xff, 0xff,
  0xff, 0xff, 0xff, 0xff, 0xfa, 0xfa, 0xfa, 0xff, 0x73, 0x73, 0x73, 0xff,
  0x05, 0x05, 0x05, 0xff, 0x81, 0x81, 0x81, 0xff, 0xc8, 0xc8, 0xc8, 0xff,
  0x65, 0x65, 0x65, 0xff, 0x31, 0x35, 0x37, 0xff, 0x3d, 0x54, 0x5b, 0xff,
  0x7f, 0xa4, 0xae, 0xff, 0xa9, 0xdd, 0xe9, 0xff, 0xa2, 0xec, 0xfc, 0xff,
  0x8c, 0xdf, 0xfe, 0xff, 0x65, 0xb8, 0xf0, 0xff, 0x23, 0x4a, 0x69, 0xff,
  0x4c, 0x4c, 0x4b, 0xff, 0xed, 0xed, 0xec, 0xff, 0xa3, 0xa3, 0xa3, 0xff,
  0x55, 0x54, 0x54, 0xff, 0x20, 0x20, 0x20, 0xff, 0x0a, 0x08, 0x07, 0xff,
  0x2a, 0x28, 0x26, 0xff, 0x42, 0x41, 0x3e, 0xff, 0x56, 0x55, 0x53, 0xff,
  0x5c, 0x5c, 0x5a, 0xff, 0x1f, 0x20, 0x20, 0xff, 0x00, 0x00, 0x00, 0xff,
  0x5a, 0x5a, 0x59, 0xff, 0xea, 0xea, 0xe9, 0xff, 0xf4, 0xf4, 0xf3, 0xff,
  0x8a, 0x8b, 0x8a, 0xff, 0x41, 0x6e, 0x80, 0xff, 0x88, 0xdd, 0xfa, 0xff,
  0x9c, 0xeb, 0xfd, 0xff, 0xa0, 0xed, 0xfb, 0xff, 0xa0, 0xed, 0xfb, 0xff,
  0x9d, 0xeb, 0xfb, 0xff, 0x97, 0xe7, 0xfb, 0xff, 0x8d, 0xe0, 0xfb, 0xff,
  0x83, 0xd9, 0xfa, 0xff, 0x7e, 0xd6, 0xfa, 0xff, 0x72, 0xc8, 0xf2, 0xff,
  0x57, 0xa7, 0xde, 0xff, 0x4c, 0x97, 0xcf, 0xff, 0x16, 0x2b, 0x3c, 0xff,
  0x88, 0x87, 0x86, 0xff, 0xe6, 0xe7, 0xe6, 0xff, 0xaf, 0xae, 0xaf, 0xff,
  0x23, 0x23, 0x23, 0xff, 0x07, 0x07, 0x07, 0xff, 0xb0, 0xb0, 0xb0, 0xff,
  0xff, 0xff, 0xff, 0xff, 0xff, 0xff, 0xff, 0xff, 0xff, 0xff, 0xff, 0xff,
  0xff, 0xff, 0xff, 0xff, 0xff, 0xff, 0xff, 0xff, 0xff, 0xff, 0xff, 0xff,
  0xff, 0xff, 0xff, 0xff, 0xff, 0xff, 0xff, 0xff, 0xff, 0xff, 0xff, 0xff,
  0xff, 0xff, 0xff, 0xff, 0xff, 0xff, 0xff, 0xff, 0xff, 0xff, 0xff, 0xff,
  0xff, 0xff, 0xff, 0xff, 0xff, 0xff, 0xff, 0xff, 0xff, 0xff, 0xff, 0xff,
  0xff, 0xff, 0xff, 0xff, 0xff, 0xff, 0xff, 0xff, 0xff, 0xff, 0xff, 0xff,
  0xff, 0xff, 0xff, 0xff, 0xff, 0xff, 0xff, 0xff, 0xff, 0xff, 0xff, 0xff,
  0xff, 0xff, 0xff, 0xff, 0xff, 0xff, 0xff, 0xff, 0xff, 0xff, 0xff, 0xff,
  0xff, 0xff, 0xff, 0xff, 0xff, 0xff, 0xff, 0xff, 0xff, 0xff, 0xff, 0xff,
  0xff, 0xff, 0xff, 0xff, 0xff, 0xff, 0xff, 0xff, 0xff, 0xff, 0xff, 0xff,
  0xff, 0xff, 0xff, 0xff, 0xff, 0xff, 0xff, 0xff, 0xff, 0xff, 0xff, 0xff,
  0xff, 0xff, 0xff, 0xff, 0xff, 0xff, 0xff, 0xff, 0xff, 0xff, 0xff, 0xff,
  0xff, 0xff, 0xff, 0xff, 0xff, 0xff, 0xff, 0xff, 0xff, 0xff, 0xff, 0xff,
  0xff, 0xff, 0xff, 0xff, 0xff, 0xff, 0xff, 0xff, 0xff, 0xff, 0xff, 0xff,
  0xff, 0xff, 0xff, 0xff, 0xff, 0xff, 0xff, 0xff, 0xff, 0xff, 0xff, 0xff,
  0xff, 0xff, 0xff, 0xff, 0xff, 0xff, 0xff, 0xff, 0xff, 0xff, 0xff, 0xff,
  0xff, 0xff, 0xff, 0xff, 0xff, 0xff, 0xff, 0xff, 0xff, 0xff, 0xff, 0xff,
  0xff, 0xff, 0xff, 0xff, 0xff, 0xff, 0xff, 0xff, 0xff, 0xff, 0xff, 0xff,
  0xff, 0xff, 0xff, 0xff, 0xff, 0xff, 0xff, 0xff, 0xff, 0xff, 0xff, 0xff,
  0xff, 0xff, 0xff, 0xff, 0xff, 0xff, 0xff, 0xff, 0xff, 0xff, 0xff, 0xff,
  0xff, 0xff, 0xff, 0xff, 0xff, 0xff, 0xff, 0xff, 0xff, 0xff, 0xff, 0xff,
  0xff, 0xff, 0xff, 0xff, 0xff, 0xff, 0xff, 0xff, 0xff, 0xff, 0xff, 0xff,
  0xff, 0xff, 0xff, 0xff, 0xff, 0xff, 0xff, 0xff, 0xff, 0xff, 0xff, 0xff,
  0xff, 0xff, 0xff, 0xff, 0xff, 0xff, 0xff, 0xff, 0xff, 0xff, 0xff, 0xff,
  0xff, 0xff, 0xff, 0xff, 0xff, 0xff, 0xff, 0xff, 0xff, 0xff, 0xff, 0xff,
  0xff, 0xff, 0xff, 0xff, 0xff, 0xff, 0xff, 0xff, 0xff, 0xff, 0xff, 0xff,
  0xae, 0xae, 0xae, 0xff, 0x0a, 0x0a, 0x0a, 0xff, 0x5e, 0x5e, 0x5e, 0xff,
  0xd5, 0xd5, 0xd5, 0xff, 0x69, 0x69, 0x6a, 0xff, 0x2b, 0x32, 0x34, 0xff,
  0x62, 0x84, 0x8e, 0xff, 0xc7, 0xe7, 0xed, 0xff, 0xea, 0xff, 0xff, 0xff,
  0xd1, 0xfb, 0xfd, 0xff, 0xaa, 0xf1, 0xfb, 0xff, 0x8c, 0xde, 0xfb, 0xff,
  0x69, 0xbc, 0xf2, 0xff, 0x25, 0x4d, 0x6e, 0xff, 0x55, 0x54, 0x53, 0xff,
  0xe9, 0xe9, 0xe8, 0xff, 0x9b, 0x9b, 0x9a, 0xff, 0x5f, 0x5e, 0x5e, 0xff,
  0x3c, 0x3b, 0x3b, 0xff, 0x1c, 0x1b, 0x1b, 0xff, 0x67, 0x66, 0x64, 0xff,
  0x9d, 0x9b, 0x96, 0xff, 0xa2, 0xa0, 0x9b, 0xff, 0x96, 0x94, 0x90, 0xff,
  0x39, 0x39, 0x38, 0xff, 0x16, 0x16, 0x16, 0xff, 0x47, 0x47, 0x46, 0xff,
  0xc5, 0xc5, 0xc3, 0xff, 0xf9, 0xf9, 0xf8, 0xff, 0xe9, 0xe8, 0xe7, 0xff,
  0x61, 0x67, 0x69, 0xff, 0x40, 0x6d, 0x80, 0xff, 0x65, 0xb1, 0xd6, 0xff,
  0x73, 0xc9, 0xf3, 0xff, 0x78, 0xd0, 0xf9, 0xff, 0x77, 0xd0, 0xf8, 0xff,
  0x74, 0xcd, 0xf8, 0xff, 0x71, 0xca, 0xf7, 0xff, 0x6b, 0xc4, 0xf4, 0xff,
  0x63, 0xbc, 0xf2, 0xff, 0x56, 0xaa, 0xe6, 0xff, 0x4b, 0x94, 0xcb, 0xff,
  0x24, 0x4a, 0x67, 0xff, 0x29, 0x2c, 0x2e, 0xff, 0xc9, 0xca, 0xc9, 0xff,
  0xdd, 0xdd, 0xdc, 0xff, 0x99, 0x98, 0x99, 0xff, 0x3b, 0x3b, 0x3b, 0xff,
  0x0d, 0x0d, 0x0d, 0xff, 0x5e, 0x5e, 0x5e, 0xff, 0xfd, 0xfd, 0xfd, 0xff,
  0xff, 0xff, 0xff, 0xff, 0xff, 0xff, 0xff, 0xff, 0xff, 0xff, 0xff, 0xff,
  0xff, 0xff, 0xff, 0xff, 0xff, 0xff, 0xff, 0xff, 0xff, 0xff, 0xff, 0xff,
  0xff, 0xff, 0xff, 0xff, 0xff, 0xff, 0xff, 0xff, 0xff, 0xff, 0xff, 0xff,
  0xff, 0xff, 0xff, 0xff, 0xff, 0xff, 0xff, 0xff, 0xff, 0xff, 0xff, 0xff,
  0xff, 0xff, 0xff, 0xff, 0xff, 0xff, 0xff, 0xff, 0xff, 0xff, 0xff, 0xff,
  0xff, 0xff, 0xff, 0xff, 0xff, 0xff, 0xff, 0xff, 0xff, 0xff, 0xff, 0xff,
  0xff, 0xff, 0xff, 0xff, 0xff, 0xff, 0xff, 0xff, 0xff, 0xff, 0xff, 0xff,
  0xff, 0xff, 0xff, 0xff, 0xff, 0xff, 0xff, 0xff, 0xff, 0xff, 0xff, 0xff,
  0xff, 0xff, 0xff, 0xff, 0xff, 0xff, 0xff, 0xff, 0xff, 0xff, 0xff, 0xff,
  0xff, 0xff, 0xff, 0xff, 0xff, 0xff, 0xff, 0xff, 0xff, 0xff, 0xff, 0xff,
  0xff, 0xff, 0xff, 0xff, 0xff, 0xff, 0xff, 0xff, 0xff, 0xff, 0xff, 0xff,
  0xff, 0xff, 0xff, 0xff, 0xff, 0xff, 0xff, 0xff, 0xff, 0xff, 0xff, 0xff,
  0xff, 0xff, 0xff, 0xff, 0xff, 0xff, 0xff, 0xff, 0xff, 0xff, 0xff, 0xff,
  0xff, 0xff, 0xff, 0xff, 0xff, 0xff, 0xff, 0xff, 0xff, 0xff, 0xff, 0xff,
  0xff, 0xff, 0xff, 0xff, 0xff, 0xff, 0xff, 0xff, 0xff, 0xff, 0xff, 0xff,
  0xff, 0xff, 0xff, 0xff, 0xff, 0xff, 0xff, 0xff, 0xff, 0xff, 0xff, 0xff,
  0xff, 0xff, 0xff, 0xff, 0xff, 0xff, 0xff, 0xff, 0xff, 0xff, 0xff, 0xff,
  0xff, 0xff, 0xff, 0xff, 0xff, 0xff, 0xff, 0xff, 0xff, 0xff, 0xff, 0xff,
  0xff, 0xff, 0xff, 0xff, 0xff, 0xff, 0xff, 0xff, 0xff, 0xff, 0xff, 0xff,
  0xff, 0xff, 0xff, 0xff, 0xff, 0xff, 0xff, 0xff, 0xff, 0xff, 0xff, 0xff,
  0xff, 0xff, 0xff, 0xff, 0xff, 0xff, 0xff, 0xff, 0xff, 0xff, 0xff, 0xff,
  0xff, 0xff, 0xff, 0xff, 0xff, 0xff, 0xff, 0xff, 0xff, 0xff, 0xff, 0xff,
  0xff, 0xff, 0xff, 0xff, 0xff, 0xff, 0xff, 0xff, 0xff, 0xff, 0xff, 0xff,
  0xff, 0xff, 0xff, 0xff, 0xff, 0xff, 0xff, 0xff, 0xff, 0xff, 0xff, 0xff,
  0xff, 0xff, 0xff, 0xff, 0xff, 0xff, 0xff, 0xff, 0xff, 0xff, 0xff, 0xff,
  0xff, 0xff, 0xff, 0xff, 0xec, 0xec, 0xec, 0xff, 0x39, 0x39, 0x39, 0xff,
  0x25, 0x25, 0x25, 0xff, 0xcf, 0xcf, 0xce, 0xff, 0xa3, 0xa3, 0xa3, 0xff,
  0x31, 0x36, 0x38, 0xff, 0x5a, 0x85, 0x92, 0xff, 0xd4, 0xf4, 0xf9, 0xff,
  0xec, 0xff, 0xfe, 0xff, 0xd5, 0xfa, 0xfd, 0xff, 0xb4, 0xf5, 0xfb, 0xff,
  0x9b, 0xe8, 0xfb, 0xff, 0x7c, 0xd0, 0xf8, 0xff, 0x53, 0x9e, 0xd8, 0xff,
  0x17, 0x29, 0x38, 0xff, 0x99, 0x98, 0x96, 0xff, 0xe4, 0xe4, 0xe4, 0xff,
  0x78, 0x78, 0x78, 0xff, 0x61, 0x60, 0x60, 0xff, 0x38, 0x36, 0x36, 0xff,
  0x1c, 0x1b, 0x1b, 0xff, 0x59, 0x58, 0x56, 0xff, 0x98, 0x96, 0x91, 0xff,
  0xa1, 0x9f, 0x9a, 0xff, 0x92, 0x90, 0x8c, 0xff, 0x41, 0x40, 0x3f, 0xff,
  0x1e, 0x1e, 0x1e, 0xff, 0x5a, 0x5a, 0x59, 0xff, 0x6e, 0x6e, 0x6d, 0xff,
  0xe0, 0xdf, 0xde, 0xff, 0xf9, 0xf9, 0xf8, 0xff, 0xe3, 0xe3, 0xe2, 0xff,
  0x76, 0x77, 0x77, 0xff, 0x24, 0x31, 0x3a, 0xff, 0x22, 0x44, 0x5a, 0xff,
  0x3c, 0x77, 0x9c, 0xff, 0x4c, 0x96, 0xc6, 0xff, 0x4e, 0x9b, 0xcf, 0xff,
  0x4d, 0x9b, 0xd1, 0xff, 0x48, 0x93, 0xca, 0xff, 0x3e, 0x80, 0xb1, 0xff,
  0x2a, 0x58, 0x7a, 0xff, 0x14, 0x28, 0x37, 0xff, 0x2f, 0x31, 0x33, 0xff,
  0xad, 0xae, 0xad, 0xff, 0xe5, 0xe6, 0xe5, 0xff, 0xc7, 0xc7, 0xc6, 0xff,
  0x66, 0x66, 0x65, 0xff, 0x5e, 0x5e, 0x5e, 0xff, 0x1d, 0x1d, 0x1d, 0xff,
  0x25, 0x25, 0x25, 0xff, 0xdf, 0xdf, 0xdf, 0xff, 0xff, 0xff, 0xff, 0xff,
  0xff, 0xff, 0xff, 0xff, 0xff, 0xff, 0xff, 0xff, 0xff, 0xff, 0xff, 0xff,
  0xff, 0xff, 0xff, 0xff, 0xff, 0xff, 0xff, 0xff, 0xff, 0xff, 0xff, 0xff,
  0xff, 0xff, 0xff, 0xff, 0xff, 0xff, 0xff, 0xff, 0xff, 0xff, 0xff, 0xff,
  0xff, 0xff, 0xff, 0xff, 0xff, 0xff, 0xff, 0xff, 0xff, 0xff, 0xff, 0xff,
  0xff, 0xff, 0xff, 0xff, 0xff, 0xff, 0xff, 0xff, 0xff, 0xff, 0xff, 0xff,
  0xff, 0xff, 0xff, 0xff, 0xff, 0xff, 0xff, 0xff, 0xff, 0xff, 0xff, 0xff,
  0xff, 0xff, 0xff, 0xff, 0xff, 0xff, 0xff, 0xff, 0xff, 0xff, 0xff, 0xff,
  0xff, 0xff, 0xff, 0xff, 0xff, 0xff, 0xff, 0xff, 0xff, 0xff, 0xff, 0xff,
  0xff, 0xff, 0xff, 0xff, 0xff, 0xff, 0xff, 0xff, 0xff, 0xff, 0xff, 0xff,
  0xff, 0xff, 0xff, 0xff, 0xff, 0xff, 0xff, 0xff, 0xfa, 0xfa, 0xfa, 0xff,
  0xe7, 0xe7, 0xe7, 0xff, 0xd5, 0xd5, 0xd5, 0xff, 0xcf, 0xcf, 0xcf, 0xff,
  0xd2, 0xd2, 0xd2, 0xff, 0xe4, 0xe4, 0xe4, 0xff, 0xfc, 0xfc, 0xfc, 0xff,
  0xff, 0xff, 0xff, 0xff, 0xff, 0xff, 0xff, 0xff, 0xff, 0xff, 0xff, 0xff,
  0xff, 0xff, 0xff, 0xff, 0xff, 0xff, 0xff, 0xff, 0xff, 0xff, 0xff, 0xff,
  0xff, 0xff, 0xff, 0xff, 0xff, 0xff, 0xff, 0xff, 0xff, 0xff, 0xff, 0xff,
  0xff, 0xff, 0xff, 0xff, 0xff, 0xff, 0xff, 0xff, 0xff, 0xff, 0xff, 0xff,
  0xff, 0xff, 0xff, 0xff, 0xff, 0xff, 0xff, 0xff, 0xff, 0xff, 0xff, 0xff,
  0xff, 0xff, 0xff, 0xff, 0xff, 0xff, 0xff, 0xff, 0xff, 0xff, 0xff, 0xff,
  0xff, 0xff, 0xff, 0xff, 0xff, 0xff, 0xff, 0xff, 0xff, 0xff, 0xff, 0xff,
  0xff, 0xff, 0xff, 0xff, 0xff, 0xff, 0xff, 0xff, 0xff, 0xff, 0xff, 0xff,
  0xff, 0xff, 0xff, 0xff, 0xff, 0xff, 0xff, 0xff, 0xff, 0xff, 0xff, 0xff,
  0xff, 0xff, 0xff, 0xff, 0xff, 0xff, 0xff, 0xff, 0xff, 0xff, 0xff, 0xff,
  0xff, 0xff, 0xff, 0xff, 0xff, 0xff, 0xff, 0xff, 0xff, 0xff, 0xff, 0xff,
  0xff, 0xff, 0xff, 0xff, 0xff, 0xff, 0xff, 0xff, 0xff, 0xff, 0xff, 0xff,
  0xff, 0xff, 0xff, 0xff, 0xff, 0xff, 0xff, 0xff, 0xff, 0xff, 0xff, 0xff,
  0xac, 0xac, 0xac, 0xff, 0x06, 0x06, 0x06, 0xff, 0x8a, 0x8a, 0x8a, 0xff,
  0xd8, 0xd8, 0xd7, 0xff, 0x55, 0x55, 0x55, 0xff, 0x3b, 0x5c, 0x67, 0xff,
  0xa2, 0xe1, 0xef, 0xff, 0xcf, 0xfb, 0xfe, 0xff, 0xc6, 0xf8, 0xfc, 0xff,
  0xae, 0xf2, 0xfc, 0xff, 0x9d, 0xeb, 0xfc, 0xff, 0x85, 0xd7, 0xf9, 0xff,
  0x61, 0xb3, 0xee, 0xff, 0x2c, 0x59, 0x7f, 0xff, 0x42, 0x44, 0x44, 0xff,
  0xde, 0xde, 0xdd, 0xff, 0xc3, 0xc3, 0xc3, 0xff, 0x59, 0x58, 0x59, 0xff,
  0x6b, 0x6a, 0x6b, 0xff, 0x3a, 0x39, 0x39, 0xff, 0x1c, 0x1b, 0x1b, 0xff,
  0x53, 0x52, 0x50, 0xff, 0x92, 0x91, 0x8c, 0xff, 0x99, 0x97, 0x92, 0xff,
  0x89, 0x88, 0x84, 0xff, 0x48, 0x47, 0x46, 0xff, 0x12, 0x12, 0x11, 0xff,
  0x6a, 0x69, 0x68, 0xff, 0x6b, 0x6a, 0x6a, 0xff, 0x7b, 0x7b, 0x7a, 0xff,
  0xd8, 0xd7, 0xd6, 0xff, 0xf6, 0xf6, 0xf5, 0xff, 0xf6, 0xf6, 0xf5, 0xff,
  0xc7, 0xc6, 0xc5, 0xff, 0x7c, 0x7b, 0x7a, 0xff, 0x48, 0x4a, 0x4b, 0xff,
  0x2f, 0x37, 0x3d, 0xff, 0x16, 0x22, 0x2b, 0xff, 0x13, 0x20, 0x2b, 0xff,
  0x18, 0x22, 0x2a, 0xff, 0x24, 0x28, 0x2d, 0xff, 0x3e, 0x3e, 0x3e, 0xff,
  0x81, 0x81, 0x80, 0xff, 0xd0, 0xd0, 0xcf, 0xff, 0xe6, 0xe7, 0xe6, 0xff,
  0xcd, 0xcd, 0xcc, 0xff, 0x85, 0x85, 0x84, 0xff, 0x45, 0x45, 0x45, 0xff,
  0x7a, 0x7a, 0x7a, 0xff, 0x24, 0x24, 0x24, 0xff, 0x00, 0x00, 0x00, 0xff,
  0x57, 0x57, 0x57, 0xff, 0xe5, 0xe5, 0xe5, 0xff, 0xff, 0xff, 0xff, 0xff,
  0xff, 0xff, 0xff, 0xff, 0xff, 0xff, 0xff, 0xff, 0xff, 0xff, 0xff, 0xff,
  0xff, 0xff, 0xff, 0xff, 0xff, 0xff, 0xff, 0xff, 0xff, 0xff, 0xff, 0xff,
  0xff, 0xff, 0xff, 0xff, 0xff, 0xff, 0xff, 0xff, 0xff, 0xff, 0xff, 0xff,
  0xff, 0xff, 0xff, 0xff, 0xff, 0xff, 0xff, 0xff, 0xff, 0xff, 0xff, 0xff,
  0xff, 0xff, 0xff, 0xff, 0xff, 0xff, 0xff, 0xff, 0xff, 0xff, 0xff, 0xff,
  0xff, 0xff, 0xff, 0xff, 0xff, 0xff, 0xff, 0xff, 0xff, 0xff, 0xff, 0xff,
  0xff, 0xff, 0xff, 0xff, 0xff, 0xff, 0xff, 0xff, 0xff, 0xff, 0xff, 0xff,
  0xff, 0xff, 0xff, 0xff, 0xff, 0xff, 0xff, 0xff, 0xff, 0xff, 0xff, 0xff,
  0xff, 0xff, 0xff, 0xff, 0xf2, 0xf2, 0xf2, 0xff, 0xc5, 0xc5, 0xc5, 0xff,
  0x88, 0x88, 0x88, 0xff, 0x4e, 0x4e, 0x4e, 0xff, 0x29, 0x28, 0x28, 0xff,
  0x11, 0x11, 0x11, 0xff, 0x0e, 0x0d, 0x0d, 0xff, 0x0f, 0x0f, 0x0f, 0xff,
  0x24, 0x24, 0x24, 0xff, 0x5d, 0x5d, 0x5d, 0xff, 0xbd, 0xbd, 0xbd, 0xff,
  0xfc, 0xfc, 0xfc, 0xff, 0xff, 0xff, 0xff, 0xff, 0xff, 0xff, 0xff, 0xff,
  0xff, 0xff, 0xff, 0xff, 0xff, 0xff, 0xff, 0xff, 0xff, 0xff, 0xff, 0xff,
  0xff, 0xff, 0xff, 0xff, 0xff, 0xff, 0xff, 0xff, 0xff, 0xff, 0xff, 0xff,
  0xff, 0xff, 0xff, 0xff, 0xff, 0xff, 0xff, 0xff, 0xff, 0xff, 0xff, 0xff,
  0xff, 0xff, 0xff, 0xff, 0xff, 0xff, 0xff, 0xff, 0xff, 0xff, 0xff, 0xff,
  0xff, 0xff, 0xff, 0xff, 0xff, 0xff, 0xff, 0xff, 0xff, 0xff, 0xff, 0xff,
  0xff, 0xff, 0xff, 0xff, 0xff, 0xff, 0xff, 0xff, 0xff, 0xff, 0xff, 0xff,
  0xff, 0xff, 0xff, 0xff, 0xff, 0xff, 0xff, 0xff, 0xff, 0xff, 0xff, 0xff,
  0xff, 0xff, 0xff, 0xff, 0xff, 0xff, 0xff, 0xff, 0xff, 0xff, 0xff, 0xff,
  0xff, 0xff, 0xff, 0xff, 0xff, 0xff, 0xff, 0xff, 0xff, 0xff, 0xff, 0xff,
  0xff, 0xff, 0xff, 0xff, 0xff, 0xff, 0xff, 0xff, 0xff, 0xff, 0xff, 0xff,
  0xff, 0xff, 0xff, 0xff, 0xff, 0xff, 0xff, 0xff, 0xff, 0xff, 0xff, 0xff,
  0xff, 0xff, 0xff, 0xff, 0xff, 0xff, 0xff, 0xff, 0x68, 0x68, 0x68, 0xff,
  0x18, 0x18, 0x18, 0xff, 0xd2, 0xd2, 0xd2, 0xff, 0xac, 0xab, 0xaa, 0xff,
  0x22, 0x2b, 0x30, 0xff, 0x6b, 0xaa, 0xbf, 0xff, 0xc0, 0xf8, 0xfe, 0xff,
  0xb9, 0xf6, 0xfc, 0xff, 0xa4, 0xf0, 0xfc, 0xff, 0x98, 0xe9, 0xfc, 0xff,
  0x82, 0xd7, 0xfa, 0xff, 0x63, 0xb6, 0xef, 0xff, 0x36, 0x6d, 0x9a, 0xff,
  0x26, 0x2d, 0x33, 0xff, 0xba, 0xb9, 0xb8, 0xff, 0xe0, 0xe0, 0xdf, 0xff,
  0x84, 0x84, 0x84, 0xff, 0x66, 0x66, 0x66, 0xff, 0x71, 0x70, 0x70, 0xff,
  0x31, 0x30, 0x30, 0xff, 0x1d, 0x1c, 0x1c, 0xff, 0x39, 0x38, 0x37, 0xff,
  0x49, 0x48, 0x46, 0xff, 0x4a, 0x49, 0x46, 0xff, 0x49, 0x48, 0x45, 0xff,
  0x3a, 0x39, 0x38, 0xff, 0x09, 0x08, 0x08, 0xff, 0x4b, 0x4b, 0x4a, 0xff,
  0x81, 0x80, 0x7f, 0xff, 0x74, 0x74, 0x74, 0xff, 0x97, 0x97, 0x96, 0xff,
  0xc5, 0xc5, 0xc3, 0xff, 0xe0, 0xe0, 0xde, 0xff, 0xf1, 0xf1, 0xf0, 0xff,
  0xf8, 0xf8, 0xf7, 0xff, 0xf0, 0xf0, 0xef, 0xff, 0xdc, 0xdc, 0xdb, 0xff,
  0xb4, 0xb4, 0xb3, 0xff, 0xae, 0xae, 0xac, 0xff, 0xb8, 0xb8, 0xb7, 0xff,
  0xce, 0xce, 0xcd, 0xff, 0xe0, 0xe1, 0xe0, 0xff, 0xe9, 0xea, 0xe9, 0xff,
  0xdd, 0xde, 0xdc, 0xff, 0xb9, 0xb9, 0xb8, 0xff, 0x72, 0x72, 0x72, 0xff,
  0x45, 0x45, 0x44, 0xff, 0x66, 0x66, 0x66, 0xff, 0x74, 0x74, 0x74, 0xff,
  0x1e, 0x1e, 0x1e, 0xff, 0x03, 0x02, 0x02, 0xff, 0x02, 0x01, 0x00, 0xff,
  0x49, 0x49, 0x49, 0xff, 0xdf, 0xdf, 0xdf, 0xff, 0xff, 0xff, 0xff, 0xff,
  0xff, 0xff, 0xff, 0xff, 0xff, 0xff, 0xff, 0xff, 0xff, 0xff, 0xff, 0xff,
  0xff, 0xff, 0xff, 0xff, 0xff, 0xff, 0xff, 0xff, 0xff, 0xff, 0xff, 0xff,
  0xff, 0xff, 0xff, 0xff, 0xff, 0xff, 0xff, 0xff, 0xff, 0xff, 0xff, 0xff,
  0xff, 0xff, 0xff, 0xff, 0xff, 0xff, 0xff, 0xff, 0xff, 0xff, 0xff, 0xff,
  0xff, 0xff, 0xff, 0xff, 0xff, 0xff, 0xff, 0xff, 0xff, 0xff, 0xff, 0xff,
  0xff, 0xff, 0xff, 0xff, 0xff, 0xff, 0xff, 0xff, 0xff, 0xff, 0xff, 0xff,
  0xff, 0xff, 0xff, 0xff, 0xff, 0xff, 0xff, 0xff, 0xff, 0xff, 0xff, 0xff,
  0xff, 0xff, 0xff, 0xff, 0xe0, 0xe0, 0xe0, 0xff, 0x93, 0x93, 0x93, 0xff,
  0x3f, 0x3f, 0x3f, 0xff, 0x0c, 0x0c, 0x0c, 0xff, 0x02, 0x02, 0x02, 0xff,
  0x17, 0x19, 0x19, 0xff, 0x38, 0x3b, 0x3b, 0xff, 0x57, 0x5c, 0x5c, 0xff,
  0x6c, 0x72, 0x72, 0xff, 0x60, 0x65, 0x65, 0xff, 0x38, 0x3b, 0x3b, 0xff,
  0x0b, 0x0c, 0x0c, 0xff, 0x0e, 0x0e, 0x0e, 0xff, 0x7a, 0x7a, 0x7a, 0xff,
  0xf1, 0xf1, 0xf1, 0xff, 0xff, 0xff, 0xff, 0xff, 0xff, 0xff, 0xff, 0xff,
  0xff, 0xff, 0xff, 0xff, 0xff, 0xff, 0xff, 0xff, 0xff, 0xff, 0xff, 0xff,
  0xf9, 0xf9, 0xf9, 0xff, 0xc9, 0xc9, 0xc9, 0xff, 0x8d, 0x8d, 0x8d, 0xff,
  0x74, 0x74, 0x74, 0xff, 0x72, 0x72, 0x72, 0xff, 0x7b, 0x7b, 0x7b, 0xff,
  0x9a, 0x9a, 0x9a, 0xff, 0xc0, 0xc0, 0xc0, 0xff, 0xe3, 0xe3, 0xe3, 0xff,
  0xfa, 0xfa, 0xfa, 0xff, 0xff, 0xff, 0xff, 0xff, 0xff, 0xff, 0xff, 0xff,
  0xff, 0xff, 0xff, 0xff, 0xff, 0xff, 0xff, 0xff, 0xff, 0xff, 0xff, 0xff,
  0xff, 0xff, 0xff, 0xff, 0xff, 0xff, 0xff, 0xff, 0xff, 0xff, 0xff, 0xff,
  0xff, 0xff, 0xff, 0xff, 0xff, 0xff, 0xff, 0xff, 0xff, 0xff, 0xff, 0xff,
  0xff, 0xff, 0xff, 0xff, 0xff, 0xff, 0xff, 0xff, 0xff, 0xff, 0xff, 0xff,
  0xff, 0xff, 0xff, 0xff, 0xff, 0xff, 0xff, 0xff, 0xff, 0xff, 0xff, 0xff,
  0xff, 0xff, 0xff, 0xff, 0xff, 0xff, 0xff, 0xff, 0xff, 0xff, 0xff, 0xff,
  0xfa, 0xfa, 0xfa, 0xff, 0x4a, 0x4a, 0x4a, 0xff, 0x30, 0x30, 0x31, 0xff,
  0xe8, 0xe8, 0xe8, 0xff, 0x96, 0x95, 0x93, 0xff, 0x19, 0x2e, 0x39, 0xff,
  0x7a, 0xc7, 0xe4, 0xff, 0xb0, 0xf4, 0xfd, 0xff, 0xa0, 0xee, 0xfd, 0xff,
  0x91, 0xe5, 0xfc, 0xff, 0x73, 0xcd, 0xf8, 0xff, 0x55, 0xa9, 0xdd, 0xff,
  0x2b, 0x58, 0x7b, 0xff, 0x25, 0x2c, 0x32, 0xff, 0xa7, 0xa6, 0xa5, 0xff,
  0xe5, 0xe5, 0xe5, 0xff, 0xa2, 0xa2, 0xa2, 0xff, 0x61, 0x61, 0x60, 0xff,
  0x7c, 0x7c, 0x7b, 0xff, 0x60, 0x60, 0x60, 0xff, 0x21, 0x20, 0x20, 0xff,
  0x17, 0x16, 0x16, 0xff, 0x21, 0x22, 0x21, 0xff, 0x1b, 0x1b, 0x1b, 0xff,
  0x18, 0x18, 0x17, 0xff, 0x1a, 0x1a, 0x19, 0xff, 0x1a, 0x19, 0x18, 0xff,
  0x0e, 0x0e, 0x0e, 0xff, 0x26, 0x25, 0x25, 0xff, 0x65, 0x65, 0x64, 0xff,
  0x85, 0x84, 0x84, 0xff, 0x8f, 0x8f, 0x8f, 0xff, 0x93, 0x93, 0x93, 0xff,
  0xa1, 0xa0, 0xa0, 0xff, 0xba, 0xba, 0xb9, 0xff, 0xc7, 0xc6, 0xc5, 0xff,
  0xd4, 0xd4, 0xd2, 0xff, 0xd9, 0xd9, 0xd8, 0xff, 0xda, 0xdb, 0xda, 0xff,
  0xdc, 0xdd, 0xdb, 0xff, 0xda, 0xda, 0xd9, 0xff, 0xd4, 0xd5, 0xd4, 0xff,
  0xc6, 0xc6, 0xc5, 0xff, 0xad, 0xad, 0xac, 0xff, 0x7f, 0x7f, 0x7f, 0xff,
  0x4c, 0x4c, 0x4c, 0xff, 0x4a, 0x4a, 0x4a, 0xff, 0x65, 0x65, 0x65, 0xff,
  0x70, 0x70, 0x70, 0xff, 0x5a, 0x59, 0x59, 0xff, 0x1a, 0x1a, 0x1a, 0xff,
  0x11, 0x0e, 0x0d, 0xff, 0x1c, 0x14, 0x11, 0xff, 0x03, 0x02, 0x01, 0xff,
  0x48, 0x48, 0x48, 0xff, 0xe3, 0xe3, 0xe3, 0xff, 0xff, 0xff, 0xff, 0xff,
  0xff, 0xff, 0xff, 0xff, 0xff, 0xff, 0xff, 0xff, 0xff, 0xff, 0xff, 0xff,
  0xff, 0xff, 0xff, 0xff, 0xff, 0xff, 0xff, 0xff, 0xff, 0xff, 0xff, 0xff,
  0xff, 0xff, 0xff, 0xff, 0xff, 0xff, 0xff, 0xff, 0xff, 0xff, 0xff, 0xff,
  0xff, 0xff, 0xff, 0xff, 0xff, 0xff, 0xff, 0xff, 0xff, 0xff, 0xff, 0xff,
  0xff, 0xff, 0xff, 0xff, 0xff, 0xff, 0xff, 0xff, 0xff, 0xff, 0xff, 0xff,
  0xff, 0xff, 0xff, 0xff, 0xff, 0xff, 0xff, 0xff, 0xff, 0xff, 0xff, 0xff,
  0xff, 0xff, 0xff, 0xff, 0xe2, 0xe2, 0xe2, 0xff, 0x85, 0x85, 0x85, 0xff,
  0x25, 0x25, 0x25, 0xff, 0x00, 0x00, 0x00, 0xff, 0x16, 0x17, 0x17, 0xff,
  0x55, 0x59, 0x59, 0xff, 0x9b, 0xa3, 0xa3, 0xff, 0xcd, 0xd8, 0xd8, 0xff,
  0xe6, 0xf2, 0xf2, 0xff, 0xee, 0xfb, 0xfb, 0xff, 0xf3, 0xff, 0xff, 0xff,
  0xf0, 0xfd, 0xfd, 0xff, 0xe5, 0xf1, 0xf1, 0xff, 0xb4, 0xbe, 0xbe, 0xff,
  0x3e, 0x42, 0x42, 0xff, 0x00, 0x00, 0x00, 0xff, 0x76, 0x76, 0x76, 0xff,
  0xfb, 0xfb, 0xfb, 0xff, 0xff, 0xff, 0xff, 0xff, 0xff, 0xff, 0xff, 0xff,
  0xff, 0xff, 0xff, 0xff, 0xe1, 0xe1, 0xe1, 0xff, 0x65, 0x65, 0x65, 0xff,
  0x10, 0x10, 0x10, 0xff, 0x03, 0x04, 0x04, 0xff, 0x0c, 0x0d, 0x0d, 0xff,
  0x0e, 0x0f, 0x0f, 0xff, 0x0b, 0x0c, 0x0c, 0xff, 0x06, 0x06, 0x06, 0xff,
  0x08, 0x08, 0x08, 0xff, 0x22, 0x22, 0x22, 0xff, 0x54, 0x54, 0x54, 0xff,
  0x9a, 0x9a, 0x9a, 0xff, 0xda, 0xda, 0xda, 0xff, 0xfd, 0xfd, 0xfd, 0xff,
  0xff, 0xff, 0xff, 0xff, 0xff, 0xff, 0xff, 0xff, 0xff, 0xff, 0xff, 0xff,
  0xff, 0xff, 0xff, 0xff, 0xff, 0xff, 0xff, 0xff, 0xff, 0xff, 0xff, 0xff,
  0xff, 0xff, 0xff, 0xff, 0xff, 0xff, 0xff, 0xff, 0xff, 0xff, 0xff, 0xff,
  0xff, 0xff, 0xff, 0xff, 0xff, 0xff, 0xff, 0xff, 0xff, 0xff, 0xff, 0xff,
  0xff, 0xff, 0xff, 0xff, 0xff, 0xff, 0xff, 0xff, 0xff, 0xff, 0xff, 0xff,
  0xff, 0xff, 0xff, 0xff, 0xff, 0xff, 0xff, 0xff, 0xf9, 0xf9, 0xf9, 0xff,
  0x4a, 0x4a, 0x4a, 0xff, 0x30, 0x30, 0x30, 0xff, 0xea, 0xea, 0xea, 0xff,
  0xb9, 0xb9, 0xb7, 0xff, 0x1b, 0x25, 0x2a, 0xff, 0x4f, 0x93, 0xb1, 0xff,
  0x7c, 0xd0, 0xea, 0xff, 0x7a, 0xcf, 0xe8, 0xff, 0x57, 0xa6, 0xcc, 0xff,
  0x2d, 0x60, 0x7f, 0xff, 0x17, 0x2a, 0x36, 0xff, 0x43, 0x44, 0x45, 0xff,
  0xba, 0xb9, 0xb8, 0xff, 0xdd, 0xdd, 0xdd, 0xff, 0x8d, 0x8d, 0x8d, 0xff,
  0x62, 0x62, 0x62, 0xff, 0x79, 0x79, 0x78, 0xff, 0x76, 0x75, 0x75, 0xff,
  0x39, 0x39, 0x39, 0xff, 0x19, 0x19, 0x18, 0xff, 0x0c, 0x0a, 0x0a, 0xff,
  0x1c, 0x13, 0x0f, 0xff, 0x2d, 0x1b, 0x13, 0xff, 0x36, 0x20, 0x16, 0xff,
  0x37, 0x20, 0x16, 0xff, 0x32, 0x1d, 0x14, 0xff, 0x19, 0x10, 0x0d, 0xff,
  0x18, 0x18, 0x17, 0xff, 0x2f, 0x2f, 0x2f, 0xff, 0x65, 0x65, 0x65, 0xff,
  0x88, 0x88, 0x88, 0xff, 0x91, 0x91, 0x91, 0xff, 0x91, 0x91, 0x91, 0xff,
  0x91, 0x91, 0x91, 0xff, 0x88, 0x87, 0x87, 0xff, 0x7f, 0x7f, 0x7e, 0xff,
  0x7a, 0x79, 0x79, 0xff, 0x83, 0x83, 0x83, 0xff, 0x83, 0x83, 0x83, 0xff,
  0x7e, 0x7e, 0x7e, 0xff, 0x74, 0x74, 0x74, 0xff, 0x5f, 0x5f, 0x5f, 0xff,
  0x60, 0x60, 0x5f, 0xff, 0x67, 0x67, 0x67, 0xff, 0x6c, 0x6c, 0x6c, 0xff,
  0x6a, 0x6a, 0x6a, 0xff, 0x6a, 0x6a, 0x6a, 0xff, 0x63, 0x63, 0x63, 0xff,
  0x30, 0x30, 0x30, 0xff, 0x20, 0x20, 0x20, 0xff, 0x2d, 0x2c, 0x2b, 0xff,
  0x2c, 0x28, 0x26, 0xff, 0x0f, 0x0b, 0x09, 0xff, 0x00, 0x00, 0x00, 0xff,
  0x5a, 0x5a, 0x5a, 0xff, 0xf2, 0xf2, 0xf2, 0xff, 0xff, 0xff, 0xff, 0xff,
  0xff, 0xff, 0xff, 0xff, 0xff, 0xff, 0xff, 0xff, 0xff, 0xff, 0xff, 0xff,
  0xff, 0xff, 0xff, 0xff, 0xff, 0xff, 0xff, 0xff, 0xff, 0xff, 0xff, 0xff,
  0xff, 0xff, 0xff, 0xff, 0xff, 0xff, 0xff, 0xff, 0xff, 0xff, 0xff, 0xff,
  0xff, 0xff, 0xff, 0xff, 0xff, 0xff, 0xff, 0xff, 0xff, 0xff, 0xff, 0xff,
  0xff, 0xff, 0xff, 0xff, 0xff, 0xff, 0xff, 0xff, 0xff, 0xff, 0xff, 0xff,
  0xff, 0xff, 0xff, 0xff, 0xf3, 0xf3, 0xf3, 0xff, 0x9e, 0x9e, 0x9e, 0xff,
  0x2d, 0x2d, 0x2d, 0xff, 0x00, 0x00, 0x00, 0xff, 0x26, 0x29, 0x29, 0xff,
  0x7c, 0x83, 0x83, 0xff, 0xc7, 0xd2, 0xd2, 0xff, 0xed, 0xf9, 0xf9, 0xff,
  0xf4, 0xff, 0xff, 0xff, 0xf2, 0xff, 0xff, 0xff, 0xf1, 0xfe, 0xfe, 0xff,
  0xf0, 0xfd, 0xfd, 0xff, 0xf0, 0xfd, 0xfd, 0xff, 0xf0, 0xfd, 0xfd, 0xff,
  0xf1, 0xfe, 0xfe, 0xff, 0xf4, 0xff, 0xff, 0xff, 0xd5, 0xe1, 0xe1, 0xff,
  0x3f, 0x43, 0x43, 0xff, 0x0b, 0x0b, 0x0b, 0xff, 0xb4, 0xb4, 0xb4, 0xff,
  0xff, 0xff, 0xff, 0xff, 0xff, 0xff, 0xff, 0xff, 0xe6, 0xe6, 0xe6, 0xff,
  0x49, 0x49, 0x49, 0xff, 0x04, 0x05, 0x05, 0xff, 0x52, 0x56, 0x56, 0xff,
  0xa1, 0xaa, 0xaa, 0xff, 0xc4, 0xcf, 0xcf, 0xff, 0xc8, 0xd3, 0xd3, 0xff,
  0xc1, 0xcb, 0xcb, 0xff, 0xa1, 0xaa, 0xaa, 0xff, 0x7d, 0x84, 0x84, 0xff,
  0x48, 0x4c, 0x4c, 0xff, 0x18, 0x1a, 0x1a, 0xff, 0x03, 0x03, 0x03, 0xff,
  0x1c, 0x1b, 0x1b, 0xff, 0x65, 0x65, 0x65, 0xff, 0xbe, 0xbe, 0xbe, 0xff,
  0xf6, 0xf6, 0xf6, 0xff, 0xff, 0xff, 0xff, 0xff, 0xff, 0xff, 0xff, 0xff,
  0xff, 0xff, 0xff, 0xff, 0xff, 0xff, 0xff, 0xff, 0xff, 0xff, 0xff, 0xff,
  0xff, 0xff, 0xff, 0xff, 0xff, 0xff, 0xff, 0xff, 0xff, 0xff, 0xff, 0xff,
  0xff, 0xff, 0xff, 0xff, 0xff, 0xff, 0xff, 0xff, 0xff, 0xff, 0xff, 0xff,
  0xff, 0xff, 0xff, 0xff, 0xff, 0xff, 0xff, 0xff, 0xff, 0xff, 0xff, 0xff,
  0xff, 0xff, 0xff, 0xff, 0xff, 0xff, 0xff, 0xff, 0x65, 0x65, 0x65, 0xff,
  0x15, 0x15, 0x15, 0xff, 0xc9, 0xc9, 0xc9, 0xff, 0xe7, 0xe7, 0xe6, 0xff,
  0x65, 0x65, 0x64, 0xff, 0x1a, 0x25, 0x29, 0xff, 0x1e, 0x35, 0x3e, 0xff,
  0x24, 0x3a, 0x42, 0xff, 0x2a, 0x35, 0x3a, 0xff, 0x50, 0x50, 0x4f, 0xff,
  0x9b, 0x99, 0x98, 0xff, 0xdc, 0xdc, 0xdb, 0xff, 0xcc, 0xcc, 0xcc, 0xff,
  0x6b, 0x6b, 0x6b, 0xff, 0x47, 0x47, 0x47, 0xff, 0x7a, 0x7a, 0x7a, 0xff,
  0x7a, 0x79, 0x79, 0xff, 0x4d, 0x4d, 0x4d, 0xff, 0x22, 0x22, 0x21, 0xff,
  0x16, 0x15, 0x14, 0xff, 0x32, 0x1d, 0x14, 0xff, 0x56, 0x32, 0x23, 0xff,
  0x66, 0x3d, 0x2b, 0xff, 0x6e, 0x43, 0x2f, 0xff, 0x6e, 0x43, 0x2f, 0xff,
  0x66, 0x3d, 0x2b, 0xff, 0x48, 0x2a, 0x1d, 0xff, 0x14, 0x0f, 0x0d, 0xff,
  0x21, 0x21, 0x20, 0xff, 0x2b, 0x2b, 0x2b, 0xff, 0x53, 0x53, 0x53, 0xff,
  0x7b, 0x7b, 0x7b, 0xff, 0x8c, 0x8c, 0x8c, 0xff, 0x91, 0x91, 0x91, 0xff,
  0x91, 0x91, 0x91, 0xff, 0x8f, 0x8f, 0x8f, 0xff, 0x89, 0x89, 0x89, 0xff,
  0x87, 0x87, 0x87, 0xff, 0x87, 0x87, 0x87, 0xff, 0x87, 0x87, 0x87, 0xff,
  0x87, 0x87, 0x87, 0xff, 0x8a, 0x8a, 0x8a, 0xff, 0x8b, 0x8b, 0x8b, 0xff,
  0x7d, 0x7d, 0x7d, 0xff, 0x6d, 0x6d, 0x6d, 0xff, 0x6a, 0x6a, 0x6a, 0xff,
  0x59, 0x59, 0x59, 0xff, 0x2d, 0x2d, 0x2d, 0xff, 0x27, 0x26, 0x26, 0xff,
  0x1a, 0x19, 0x19, 0xff, 0x47, 0x45, 0x44, 0xff, 0x6b, 0x69, 0x65, 0xff,
  0x37, 0x35, 0x32, 0xff, 0x00, 0x00, 0x00, 0xff, 0x03, 0x03, 0x03, 0xff,
  0x86, 0x86, 0x86, 0xff, 0xff, 0xff, 0xff, 0xff, 0xff, 0xff, 0xff, 0xff,
  0xff, 0xff, 0xff, 0xff, 0xff, 0xff, 0xff, 0xff, 0xff, 0xff, 0xff, 0xff,
  0xff, 0xff, 0xff, 0xff, 0xff, 0xff, 0xff, 0xff, 0xff, 0xff, 0xff, 0xff,
  0xff, 0xff, 0xff, 0xff, 0xff, 0xff, 0xff, 0xff, 0xff, 0xff, 0xff, 0xff,
  0xff, 0xff, 0xff, 0xff, 0xff, 0xff, 0xff, 0xff, 0xff, 0xff, 0xff, 0xff,
  0xff, 0xff, 0xff, 0xff, 0xff, 0xff, 0xff, 0xff, 0xc7, 0xc7, 0xc7, 0xff,
  0x4f, 0x4f, 0x4f, 0xff, 0x04, 0x04, 0x04, 0xff, 0x22, 0x24, 0x24, 0xff,
  0x82, 0x89, 0x89, 0xff, 0xd5, 0xe1, 0xe1, 0xff, 0xf2, 0xff, 0xff, 0xff,
  0xf3, 0xff, 0xff, 0xff, 0xf1, 0xfd, 0xfd, 0xff, 0xf0, 0xfd, 0xfd, 0xff,
  0xf0, 0xfd, 0xfd, 0xff, 0xf0, 0xfd, 0xfd, 0xff, 0xf0, 0xfd, 0xfd, 0xff,
  0xf1, 0xfd, 0xfd, 0xff, 0xf7, 0xfd, 0xfd, 0xff, 0xf6, 0xfd, 0xfd, 0xff,
  0xf1, 0xfd, 0xfd, 0xff, 0xf4, 0xff, 0xff, 0xff, 0xba, 0xc4, 0xc4, 0xff,
  0x10, 0x11, 0x11, 0xff, 0x50, 0x50, 0x50, 0xff, 0xf6, 0xf6, 0xf6, 0xff,
  0xfd, 0xfd, 0xfd, 0xff, 0x76, 0x76, 0x76, 0xff, 0x02, 0x03, 0x03, 0xff,
  0x77, 0x7e, 0x7e, 0xff, 0xe9, 0xf6, 0xf6, 0xff, 0xf4, 0xff, 0xff, 0xff,
  0xf3, 0xff, 0xff, 0xff, 0xf3, 0xff, 0xff, 0xff, 0xf3, 0xff, 0xff, 0xff,
  0xf4, 0xff, 0xff, 0xff, 0xf3, 0xff, 0xff, 0xff, 0xeb, 0xf7, 0xf7, 0xff,
  0xcd, 0xd8, 0xd8, 0xff, 0x92, 0x9a, 0x9a, 0xff, 0x44, 0x48, 0x48, 0xff,
  0x0c, 0x0d, 0x0d, 0xff, 0x0b, 0x0b, 0x0b, 0xff, 0x4f, 0x4f, 0x4f, 0xff,
  0xb5, 0xb5, 0xb5, 0xff, 0xf7, 0xf7, 0xf7, 0xff, 0xff, 0xff, 0xff, 0xff,
  0xff, 0xff, 0xff, 0xff, 0xff, 0xff, 0xff, 0xff, 0xff, 0xff, 0xff, 0xff,
  0xff, 0xff, 0xff, 0xff, 0xff, 0xff, 0xff, 0xff, 0xff, 0xff, 0xff, 0xff,
  0xff, 0xff, 0xff, 0xff, 0xff, 0xff, 0xff, 0xff, 0xff, 0xff, 0xff, 0xff,
  0xff, 0xff, 0xff, 0xff, 0xff, 0xff, 0xff, 0xff, 0xff, 0xff, 0xff, 0xff,
  0xff, 0xff, 0xff, 0xff, 0xa8, 0xa8, 0xa8, 0xff, 0x05, 0x05, 0x05, 0xff,
  0x61, 0x61, 0x60, 0xff, 0xdc, 0xdc, 0xdb, 0xff, 0xe7, 0xe7, 0xe6, 0xff,
  0xbe, 0xbd, 0xbc, 0xff, 0xa2, 0xa1, 0x9f, 0xff, 0xb6, 0xb5, 0xb3, 0xff,
  0xd0, 0xcf, 0xce, 0xff, 0xe3, 0xe3, 0xe2, 0xff, 0xdb, 0xdb, 0xdb, 0xff,
  0xae, 0xae, 0xae, 0xff, 0x64, 0x64, 0x65, 0xff, 0x5d, 0x5d, 0x5e, 0xff,
  0x88, 0x87, 0x88, 0xff, 0x7e, 0x7d, 0x7e, 0xff, 0x53, 0x52, 0x53, 0xff,
  0x23, 0x23, 0x22, 0xff, 0x1f, 0x1f, 0x1f, 0xff, 0x29, 0x19, 0x13, 0xff,
  0x56, 0x32, 0x23, 0xff, 0x6c, 0x41, 0x2d, 0xff, 0x77, 0x48, 0x33, 0xff,
  0x77, 0x48, 0x33, 0xff, 0x7e, 0x4d, 0x35, 0xff, 0x81, 0x4e, 0x37, 0xff,
  0x72, 0x45, 0x30, 0xff, 0x3d, 0x24, 0x19, 0xff, 0x11, 0x0e, 0x0d, 0xff,
  0x23, 0x22, 0x22, 0xff, 0x24, 0x24, 0x23, 0xff, 0x33, 0x33, 0x33, 0xff,
  0x57, 0x57, 0x57, 0xff, 0x74, 0x74, 0x74, 0xff, 0x84, 0x84, 0x84, 0xff,
  0x8c, 0x8c, 0x8c, 0xff, 0x8f, 0x8f, 0x8f, 0xff, 0x90, 0x90, 0x90, 0xff,
  0x90, 0x90, 0x90, 0xff, 0x8e, 0x8e, 0x8e, 0xff, 0x8b, 0x8b, 0x8b, 0xff,
  0x82, 0x82, 0x82, 0xff, 0x75, 0x75, 0x75, 0xff, 0x6a, 0x6a, 0x6a, 0xff,
  0x5f, 0x5f, 0x5f, 0xff, 0x44, 0x44, 0x44, 0xff, 0x24, 0x24, 0x24, 0xff,
  0x25, 0x24, 0x24, 0xff, 0x19, 0x18, 0x18, 0xff, 0x2c, 0x2b, 0x2a, 0xff,
  0x5e, 0x5c, 0x59, 0xff, 0x8c, 0x89, 0x82, 0xff, 0x8c, 0x8a, 0x82, 0xff,
  0x39, 0x38, 0x35, 0xff, 0x00, 0x00, 0x00, 0xff, 0x15, 0x15, 0x15, 0xff,
  0xbe, 0xbe, 0xbe, 0xff, 0xff, 0xff, 0xff, 0xff, 0xff, 0xff, 0xff, 0xff,
  0xff, 0xff, 0xff, 0xff, 0xff, 0xff, 0xff, 0xff, 0xff, 0xff, 0xff, 0xff,
  0xff, 0xff, 0xff, 0xff, 0xff, 0xff, 0xff, 0xff, 0xff, 0xff, 0xff, 0xff,
  0xff, 0xff, 0xff, 0xff, 0xff, 0xff, 0xff, 0xff, 0xff, 0xff, 0xff, 0xff,
  0xff, 0xff, 0xff, 0xff, 0xff, 0xff, 0xff, 0xff, 0xf0, 0xf0, 0xf0, 0xff,
  0x89, 0x89, 0x89, 0xff, 0x17, 0x17, 0x17, 0xff, 0x0d, 0x0e, 0x0e, 0xff,
  0x68, 0x6e, 0x6e, 0xff, 0xce, 0xd9, 0xd9, 0xff, 0xf3, 0xff, 0xff, 0xff,
  0xf3, 0xff, 0xff, 0xff, 0xf0, 0xfd, 0xfd, 0xff, 0xec, 0xfd, 0xfd, 0xff,
  0xe8, 0xfd, 0xfd, 0xff, 0xea, 0xfd, 0xfd, 0xff, 0xef, 0xfd, 0xfd, 0xff,
  0xf0, 0xfd, 0xfd, 0xff, 0xf0, 0xfd, 0xfd, 0xff, 0xf4, 0xfd, 0xfd, 0xff,
  0xfc, 0xfd, 0xfd, 0xff, 0xfc, 0xfd, 0xfd, 0xff, 0xf6, 0xfd, 0xfd, 0xff,
  0xf0, 0xfd, 0xfd, 0xff, 0xed, 0xfa, 0xfa, 0xff, 0x55, 0x59, 0x59, 0xff,
  0x15, 0x15, 0x15, 0xff, 0xcc, 0xcc, 0xcc, 0xff, 0xd2, 0xd2, 0xd2, 0xff,
  0x1c, 0x1c, 0x1c, 0xff, 0x3c, 0x3f, 0x3f, 0xff, 0xe2, 0xee, 0xee, 0xff,
  0xf2, 0xff, 0xff, 0xff, 0xf0, 0xfd, 0xfd, 0xff, 0xf2, 0xfd, 0xfd, 0xff,
  0xf2, 0xfd, 0xfd, 0xff, 0xf0, 0xfd, 0xfd, 0xff, 0xf0, 0xfd, 0xfd, 0xff,
  0xf0, 0xfd, 0xfd, 0xff, 0xf0, 0xfd, 0xfd, 0xff, 0xf2, 0xff, 0xff, 0xff,
  0xf4, 0xff, 0xff, 0xff, 0xe7, 0xf4, 0xf4, 0xff, 0xb7, 0xc0, 0xc0, 0xff,
  0x5f, 0x65, 0x65, 0xff, 0x14, 0x15, 0x15, 0xff, 0x09, 0x09, 0x09, 0xff,
  0x54, 0x54, 0x54, 0xff, 0xc3, 0xc3, 0xc3, 0xff, 0xfd, 0xfd, 0xfd, 0xff,
  0xff, 0xff, 0xff, 0xff, 0xff, 0xff, 0xff, 0xff, 0xff, 0xff, 0xff, 0xff,
  0xff, 0xff, 0xff, 0xff, 0xff, 0xff, 0xff, 0xff, 0xff, 0xff, 0xff, 0xff,
  0xff, 0xff, 0xff, 0xff, 0xff, 0xff, 0xff, 0xff, 0xff, 0xff, 0xff, 0xff,
  0xff, 0xff, 0xff, 0xff, 0xff, 0xff, 0xff, 0xff, 0xff, 0xff, 0xff, 0xff,
  0xd8, 0xd8, 0xd8, 0xff, 0x16, 0x16, 0x16, 0xff, 0x23, 0x23, 0x23, 0xff,
  0x6f, 0x6f, 0x6e, 0xff, 0xb1, 0xb1, 0xb0, 0xff, 0xc7, 0xc7, 0xc7, 0xff,
  0xc7, 0xc7, 0xc7, 0xff, 0xc6, 0xc6, 0xc5, 0xff, 0xbe, 0xbe, 0xbe, 0xff,
  0xa9, 0xa9, 0xaa, 0xff, 0x95, 0x95, 0x95, 0xff, 0x7e, 0x7e, 0x7f, 0xff,
  0x83, 0x83, 0x83, 0xff, 0x8c, 0x8c, 0x8c, 0xff, 0x78, 0x78, 0x78, 0xff,
  0x4f, 0x4e, 0x4f, 0xff, 0x22, 0x22, 0x22, 0xff, 0x21, 0x21, 0x21, 0xff,
  0x1d, 0x15, 0x11, 0xff, 0x4e, 0x2d, 0x1f, 0xff, 0x69, 0x3e, 0x2b, 0xff,
  0x91, 0x57, 0x3a, 0xff, 0x92, 0x58, 0x3b, 0xff, 0x83, 0x50, 0x37, 0xff,
  0x86, 0x51, 0x38, 0xff, 0x98, 0x5d, 0x41, 0xff, 0x99, 0x5e, 0x41, 0xff,
  0x74, 0x46, 0x31, 0xff, 0x42, 0x27, 0x1b, 0xff, 0x15, 0x0f, 0x0c, 0xff,
  0x1b, 0x1b, 0x1b, 0xff, 0x26, 0x26, 0x25, 0xff, 0x25, 0x24, 0x23, 0xff,
  0x2c, 0x2c, 0x2c, 0xff, 0x3f, 0x3f, 0x3f, 0xff, 0x51, 0x51, 0x51, 0xff,
  0x60, 0x60, 0x60, 0xff, 0x66, 0x66, 0x66, 0xff, 0x67, 0x67, 0x67, 0xff,
  0x63, 0x63, 0x63, 0xff, 0x5e, 0x5e, 0x5e, 0xff, 0x50, 0x50, 0x50, 0xff,
  0x43, 0x43, 0x43, 0xff, 0x32, 0x32, 0x32, 0xff, 0x24, 0x24, 0x24, 0xff,
  0x22, 0x21, 0x21, 0xff, 0x23, 0x23, 0x23, 0xff, 0x15, 0x15, 0x15, 0xff,
  0x13, 0x12, 0x12, 0xff, 0x35, 0x34, 0x33, 0xff, 0x76, 0x74, 0x6f, 0xff,
  0x98, 0x95, 0x8d, 0xff, 0x98, 0x95, 0x8d, 0xff, 0x8d, 0x8b, 0x83, 0xff,
  0x3d, 0x3c, 0x38, 0xff, 0x00, 0x00, 0x00, 0xff, 0x3e, 0x3e, 0x3e, 0xff,
  0xe8, 0xe8, 0xe8, 0xff, 0xff, 0xff, 0xff, 0xff, 0xff, 0xff, 0xff, 0xff,
  0xff, 0xff, 0xff, 0xff, 0xff, 0xff, 0xff, 0xff, 0xff, 0xff, 0xff, 0xff,
  0xff, 0xff, 0xff, 0xff, 0xff, 0xff, 0xff, 0xff, 0xff, 0xff, 0xff, 0xff,
  0xff, 0xff, 0xff, 0xff, 0xff, 0xff, 0xff, 0xff, 0xff, 0xff, 0xff, 0xff,
  0xd1, 0xd1, 0xd1, 0xff, 0x4f, 0x4f, 0x4f, 0xff, 0x02, 0x02, 0x02, 0xff,
  0x37, 0x3a, 0x3a, 0xff, 0xae, 0xb7, 0xb7, 0xff, 0xee, 0xfb, 0xfb, 0xff,
  0xf3, 0xff, 0xff, 0xff, 0xe8, 0xfc, 0xfd, 0xff, 0xdd, 0xfb, 0xfc, 0xff,
  0xd5, 0xfc, 0xfd, 0xff, 0xc6, 0xfb, 0xfc, 0xff, 0xc1, 0xfa, 0xfc, 0xff,
  0xc2, 0xfa, 0xfc, 0xff, 0xdc, 0xfc, 0xfd, 0xff, 0xf0, 0xfd, 0xfd, 0xff,
  0xf0, 0xfd, 0xfd, 0xff, 0xf6, 0xfd, 0xfd, 0xff, 0xfc, 0xfd, 0xfd, 0xff,
  0xfc, 0xfd, 0xfd, 0xff, 0xf9, 0xfd, 0xfd, 0xff, 0xf0, 0xfd, 0xfd, 0xff,
  0xf4, 0xff, 0xff, 0xff, 0x99, 0xa1, 0xa1, 0xff, 0x06, 0x06, 0x06, 0xff,
  0x97, 0x97, 0x97, 0xff, 0x95, 0x95, 0x95, 0xff, 0x03, 0x03, 0x03, 0xff,
  0x89, 0x90, 0x90, 0xff, 0xf4, 0xff, 0xff, 0xff, 0xf0, 0xfd, 0xfd, 0xff,
  0xf5, 0xfd, 0xfd, 0xff, 0xfb, 0xfd, 0xfd, 0xff, 0xfb, 0xfd, 0xfd, 0xff,
  0xf4, 0xfd, 0xfd, 0xff, 0xf0, 0xfd, 0xfd, 0xff, 0xf0, 0xfd, 0xfd, 0xff,
  0xf0, 0xfd, 0xfd, 0xff, 0xef, 0xfd, 0xfd, 0xff, 0xf0, 0xfd, 0xfd, 0xff,
  0xf1, 0xfe, 0xfe, 0xff, 0xf4, 0xff, 0xff, 0xff, 0xee, 0xfb, 0xfb, 0xff,
  0xc1, 0xcc, 0xcc, 0xff, 0x64, 0x69, 0x69, 0xff, 0x11, 0x12, 0x12, 0xff,
  0x11, 0x11, 0x11, 0xff, 0x70, 0x70, 0x70, 0xff, 0xde, 0xde, 0xde, 0xff,
  0xff, 0xff, 0xff, 0xff, 0xff, 0xff, 0xff, 0xff, 0xff, 0xff, 0xff, 0xff,
  0xff, 0xff, 0xff, 0xff, 0xff, 0xff, 0xff, 0xff, 0xff, 0xff, 0xff, 0xff,
  0xff, 0xff, 0xff, 0xff, 0xff, 0xff, 0xff, 0xff, 0xff, 0xff, 0xff, 0xff,
  0xff, 0xff, 0xff, 0xff, 0xff, 0xff, 0xff, 0xff, 0xdd, 0xdd, 0xdd, 0xff,
  0x18, 0x18, 0x18, 0xff, 0x28, 0x28, 0x28, 0xff, 0x65, 0x64, 0x64, 0xff,
  0x56, 0x56, 0x56, 0xff, 0x53, 0x53, 0x53, 0xff, 0x50, 0x4f, 0x4f, 0xff,
  0x5a, 0x59, 0x5a, 0xff, 0x76, 0x76, 0x76, 0xff, 0x8b, 0x8b, 0x8c, 0xff,
  0x8f, 0x8f, 0x8f, 0xff, 0x8f, 0x8f, 0x8f, 0xff, 0x86, 0x85, 0x86, 0xff,
  0x6c, 0x6c, 0x6c, 0xff, 0x40, 0x3f, 0x40, 0xff, 0x20, 0x20, 0x20, 0xff,
  0x20, 0x21, 0x20, 0xff, 0x13, 0x10, 0x0e, 0xff, 0x42, 0x26, 0x1a, 0xff,
  0x68, 0x3d, 0x2a, 0xff, 0x8f, 0x56, 0x3a, 0xff, 0x9b, 0x5d, 0x3e, 0xff,
  0x9a, 0x5d, 0x3e, 0xff, 0x8e, 0x56, 0x3a, 0xff, 0x90, 0x58, 0x3c, 0xff,
  0x9f, 0x62, 0x44, 0xff, 0xa0, 0x62, 0x44, 0xff, 0x96, 0x5c, 0x40, 0xff,
  0x74, 0x46, 0x31, 0xff, 0x54, 0x33, 0x23, 0xff, 0x29, 0x19, 0x11, 0xff,
  0x13, 0x0f, 0x0e, 0xff, 0x1b, 0x1b, 0x1b, 0xff, 0x26, 0x26, 0x25, 0xff,
  0x28, 0x27, 0x26, 0xff, 0x27, 0x26, 0x25, 0xff, 0x25, 0x25, 0x24, 0xff,
  0x23, 0x23, 0x23, 0xff, 0x24, 0x23, 0x23, 0xff, 0x22, 0x22, 0x22, 0xff,
  0x21, 0x20, 0x20, 0xff, 0x1f, 0x1f, 0x1f, 0xff, 0x20, 0x1f, 0x1f, 0xff,
  0x23, 0x23, 0x23, 0xff, 0x22, 0x21, 0x22, 0xff, 0x18, 0x18, 0x18, 0xff,
  0x0d, 0x0a, 0x09, 0xff, 0x0b, 0x0a, 0x0a, 0xff, 0x1f, 0x1f, 0x1e, 0xff,
  0x23, 0x22, 0x21, 0xff, 0x43, 0x42, 0x3f, 0xff, 0x81, 0x7f, 0x78, 0xff,
  0x98, 0x95, 0x8d, 0xff, 0x99, 0x96, 0x8e, 0xff, 0x84, 0x82, 0x7b, 0xff,
  0x2b, 0x2b, 0x29, 0xff, 0x00, 0x00, 0x00, 0xff, 0x7d, 0x7d, 0x7d, 0xff,
  0xfe, 0xfe, 0xfe, 0xff, 0xff, 0xff, 0xff, 0xff, 0xff, 0xff, 0xff, 0xff,
  0xff, 0xff, 0xff, 0xff, 0xff, 0xff, 0xff, 0xff, 0xff, 0xff, 0xff, 0xff,
  0xff, 0xff, 0xff, 0xff, 0xff, 0xff, 0xff, 0xff, 0xff, 0xff, 0xff, 0xff,
  0xfd, 0xfd, 0xfd, 0xff, 0xab, 0xab, 0xab, 0xff, 0x23, 0x23, 0x23, 0xff,
  0x08, 0x09, 0x09, 0xff, 0x6d, 0x73, 0x73, 0xff, 0xd9, 0xe5, 0xe5, 0xff,
  0xf3, 0xff, 0xff, 0xff, 0xf1, 0xfd, 0xfd, 0xff, 0xe7, 0xfc, 0xfc, 0xff,
  0xb9, 0xf2, 0xf8, 0xff, 0xb6, 0xf6, 0xfa, 0xff, 0xbb, 0xfa, 0xfc, 0xff,
  0xba, 0xfa, 0xfc, 0xff, 0xba, 0xfa, 0xfc, 0xff, 0xba, 0xfa, 0xfc, 0xff,
  0xd8, 0xfc, 0xfd, 0xff, 0xf1, 0xfd, 0xfd, 0xff, 0xf0, 0xfd, 0xfd, 0xff,
  0xf2, 0xfd, 0xfd, 0xff, 0xf9, 0xfd, 0xfd, 0xff, 0xfc, 0xfd, 0xfd, 0xff,
  0xf7, 0xfd, 0xfd, 0xff, 0xf0, 0xfd, 0xfd, 0xff, 0xf3, 0xff, 0xff, 0xff,
  0xc1, 0xcc, 0xcc, 0xff, 0x11, 0x12, 0x12, 0xff, 0x6e, 0x6e, 0x6e, 0xff,
  0x67, 0x67, 0x67, 0xff, 0x09, 0x0a, 0x0a, 0xff, 0xb4, 0xbe, 0xbe, 0xff,
  0xf3, 0xff, 0xff, 0xff, 0xf1, 0xfd, 0xfd, 0xff, 0xfa, 0xfd, 0xfd, 0xff,
  0xfc, 0xfd, 0xfd, 0xff, 0xfc, 0xfd, 0xfd, 0xff, 0xfa, 0xfd, 0xfd, 0xff,
  0xf1, 0xfd, 0xfd, 0xff, 0xf0, 0xfd, 0xfd, 0xff, 0xea, 0xfd, 0xfd, 0xff,
  0xd0, 0xfc, 0xfc, 0xff, 0xd4, 0xfc, 0xfc, 0xff, 0xdf, 0xfc, 0xfd, 0xff,
  0xe9, 0xfd, 0xfd, 0xff, 0xef, 0xfd, 0xfd, 0xff, 0xf3, 0xff, 0xff, 0xff,
  0xee, 0xfb, 0xfb, 0xff, 0xba, 0xc4, 0xc4, 0xff, 0x51, 0x56, 0x56, 0xff,
  0x06, 0x07, 0x07, 0xff, 0x2a, 0x2a, 0x2a, 0xff, 0xa5, 0xa5, 0xa5, 0xff,
  0xf9, 0xf9, 0xf9, 0xff, 0xff, 0xff, 0xff, 0xff, 0xff, 0xff, 0xff, 0xff,
  0xff, 0xff, 0xff, 0xff, 0xff, 0xff, 0xff, 0xff, 0xff, 0xff, 0xff, 0xff,
  0xff, 0xff, 0xff, 0xff, 0xff, 0xff, 0xff, 0xff, 0xff, 0xff, 0xff, 0xff,
  0xff, 0xff, 0xff, 0xff, 0xe2, 0xe2, 0xe2, 0xff, 0x22, 0x22, 0x22, 0xff,
  0x04, 0x04, 0x04, 0xff, 0x4b, 0x4a, 0x4a, 0xff, 0x80, 0x7f, 0x7f, 0xff,
  0x83, 0x82, 0x82, 0xff, 0x86, 0x85, 0x85, 0xff, 0x8e, 0x8d, 0x8e, 0xff,
  0x8e, 0x8e, 0x8e, 0xff, 0x8c, 0x8b, 0x8c, 0xff, 0x82, 0x82, 0x82, 0xff,
  0x6e, 0x6e, 0x6e, 0xff, 0x4c, 0x4b, 0x4c, 0xff, 0x28, 0x28, 0x28, 0xff,
  0x20, 0x20, 0x1f, 0xff, 0x1d, 0x1d, 0x1d, 0xff, 0x14, 0x0f, 0x0d, 0xff,
  0x42, 0x27, 0x1a, 0xff, 0x6d, 0x41, 0x2c, 0xff, 0x8e, 0x56, 0x39, 0xff,
  0x9b, 0x5d, 0x3e, 0xff, 0x9a, 0x5d, 0x3e, 0xff, 0x9a, 0x5d, 0x3e, 0xff,
  0x98, 0x5c, 0x3d, 0xff, 0x9b, 0x5e, 0x40, 0xff, 0x9f, 0x62, 0x44, 0xff,
  0x9f, 0x62, 0x44, 0xff, 0xa0, 0x62, 0x44, 0xff, 0x96, 0x5c, 0x40, 0xff,
  0x79, 0x4a, 0x33, 0xff, 0x66, 0x3e, 0x2b, 0xff, 0x50, 0x30, 0x21, 0xff,
  0x30, 0x1d, 0x14, 0xff, 0x19, 0x11, 0x0d, 0xff, 0x14, 0x11, 0x10, 0xff,
  0x18, 0x18, 0x17, 0xff, 0x1e, 0x1e, 0x1d, 0xff, 0x20, 0x20, 0x20, 0xff,
  0x22, 0x22, 0x21, 0xff, 0x22, 0x22, 0x21, 0xff, 0x20, 0x20, 0x1f, 0xff,
  0x1e, 0x1d, 0x1d, 0xff, 0x16, 0x16, 0x16, 0xff, 0x13, 0x10, 0x0f, 0xff,
  0x1d, 0x13, 0x0e, 0xff, 0x34, 0x1e, 0x15, 0xff, 0x49, 0x2b, 0x1d, 0xff,
  0x3b, 0x23, 0x18, 0xff, 0x19, 0x11, 0x0d, 0xff, 0x16, 0x16, 0x15, 0xff,
  0x21, 0x20, 0x20, 0xff, 0x32, 0x31, 0x2f, 0xff, 0x6f, 0x6d, 0x67, 0xff,
  0x96, 0x93, 0x8b, 0xff, 0x8f, 0x8c, 0x85, 0xff, 0x6a, 0x68, 0x64, 0xff,
  0x13, 0x13, 0x12, 0xff, 0x14, 0x15, 0x15, 0xff, 0xc2, 0xc2, 0xc2, 0xff,
  0xff, 0xff, 0xff, 0xff, 0xff, 0xff, 0xff, 0xff, 0xff, 0xff, 0xff, 0xff,
  0xff, 0xff, 0xff, 0xff, 0xff, 0xff, 0xff, 0xff, 0xff, 0xff, 0xff, 0xff,
  0xff, 0xff, 0xff, 0xff, 0xf6, 0xf6, 0xf6, 0xff, 0x86, 0x86, 0x86, 0xff,
  0x0b, 0x0b, 0x0b, 0xff, 0x1e, 0x20, 0x20, 0xff, 0x9c, 0xa4, 0xa4, 0xff,
  0xed, 0xf9, 0xf9, 0xff, 0xf2, 0xff, 0xff, 0xff, 0xed, 0xfd, 0xfd, 0xff,
  0xdc, 0xfc, 0xfc, 0xff, 0xb2, 0xf1, 0xf8, 0xff, 0xac, 0xf1, 0xf8, 0xff,
  0xc1, 0xfb, 0xfb, 0xff, 0xbe, 0xfa, 0xfc, 0xff, 0xbd, 0xfa, 0xfc, 0xff,
  0xbc, 0xfa, 0xfc, 0xff, 0xcc, 0xfb, 0xfc, 0xff, 0xee, 0xfd, 0xfd, 0xff,
  0xf6, 0xfd, 0xfd, 0xff, 0xf5, 0xfd, 0xfd, 0xff, 0xf1, 0xfd, 0xfd, 0xff,
  0xf1, 0xfd, 0xfd, 0xff, 0xf3, 0xfd, 0xfd, 0xff, 0xf1, 0xfd, 0xfd, 0xff,
  0xf0, 0xfd, 0xfd, 0xff, 0xf1, 0xfe, 0xfe, 0xff, 0xda, 0xe6, 0xe6, 0xff,
  0x22, 0x24, 0x24, 0xff, 0x45, 0x45, 0x45, 0xff, 0x46, 0x46, 0x46, 0xff,
  0x14, 0x15, 0x15, 0xff, 0xc7, 0xd2, 0xd2, 0xff, 0xf2, 0xff, 0xff, 0xff,
  0xf2, 0xfd, 0xfd, 0xff, 0xfb, 0xfd, 0xfd, 0xff, 0xfc, 0xfd, 0xfd, 0xff,
  0xfb, 0xfd, 0xfd, 0xff, 0xf4, 0xfd, 0xfd, 0xff, 0xf0, 0xfd, 0xfd, 0xff,
  0xf1, 0xfd, 0xfd, 0xff, 0xe5, 0xfd, 0xfd, 0xff, 0xbc, 0xf8, 0xfb, 0xff,
  0xb1, 0xf4, 0xf9, 0xff, 0xbf, 0xfa, 0xfc, 0xff, 0xc6, 0xfb, 0xfc, 0xff,
  0xd0, 0xfc, 0xfc, 0xff, 0xe0, 0xfc, 0xfd, 0xff, 0xed, 0xfd, 0xfd, 0xff,
  0xf4, 0xff, 0xff, 0xff, 0xe8, 0xf4, 0xf4, 0xff, 0x9b, 0xa4, 0xa4, 0xff,
  0x29, 0x2b, 0x2b, 0xff, 0x08, 0x08, 0x08, 0xff, 0x67, 0x67, 0x67, 0xff,
  0xe1, 0xe1, 0xe1, 0xff, 0xff, 0xff, 0xff, 0xff, 0xff, 0xff, 0xff, 0xff,
  0xff, 0xff, 0xff, 0xff, 0xff, 0xff, 0xff, 0xff, 0xff, 0xff, 0xff, 0xff,
  0xff, 0xff, 0xff, 0xff, 0xff, 0xff, 0xff, 0xff, 0xff, 0xff, 0xff, 0xff,
  0xf0, 0xf0, 0xf0, 0xff, 0x3a, 0x3a, 0x3a, 0xff, 0x07, 0x07, 0x07, 0xff,
  0x1b, 0x1b, 0x1a, 0xff, 0x37, 0x37, 0x37, 0xff, 0x5b, 0x5b, 0x5b, 0xff,
  0x66, 0x66, 0x66, 0xff, 0x66, 0x65, 0x66, 0xff, 0x5f, 0x5e, 0x5f, 0xff,
  0x4d, 0x4c, 0x4d, 0xff, 0x38, 0x37, 0x38, 0xff, 0x25, 0x24, 0x24, 0xff,
  0x1f, 0x1f, 0x1e, 0xff, 0x20, 0x20, 0x1f, 0xff, 0x15, 0x15, 0x14, 0xff,
  0x1e, 0x13, 0x0e, 0xff, 0x4d, 0x2d, 0x1e, 0xff, 0x70, 0x42, 0x2d, 0xff,
  0x8f, 0x56, 0x3a, 0xff, 0x9b, 0x5d, 0x3e, 0xff, 0x9a, 0x5d, 0x3e, 0xff,
  0x9a, 0x5d, 0x3e, 0xff, 0x9a, 0x5d, 0x3e, 0xff, 0x9a, 0x5d, 0x3e, 0xff,
  0x9c, 0x5f, 0x40, 0xff, 0x9f, 0x62, 0x44, 0xff, 0x9f, 0x62, 0x44, 0xff,
  0x9f, 0x62, 0x44, 0xff, 0xa0, 0x62, 0x44, 0xff, 0x9c, 0x60, 0x43, 0xff,
  0x86, 0x51, 0x38, 0xff, 0x70, 0x44, 0x2f, 0xff, 0x69, 0x3f, 0x2c, 0xff,
  0x5e, 0x38, 0x27, 0xff, 0x4c, 0x2d, 0x1f, 0xff, 0x30, 0x1c, 0x13, 0xff,
  0x14, 0x0b, 0x07, 0xff, 0x14, 0x0b, 0x08, 0xff, 0x13, 0x0b, 0x08, 0xff,
  0x10, 0x09, 0x07, 0xff, 0x06, 0x04, 0x03, 0xff, 0x12, 0x0b, 0x07, 0xff,
  0x32, 0x1d, 0x14, 0xff, 0x49, 0x2b, 0x1d, 0xff, 0x59, 0x34, 0x24, 0xff,
  0x5f, 0x37, 0x26, 0xff, 0x61, 0x39, 0x27, 0xff, 0x5f, 0x38, 0x26, 0xff,
  0x53, 0x30, 0x21, 0xff, 0x2f, 0x1b, 0x13, 0xff, 0x13, 0x0f, 0x0d, 0xff,
  0x1b, 0x1a, 0x1a, 0xff, 0x2d, 0x2c, 0x2a, 0xff, 0x62, 0x60, 0x5b, 0xff,
  0x81, 0x7f, 0x79, 0xff, 0x76, 0x74, 0x70, 0xff, 0x45, 0x44, 0x42, 0xff,
  0x03, 0x03, 0x03, 0xff, 0x4d, 0x4d, 0x4d, 0xff, 0xf3, 0xf3, 0xf3, 0xff,
  0xff, 0xff, 0xff, 0xff, 0xff, 0xff, 0xff, 0xff, 0xff, 0xff, 0xff, 0xff,
  0xff, 0xff, 0xff, 0xff, 0xff, 0xff, 0xff, 0xff, 0xec, 0xec, 0xec, 0xff,
  0x6a, 0x6a, 0x6a, 0xff, 0x04, 0x04, 0x04, 0xff, 0x38, 0x3b, 0x3b, 0xff,
  0xbc, 0xc7, 0xc7, 0xff, 0xf3, 0xff, 0xff, 0xff, 0xf0, 0xfd, 0xfd, 0xff,
  0xe5, 0xfc, 0xfc, 0xff, 0xcf, 0xfb, 0xfb, 0xff, 0xaa, 0xf0, 0xf7, 0xff,
  0xa1, 0xec, 0xf6, 0xff, 0xc0, 0xfa, 0xfb, 0xff, 0xc2, 0xfb, 0xfb, 0xff,
  0xc2, 0xfb, 0xfb, 0xff, 0xc1, 0xfb, 0xfb, 0xff, 0xd0, 0xfb, 0xfc, 0xff,
  0xf2, 0xfd, 0xfd, 0xff, 0xf7, 0xfd, 0xfd, 0xff, 0xf7, 0xfd, 0xfd, 0xff,
  0xf7, 0xfd, 0xfd, 0xff, 0xe6, 0xfc, 0xfc, 0xff, 0xd4, 0xfc, 0xfc, 0xff,
  0xd2, 0xfb, 0xfc, 0xff, 0xe7, 0xfc, 0xfd, 0xff, 0xf0, 0xfd, 0xfd, 0xff,
  0xf1, 0xfe, 0xfe, 0xff, 0xdf, 0xeb, 0xeb, 0xff, 0x27, 0x2a, 0x2a, 0xff,
  0x3b, 0x3b, 0x3b, 0xff, 0x40, 0x40, 0x40, 0xff, 0x17, 0x18, 0x18, 0xff,
  0xcb, 0xd6, 0xd6, 0xff, 0xf2, 0xff, 0xff, 0xff, 0xf0, 0xfd, 0xfd, 0xff,
  0xf8, 0xfd, 0xfd, 0xff, 0xfa, 0xfd, 0xfd, 0xff, 0xf4, 0xfd, 0xfd, 0xff,
  0xf0, 0xfd, 0xfd, 0xff, 0xf0, 0xfd, 0xfd, 0xff, 0xf0, 0xfd, 0xfd, 0xff,
  0xeb, 0xfd, 0xfd, 0xff, 0xc9, 0xfb, 0xfc, 0xff, 0xae, 0xf3, 0xf9, 0xff,
  0xa7, 0xef, 0xf8, 0xff, 0xbb, 0xf9, 0xfb, 0xff, 0xc0, 0xfb, 0xfc, 0xff,
  0xc1, 0xfb, 0xfc, 0xff, 0xcc, 0xfb, 0xfc, 0xff, 0xdf, 0xfc, 0xfd, 0xff,
  0xee, 0xfe, 0xfe, 0xff, 0xf4, 0xff, 0xff, 0xff, 0xd1, 0xdc, 0xdc, 0xff,
  0x5f, 0x64, 0x64, 0xff, 0x06, 0x07, 0x07, 0xff, 0x36, 0x36, 0x36, 0xff,
  0xbe, 0xbe, 0xbe, 0xff, 0xff, 0xff, 0xff, 0xff, 0xff, 0xff, 0xff, 0xff,
  0xff, 0xff, 0xff, 0xff, 0xff, 0xff, 0xff, 0xff, 0xff, 0xff, 0xff, 0xff,
  0xff, 0xff, 0xff, 0xff, 0xff, 0xff, 0xff, 0xff, 0xff, 0xff, 0xff, 0xff,
  0x69, 0x69, 0x69, 0xff, 0x06, 0x06, 0x05, 0xff, 0x23, 0x23, 0x22, 0xff,
  0x1a, 0x1a, 0x19, 0xff, 0x1c, 0x1c, 0x1c, 0xff, 0x20, 0x20, 0x1f, 0xff,
  0x1f, 0x1f, 0x1f, 0xff, 0x1d, 0x1d, 0x1d, 0xff, 0x1d, 0x1d, 0x1c, 0xff,
  0x1e, 0x1f, 0x1e, 0xff, 0x1d, 0x1d, 0x1d, 0xff, 0x16, 0x15, 0x14, 0xff,
  0x19, 0x11, 0x0d, 0xff, 0x39, 0x21, 0x16, 0xff, 0x5f, 0x38, 0x26, 0xff,
  0x78, 0x48, 0x30, 0xff, 0x91, 0x58, 0x3b, 0xff, 0x9b, 0x5d, 0x3e, 0xff,
  0x9a, 0x5d, 0x3e, 0xff, 0x9a, 0x5d, 0x3e, 0xff, 0x9a, 0x5d, 0x3e, 0xff,
  0x9a, 0x5d, 0x3e, 0xff, 0x9b, 0x5e, 0x3f, 0xff, 0x9e, 0x61, 0x43, 0xff,
  0x9f, 0x62, 0x44, 0xff, 0x9f, 0x62, 0x44, 0xff, 0x9e, 0x61, 0x42, 0xff,
  0x9d, 0x60, 0x41, 0xff, 0x9c, 0x5f, 0x40, 0xff, 0x9a, 0x5d, 0x3e, 0xff,
  0x95, 0x5a, 0x3c, 0xff, 0x8c, 0x54, 0x39, 0xff, 0x80, 0x4d, 0x34, 0xff,
  0x64, 0x3b, 0x28, 0xff, 0x46, 0x27, 0x1a, 0xff, 0x44, 0x25, 0x19, 0xff,
  0x4f, 0x2c, 0x1e, 0xff, 0x4d, 0x2b, 0x1e, 0xff, 0x4a, 0x29, 0x1c, 0xff,
  0x40, 0x23, 0x18, 0xff, 0x33, 0x1d, 0x14, 0xff, 0x46, 0x29, 0x1c, 0xff,
  0x5f, 0x38, 0x26, 0xff, 0x64, 0x3b, 0x28, 0xff, 0x72, 0x44, 0x2f, 0xff,
  0x83, 0x50, 0x37, 0xff, 0x79, 0x49, 0x32, 0xff, 0x66, 0x3c, 0x29, 0xff,
  0x5d, 0x37, 0x26, 0xff, 0x47, 0x29, 0x1c, 0xff, 0x1c, 0x11, 0x0d, 0xff,
  0x13, 0x13, 0x12, 0xff, 0x2a, 0x2a, 0x28, 0xff, 0x5a, 0x58, 0x55, 0xff,
  0x6a, 0x68, 0x65, 0xff, 0x5f, 0x5d, 0x5b, 0xff, 0x32, 0x31, 0x30, 0xff,
  0x08, 0x08, 0x08, 0xff, 0xa8, 0xa8, 0xa8, 0xff, 0xff, 0xff, 0xff, 0xff,
  0xff, 0xff, 0xff, 0xff, 0xff, 0xff, 0xff, 0xff, 0xff, 0xff, 0xff, 0xff,
  0xe7, 0xe7, 0xe7, 0xff, 0x56, 0x56, 0x56, 0xff, 0x00, 0x00, 0x00, 0xff,
  0x4e, 0x53, 0x53, 0xff, 0xd5, 0xe0, 0xe0, 0xff, 0xf4, 0xff, 0xff, 0xff,
  0xec, 0xfd, 0xfd, 0xff, 0xd8, 0xfc, 0xfc, 0xff, 0xc5, 0xfa, 0xfb, 0xff,
  0xa8, 0xf0, 0xf7, 0xff, 0x9a, 0xe8, 0xf5, 0xff, 0xbd, 0xf8, 0xfa, 0xff,
  0xc2, 0xfb, 0xfb, 0xff, 0xc2, 0xfb, 0xfb, 0xff, 0xc2, 0xfb, 0xfb, 0xff,
  0xc4, 0xfb, 0xfb, 0xff, 0xe8, 0xfc, 0xfc, 0xff, 0xf9, 0xfd, 0xfd, 0xff,
  0xf8, 0xfd, 0xfd, 0xff, 0xf4, 0xfd, 0xfd, 0xff, 0xe3, 0xfc, 0xfc, 0xff,
  0xc8, 0xfb, 0xfb, 0xff, 0xbd, 0xfa, 0xfb, 0xff, 0xb5, 0xf7, 0xfb, 0xff,
  0xc7, 0xf9, 0xfc, 0xff, 0xed, 0xfd, 0xfd, 0xff, 0xf1, 0xfe, 0xfe, 0xff,
  0xdf, 0xeb, 0xeb, 0xff, 0x27, 0x2a, 0x2a, 0xff, 0x3b, 0x3b, 0x3b, 0xff,
  0x53, 0x52, 0x52, 0xff, 0x10, 0x11, 0x11, 0xff, 0xc0, 0xca, 0xca, 0xff,
  0xf3, 0xff, 0xff, 0xff, 0xf0, 0xfd, 0xfd, 0xff, 0xf2, 0xfd, 0xfd, 0xff,
  0xf2, 0xfd, 0xfd, 0xff, 0xef, 0xfd, 0xfd, 0xff, 0xeb, 0xfd, 0xfd, 0xff,
  0xef, 0xfd, 0xfd, 0xff, 0xf1, 0xfd, 0xfd, 0xff, 0xf0, 0xfd, 0xfd, 0xff,
  0xe5, 0xfd, 0xfd, 0xff, 0xc7, 0xfb, 0xfc, 0xff, 0xaf, 0xf3, 0xf9, 0xff,
  0xa1, 0xec, 0xf6, 0xff, 0xb8, 0xf7, 0xfb, 0xff, 0xc0, 0xfb, 0xfc, 0xff,
  0xbf, 0xfb, 0xfc, 0xff, 0xc1, 0xfb, 0xfc, 0xff, 0xce, 0xfc, 0xfc, 0xff,
  0xe4, 0xfd, 0xfd, 0xff, 0xf2, 0xff, 0xff, 0xff, 0xea, 0xf7, 0xf7, 0xff,
  0x93, 0x9b, 0x9b, 0xff, 0x1a, 0x1b, 0x1b, 0xff, 0x17, 0x17, 0x17, 0xff,
  0x9b, 0x9b, 0x9b, 0xff, 0xfa, 0xfa, 0xfa, 0xff, 0xff, 0xff, 0xff, 0xff,
  0xff, 0xff, 0xff, 0xff, 0xff, 0xff, 0xff, 0xff, 0xff, 0xff, 0xff, 0xff,
  0xff, 0xff, 0xff, 0xff, 0xff, 0xff, 0xff, 0xff, 0xc5, 0xc5, 0xc5, 0xff,
  0x1a, 0x1a, 0x1a, 0xff, 0x08, 0x08, 0x08, 0xff, 0x0b, 0x09, 0x08, 0xff,
  0x16, 0x12, 0x10, 0xff, 0x17, 0x15, 0x14, 0xff, 0x17, 0x16, 0x15, 0xff,
  0x15, 0x14, 0x13, 0xff, 0x11, 0x0f, 0x0e, 0xff, 0x0e, 0x0b, 0x0a, 0xff,
  0x18, 0x0f, 0x0b, 0xff, 0x3c, 0x23, 0x18, 0xff, 0x5c, 0x36, 0x25, 0xff,
  0x74, 0x45, 0x2f, 0xff, 0x8a, 0x53, 0x37, 0xff, 0x98, 0x5c, 0x3d, 0xff,
  0x9b, 0x5d, 0x3e, 0xff, 0x9a, 0x5d, 0x3e, 0xff, 0x9a, 0x5d, 0x3e, 0xff,
  0x9a, 0x5d, 0x3e, 0xff, 0x9a, 0x5d, 0x3e, 0xff, 0x9a, 0x5d, 0x3e, 0xff,
  0x9b, 0x5e, 0x3f, 0xff, 0x9e, 0x61, 0x42, 0xff, 0x9e, 0x61, 0x43, 0xff,
  0x9d, 0x60, 0x42, 0xff, 0x9a, 0x5d, 0x3e, 0xff, 0x9a, 0x5d, 0x3e, 0xff,
  0x9a, 0x5d, 0x3e, 0xff, 0x9a, 0x5d, 0x3e, 0xff, 0x9a, 0x5d, 0x3e, 0xff,
  0x9b, 0x5e, 0x3e, 0xff, 0x9a, 0x5d, 0x3e, 0xff, 0x93, 0x58, 0x3b, 0xff,
  0x8a, 0x53, 0x37, 0xff, 0x89, 0x52, 0x37, 0xff, 0x84, 0x4f, 0x35, 0xff,
  0x7d, 0x4a, 0x32, 0xff, 0x78, 0x47, 0x30, 0xff, 0x79, 0x47, 0x30, 0xff,
  0x7c, 0x49, 0x31, 0xff, 0x78, 0x48, 0x30, 0xff, 0x82, 0x4e, 0x34, 0xff,
  0x90, 0x57, 0x3a, 0xff, 0x97, 0x5c, 0x3d, 0xff, 0x95, 0x5b, 0x3e, 0xff,
  0x92, 0x5a, 0x3d, 0xff, 0x89, 0x54, 0x39, 0xff, 0x71, 0x44, 0x2f, 0xff,
  0x61, 0x39, 0x27, 0xff, 0x56, 0x32, 0x22, 0xff, 0x2a, 0x19, 0x11, 0xff,
  0x11, 0x0f, 0x0e, 0xff, 0x28, 0x27, 0x26, 0xff, 0x4c, 0x4a, 0x49, 0xff,
  0x60, 0x5e, 0x5c, 0xff, 0x5b, 0x5a, 0x58, 0xff, 0x0f, 0x0e, 0x0e, 0xff,
  0x41, 0x41, 0x41, 0xff, 0xf0, 0xf0, 0xf0, 0xff, 0xff, 0xff, 0xff, 0xff,
  0xff, 0xff, 0xff, 0xff, 0xe7, 0xe7, 0xe7, 0xff, 0x52, 0x52, 0x52, 0xff,
  0x01, 0x01, 0x01, 0xff, 0x60, 0x65, 0x65, 0xff, 0xde, 0xe9, 0xe9, 0xff,
  0xf2, 0xff, 0xff, 0xff, 0xe3, 0xfc, 0xfc, 0xff, 0xcd, 0xfb, 0xfb, 0xff,
  0xc2, 0xfb, 0xfb, 0xff, 0xab, 0xf1, 0xf8, 0xff, 0x9e, 0xe9, 0xf5, 0xff,
  0xc8, 0xf7, 0xf9, 0xff, 0xcf, 0xfb, 0xfa, 0xff, 0xc7, 0xfb, 0xfb, 0xff,
  0xc2, 0xfb, 0xfb, 0xff, 0xc2, 0xfb, 0xfb, 0xff, 0xc3, 0xfb, 0xfb, 0xff,
  0xd5, 0xfc, 0xfc, 0xff, 0xe4, 0xfc, 0xfc, 0xff, 0xde, 0xfc, 0xfc, 0xff,
  0xd0, 0xfc, 0xfc, 0xff, 0xc4, 0xfb, 0xfb, 0xff, 0xc0, 0xfb, 0xfb, 0xff,
  0xb8, 0xf8, 0xfb, 0xff, 0xb5, 0xf7, 0xfb, 0xff, 0xb7, 0xf7, 0xfb, 0xff,
  0xe1, 0xfb, 0xfc, 0xff, 0xf2, 0xff, 0xfe, 0xff, 0xdb, 0xe7, 0xe7, 0xff,
  0x23, 0x25, 0x25, 0xff, 0x3e, 0x3d, 0x3d, 0xff, 0x75, 0x75, 0x75, 0xff,
  0x07, 0x07, 0x07, 0xff, 0xb0, 0xba, 0xba, 0xff, 0xf4, 0xff, 0xff, 0xff,
  0xf0, 0xfd, 0xfd, 0xff, 0xec, 0xfd, 0xfd, 0xff, 0xee, 0xfd, 0xfd, 0xff,
  0xeb, 0xfd, 0xfd, 0xff, 0xcc, 0xfb, 0xfc, 0xff, 0xd3, 0xfc, 0xfc, 0xff,
  0xe8, 0xfd, 0xfd, 0xff, 0xf0, 0xfd, 0xfd, 0xff, 0xf1, 0xfd, 0xfd, 0xff,
  0xe3, 0xfc, 0xfd, 0xff, 0xc6, 0xfb, 0xfc, 0xff, 0xaf, 0xf3, 0xf9, 0xff,
  0x9e, 0xea, 0xf6, 0xff, 0xb8, 0xf7, 0xfb, 0xff, 0xc1, 0xfb, 0xfc, 0xff,
  0xc0, 0xfb, 0xfc, 0xff, 0xbf, 0xfb, 0xfc, 0xff, 0xc4, 0xfb, 0xfc, 0xff,
  0xd7, 0xfc, 0xfc, 0xff, 0xec, 0xfe, 0xfe, 0xff, 0xf2, 0xff, 0xff, 0xff,
  0xbb, 0xc5, 0xc5, 0xff, 0x34, 0x37, 0x37, 0xff, 0x07, 0x07, 0x07, 0xff,
  0x7b, 0x7b, 0x7b, 0xff, 0xf3, 0xf3, 0xf3, 0xff, 0xff, 0xff, 0xff, 0xff,
  0xff, 0xff, 0xff, 0xff, 0xff, 0xff, 0xff, 0xff, 0xff, 0xff, 0xff, 0xff,
  0xff, 0xff, 0xff, 0xff, 0xfd, 0xfd, 0xfd, 0xff, 0x64, 0x64, 0x64, 0xff,
  0x00, 0x00, 0x00, 0xff, 0x34, 0x1e, 0x15, 0xff, 0x56, 0x31, 0x23, 0xff,
  0x4a, 0x2a, 0x1e, 0xff, 0x3b, 0x21, 0x17, 0xff, 0x37, 0x1f, 0x16, 0xff,
  0x41, 0x25, 0x1a, 0xff, 0x49, 0x2a, 0x1d, 0xff, 0x59, 0x34, 0x24, 0xff,
  0x6d, 0x41, 0x2c, 0xff, 0x89, 0x52, 0x37, 0xff, 0x97, 0x5b, 0x3d, 0xff,
  0x9b, 0x5d, 0x3e, 0xff, 0x9a, 0x5d, 0x3e, 0xff, 0x9a, 0x5d, 0x3e, 0xff,
  0x9a, 0x5d, 0x3e, 0xff, 0x9a, 0x5d, 0x3e, 0xff, 0x9a, 0x5d, 0x3e, 0xff,
  0x9a, 0x5d, 0x3e, 0xff, 0x9a, 0x5d, 0x3e, 0xff, 0x9a, 0x5d, 0x3e, 0xff,
  0x9a, 0x5d, 0x3e, 0xff, 0x9b, 0x5e, 0x3f, 0xff, 0x9a, 0x5d, 0x3f, 0xff,
  0x9a, 0x5d, 0x3e, 0xff, 0x9a, 0x5d, 0x3e, 0xff, 0x9a, 0x5d, 0x3e, 0xff,
  0x9a, 0x5d, 0x3e, 0xff, 0x9a, 0x5d, 0x3e, 0xff, 0x99, 0x5c, 0x3e, 0xff,
  0x9a, 0x5d, 0x3e, 0xff, 0x9a, 0x5d, 0x3e, 0xff, 0x9a, 0x5d, 0x3e, 0xff,
  0x99, 0x5c, 0x3e, 0xff, 0x99, 0x5c, 0x3e, 0xff, 0x98, 0x5b, 0x3e, 0xff,
  0x9a, 0x5d, 0x3e, 0xff, 0x9b, 0x5e, 0x3f, 0xff, 0x9b, 0x5e, 0x3f, 0xff,
  0x9c, 0x5e, 0x3f, 0xff, 0x9b, 0x5e, 0x3f, 0xff, 0x9b, 0x5d, 0x3e, 0xff,
  0x9a, 0x5d, 0x3e, 0xff, 0x97, 0x5c, 0x3e, 0xff, 0x92, 0x5a, 0x3d, 0xff,
  0x93, 0x5a, 0x3d, 0xff, 0x90, 0x59, 0x3c, 0xff, 0x7c, 0x4b, 0x33, 0xff,
  0x62, 0x3a, 0x28, 0xff, 0x5d, 0x36, 0x25, 0xff, 0x32, 0x1d, 0x14, 0xff,
  0x10, 0x0e, 0x0d, 0xff, 0x28, 0x28, 0x27, 0xff, 0x50, 0x4e, 0x4c, 0xff,
  0x68, 0x67, 0x65, 0xff, 0x38, 0x37, 0x37, 0xff, 0x07, 0x07, 0x07, 0xff,
  0xb1, 0xb1, 0xb1, 0xff, 0xff, 0xff, 0xff, 0xff, 0xe9, 0xe9, 0xe9, 0xff,
  0x53, 0x53, 0x53, 0xff, 0x02, 0x02, 0x02, 0xff, 0x6b, 0x71, 0x71, 0xff,
  0xe5, 0xf1, 0xf1, 0xff, 0xf0, 0xff, 0xff, 0xff, 0xdb, 0xfc, 0xfc, 0xff,
  0xc5, 0xfb, 0xfb, 0xff, 0xc2, 0xfb, 0xfb, 0xff, 0xb2, 0xf4, 0xf9, 0xff,
  0x97, 0xe6, 0xf4, 0xff, 0xc4, 0xf5, 0xf8, 0xff, 0xd4, 0xfb, 0xfa, 0xff,
  0xd3, 0xfb, 0xfa, 0xff, 0xd2, 0xfb, 0xfa, 0xff, 0xcb, 0xfb, 0xfa, 0xff,
  0xc4, 0xfb, 0xfb, 0xff, 0xc2, 0xfb, 0xfb, 0xff, 0xc2, 0xfb, 0xfb, 0xff,
  0xc3, 0xfb, 0xfb, 0xff, 0xc2, 0xfb, 0xfb, 0xff, 0xc1, 0xfb, 0xfb, 0xff,
  0xc2, 0xfb, 0xfb, 0xff, 0xbe, 0xfa, 0xfb, 0xff, 0xb5, 0xf7, 0xfb, 0xff,
  0xb5, 0xf7, 0xfb, 0xff, 0xb6, 0xf7, 0xfb, 0xff, 0xdb, 0xfb, 0xfc, 0xff,
  0xf3, 0xff, 0xff, 0xff, 0xc6, 0xd1, 0xd1, 0xff, 0x14, 0x15, 0x15, 0xff,
  0x58, 0x58, 0x58, 0xff, 0x93, 0x93, 0x93, 0xff, 0x03, 0x03, 0x03, 0xff,
  0x90, 0x98, 0x98, 0xff, 0xf4, 0xff, 0xff, 0xff, 0xf0, 0xfd, 0xfd, 0xff,
  0xd3, 0xfb, 0xfc, 0xff, 0xcd, 0xfa, 0xfc, 0xff, 0xe6, 0xfc, 0xfd, 0xff,
  0xcb, 0xfb, 0xfc, 0xff, 0xbf, 0xfb, 0xfc, 0xff, 0xc6, 0xfb, 0xfc, 0xff,
  0xda, 0xfc, 0xfd, 0xff, 0xec, 0xfd, 0xfd, 0xff, 0xf0, 0xfd, 0xfd, 0xff,
  0xd7, 0xfd, 0xfc, 0xff, 0xc5, 0xfc, 0xfc, 0xff, 0xab, 0xf1, 0xf8, 0xff,
  0x9f, 0xeb, 0xf6, 0xff, 0xbc, 0xf9, 0xfb, 0xff, 0xc0, 0xfb, 0xfc, 0xff,
  0xc0, 0xfb, 0xfc, 0xff, 0xc0, 0xfb, 0xfc, 0xff, 0xc0, 0xfb, 0xfc, 0xff,
  0xcc, 0xfb, 0xfc, 0xff, 0xe4, 0xfd, 0xfd, 0xff, 0xf3, 0xff, 0xff, 0xff,
  0xd3, 0xde, 0xde, 0xff, 0x50, 0x55, 0x55, 0xff, 0x04, 0x04, 0x04, 0xff,
  0x66, 0x66, 0x66, 0xff, 0xeb, 0xeb, 0xeb, 0xff, 0xff, 0xff, 0xff, 0xff,
  0xff, 0xff, 0xff, 0xff, 0xff, 0xff, 0xff, 0xff, 0xff, 0xff, 0xff, 0xff,
  0xee, 0xee, 0xee, 0xff, 0x39, 0x39, 0x39, 0xff, 0x15, 0x0c, 0x08, 0xff,
  0x80, 0x4f, 0x38, 0xff, 0x7e, 0x4b, 0x34, 0xff, 0x73, 0x44, 0x2e, 0xff,
  0x79, 0x48, 0x31, 0xff, 0x80, 0x4c, 0x33, 0xff, 0x8a, 0x53, 0x38, 0xff,
  0x90, 0x56, 0x3a, 0xff, 0x96, 0x5a, 0x3c, 0xff, 0x99, 0x5c, 0x3e, 0xff,
  0x9b, 0x5d, 0x3e, 0xff, 0x9a, 0x5d, 0x3e, 0xff, 0x9a, 0x5d, 0x3e, 0xff,
  0x9a, 0x5d, 0x3e, 0xff, 0x9a, 0x5d, 0x3e, 0xff, 0x9a, 0x5d, 0x3e, 0xff,
  0x9a, 0x5d, 0x3e, 0xff, 0x9a, 0x5d, 0x3e, 0xff, 0x9a, 0x5d, 0x3e, 0xff,
  0x9a, 0x5d, 0x3e, 0xff, 0x9a, 0x5d, 0x3e, 0xff, 0x9a, 0x5d, 0x3e, 0xff,
  0x9a, 0x5d, 0x3e, 0xff, 0x9a, 0x5d, 0x3e, 0xff, 0x9a, 0x5d, 0x3e, 0xff,
  0x9a, 0x5d, 0x3e, 0xff, 0x9a, 0x5d, 0x3e, 0xff, 0x9a, 0x5d, 0x3e, 0xff,
  0x97, 0x5b, 0x3d, 0xff, 0x93, 0x58, 0x3c, 0xff, 0x95, 0x59, 0x3d, 0xff,
  0x92, 0x58, 0x3c, 0xff, 0x90, 0x56, 0x3b, 0xff, 0x94, 0x58, 0x3d, 0xff,
  0x91, 0x57, 0x3c, 0xff, 0x8e, 0x55, 0x3a, 0xff, 0x98, 0x5c, 0x3d, 0xff,
  0x9b, 0x5e, 0x3f, 0xff, 0x9d, 0x60, 0x40, 0xff, 0x9e, 0x61, 0x42, 0xff,
  0x9d, 0x60, 0x41, 0xff, 0x9a, 0x5d, 0x3e, 0xff, 0x9a, 0x5d, 0x3e, 0xff,
  0x98, 0x5c, 0x3e, 0xff, 0x92, 0x5a, 0x3d, 0xff, 0x92, 0x5a, 0x3d, 0xff,
  0x92, 0x5a, 0x3d, 0xff, 0x91, 0x59, 0x3d, 0xff, 0x78, 0x48, 0x31, 0xff,
  0x62, 0x3a, 0x28, 0xff, 0x5e, 0x37, 0x26, 0xff, 0x31, 0x1d, 0x14, 0xff,
  0x0c, 0x0b, 0x0a, 0xff, 0x2a, 0x29, 0x28, 0xff, 0x5b, 0x5a, 0x58, 0xff,
  0x61, 0x60, 0x5f, 0xff, 0x08, 0x08, 0x08, 0xff, 0x63, 0x63, 0x63, 0xff,
  0xef, 0xef, 0xef, 0xff, 0x5f, 0x5f, 0x5f, 0xff, 0x00, 0x00, 0x00, 0xff,
  0x67, 0x6d, 0x6d, 0xff, 0xe6, 0xf3, 0xf3, 0xff, 0xee, 0xff, 0xff, 0xff,
  0xd5, 0xfc, 0xfc, 0xff, 0xc3, 0xfb, 0xfb, 0xff, 0xc2, 0xfb, 0xfb, 0xff,
  0xbc, 0xf8, 0xfa, 0xff, 0x93, 0xe6, 0xf4, 0xff, 0xb4, 0xf0, 0xf7, 0xff,
  0xd4, 0xfb, 0xfa, 0xff, 0xd3, 0xfb, 0xfa, 0xff, 0xd3, 0xfb, 0xfa, 0xff,
  0xd3, 0xfb, 0xfa, 0xff, 0xd3, 0xfb, 0xfa, 0xff, 0xce, 0xfb, 0xfa, 0xff,
  0xc3, 0xfb, 0xfb, 0xff, 0xc2, 0xfb, 0xfb, 0xff, 0xc2, 0xfb, 0xfb, 0xff,
  0xc2, 0xfb, 0xfb, 0xff, 0xc2, 0xfb, 0xfb, 0xff, 0xc2, 0xfb, 0xfb, 0xff,
  0xba, 0xf9, 0xfb, 0xff, 0xb5, 0xf7, 0xfb, 0xff, 0xb5, 0xf7, 0xfb, 0xff,
  0xb6, 0xf7, 0xfb, 0xff, 0xde, 0xfb, 0xfc, 0xff, 0xf5, 0xff, 0xff, 0xff,
  0xaf, 0xb8, 0xb8, 0xff, 0x07, 0x07, 0x07, 0xff, 0x81, 0x81, 0x81, 0xff,
  0xbf, 0xbf, 0xbf, 0xff, 0x0d, 0x0d, 0x0d, 0xff, 0x66, 0x6c, 0x6c, 0xff,
  0xf1, 0xfe, 0xfe, 0xff, 0xf0, 0xfd, 0xfd, 0xff, 0xce, 0xfa, 0xfc, 0xff,
  0xba, 0xf9, 0xfb, 0xff, 0xc7, 0xfa, 0xfb, 0xff, 0xcd, 0xfb, 0xfc, 0xff,
  0xc0, 0xfb, 0xfc, 0xff, 0xc0, 0xfb, 0xfc, 0xff, 0xc0, 0xfb, 0xfc, 0xff,
  0xcd, 0xfc, 0xfc, 0xff, 0xdc, 0xfd, 0xfc, 0xff, 0xd2, 0xfd, 0xfc, 0xff,
  0xce, 0xfd, 0xfc, 0xff, 0xc7, 0xfc, 0xfc, 0xff, 0xa2, 0xec, 0xf7, 0xff,
  0xa4, 0xee, 0xf7, 0xff, 0xbf, 0xfb, 0xfc, 0xff, 0xc0, 0xfb, 0xfc, 0xff,
  0xc0, 0xfb, 0xfc, 0xff, 0xc0, 0xfb, 0xfc, 0xff, 0xbf, 0xfb, 0xfc, 0xff,
  0xc4, 0xfb, 0xfc, 0xff, 0xda, 0xfb, 0xfd, 0xff, 0xf1, 0xff, 0xff, 0xff,
  0xdf, 0xeb, 0xeb, 0xff, 0x61, 0x66, 0x66, 0xff, 0x03, 0x03, 0x03, 0xff,
  0x51, 0x51, 0x51, 0xff, 0xe4, 0xe4, 0xe4, 0xff, 0xff, 0xff, 0xff, 0xff,
  0xff, 0xff, 0xff, 0xff, 0xff, 0xff, 0xff, 0xff, 0xb5, 0xb5, 0xb5, 0xff,
  0x08, 0x09, 0x09, 0xff, 0x52, 0x33, 0x24, 0xff, 0xa5, 0x67, 0x48, 0xff,
  0x9a, 0x5d, 0x3f, 0xff, 0x99, 0x5d, 0x3e, 0xff, 0x9b, 0x5e, 0x3f, 0xff,
  0x9d, 0x5f, 0x3f, 0xff, 0x94, 0x59, 0x3b, 0xff, 0x89, 0x51, 0x36, 0xff,
  0x88, 0x51, 0x36, 0xff, 0x8f, 0x55, 0x39, 0xff, 0x98, 0x5c, 0x3d, 0xff,
  0x99, 0x5c, 0x3e, 0xff, 0x94, 0x59, 0x3d, 0xff, 0x95, 0x5a, 0x3d, 0xff,
  0x9a, 0x5d, 0x3e, 0xff, 0x9a, 0x5d, 0x3e, 0xff, 0x9a, 0x5d, 0x3e, 0xff,
  0x9a, 0x5d, 0x3e, 0xff, 0x9a, 0x5d, 0x3e, 0xff, 0x9a, 0x5d, 0x3e, 0xff,
  0x9a, 0x5d, 0x3e, 0xff, 0x9a, 0x5d, 0x3e, 0xff, 0x9a, 0x5d, 0x3e, 0xff,
  0x9a, 0x5d, 0x3e, 0xff, 0x9a, 0x5d, 0x3e, 0xff, 0x9a, 0x5d, 0x3e, 0xff,
  0x9a, 0x5d, 0x3e, 0xff, 0x9a, 0x5d, 0x3e, 0xff, 0x94, 0x59, 0x3d, 0xff,
  0x92, 0x57, 0x3c, 0xff, 0x8e, 0x55, 0x3a, 0xff, 0x7d, 0x4a, 0x33, 0xff,
  0x74, 0x45, 0x30, 0xff, 0x68, 0x3e, 0x2b, 0xff, 0x3e, 0x24, 0x19, 0xff,
  0x25, 0x15, 0x0e, 0xff, 0x35, 0x20, 0x15, 0xff, 0x66, 0x3d, 0x28, 0xff,
  0x9d, 0x61, 0x42, 0xff, 0xa0, 0x63, 0x43, 0xff, 0x9f, 0x62, 0x43, 0xff,
  0x9d, 0x60, 0x41, 0xff, 0x9a, 0x5d, 0x3e, 0xff, 0x96, 0x5b, 0x3d, 0xff,
  0x92, 0x5a, 0x3d, 0xff, 0x92, 0x5a, 0x3d, 0xff, 0x92, 0x5a, 0x3d, 0xff,
  0x92, 0x5a, 0x3d, 0xff, 0x8e, 0x57, 0x3b, 0xff, 0x6e, 0x42, 0x2d, 0xff,
  0x62, 0x3a, 0x28, 0xff, 0x5d, 0x36, 0x26, 0xff, 0x28, 0x17, 0x10, 0xff,
  0x0a, 0x0a, 0x09, 0xff, 0x33, 0x33, 0x32, 0xff, 0x61, 0x61, 0x5f, 0xff,
  0x25, 0x25, 0x25, 0xff, 0x26, 0x26, 0x26, 0xff, 0x67, 0x67, 0x67, 0xff,
  0x03, 0x03, 0x03, 0xff, 0x57, 0x5c, 0x5c, 0xff, 0xe2, 0xee, 0xee, 0xff,
  0xed, 0xff, 0xff, 0xff, 0xd2, 0xfc, 0xfc, 0xff, 0xc2, 0xfb, 0xfb, 0xff,
  0xc2, 0xfb, 0xfb, 0xff, 0xc2, 0xfb, 0xfb, 0xff, 0xa2, 0xed, 0xf6, 0xff,
  0x93, 0xe6, 0xf4, 0xff, 0xc7, 0xf9, 0xfa, 0xff, 0xd4, 0xfb, 0xfa, 0xff,
  0xd3, 0xfb, 0xfa, 0xff, 0xd3, 0xfb, 0xfa, 0xff, 0xd3, 0xfb, 0xfa, 0xff,
  0xd3, 0xfb, 0xfa, 0xff, 0xcc, 0xfb, 0xfa, 0xff, 0xc3, 0xfb, 0xfb, 0xff,
  0xc2, 0xfb, 0xfb, 0xff, 0xc2, 0xfb, 0xfb, 0xff, 0xc2, 0xfb, 0xfb, 0xff,
  0xc2, 0xfb, 0xfb, 0xff, 0xc0, 0xfa, 0xfb, 0xff, 0xb6, 0xf7, 0xfb, 0xff,
  0xb5, 0xf7, 0xfb, 0xff, 0xb5, 0xf7, 0xfb, 0xff, 0xb9, 0xf7, 0xfb, 0xff,
  0xe4, 0xfc, 0xfd, 0xff, 0xf4, 0xff, 0xff, 0xff, 0x87, 0x8e, 0x8e, 0xff,
  0x08, 0x08, 0x08, 0xff, 0xa7, 0xa7, 0xa7, 0xff, 0xe5, 0xe5, 0xe5, 0xff,
  0x2b, 0x2a, 0x2a, 0xff, 0x37, 0x3a, 0x3a, 0xff, 0xe4, 0xf0, 0xf0, 0xff,
  0xf1, 0xfe, 0xfe, 0xff, 0xd5, 0xfb, 0xfc, 0xff, 0xbb, 0xf9, 0xfb, 0xff,
  0xbb, 0xf9, 0xfb, 0xff, 0xbd, 0xfa, 0xfb, 0xff, 0xc0, 0xfb, 0xfc, 0xff,
  0xc0, 0xfb, 0xfc, 0xff, 0xc0, 0xfb, 0xfc, 0xff, 0xc1, 0xfb, 0xfc, 0xff,
  0xca, 0xfc, 0xfc, 0xff, 0xce, 0xfd, 0xfc, 0xff, 0xce, 0xfd, 0xfc, 0xff,
  0xcc, 0xfd, 0xfc, 0xff, 0xba, 0xf8, 0xfb, 0xff, 0x99, 0xe8, 0xf5, 0xff,
  0xb0, 0xf3, 0xf9, 0xff, 0xc1, 0xfb, 0xfc, 0xff, 0xc0, 0xfb, 0xfc, 0xff,
  0xc0, 0xfb, 0xfc, 0xff, 0xc0, 0xfb, 0xfc, 0xff, 0xbf, 0xfb, 0xfc, 0xff,
  0xbb, 0xf7, 0xfc, 0xff, 0xd2, 0xf9, 0xfc, 0xff, 0xef, 0xfe, 0xff, 0xff,
  0xe5, 0xf1, 0xf1, 0xff, 0x6e, 0x74, 0x74, 0xff, 0x03, 0x03, 0x03, 0xff,
  0x4a, 0x4a, 0x4a, 0xff, 0xe2, 0xe2, 0xe2, 0xff, 0xff, 0xff, 0xff, 0xff,
  0xfd, 0xfd, 0xfd, 0xff, 0x65, 0x65, 0x65, 0xff, 0x0b, 0x06, 0x03, 0xff,
  0x8a, 0x56, 0x3d, 0xff, 0xa0, 0x62, 0x42, 0xff, 0x9a, 0x5d, 0x3e, 0xff,
  0x9b, 0x5e, 0x3e, 0xff, 0x97, 0x5b, 0x3d, 0xff, 0x7a, 0x49, 0x30, 0xff,
  0x57, 0x32, 0x20, 0xff, 0x49, 0x2a, 0x1b, 0xff, 0x59, 0x34, 0x23, 0xff,
  0x79, 0x46, 0x2f, 0xff, 0x84, 0x4e, 0x34, 0xff, 0x92, 0x58, 0x3b, 0xff,
  0x92, 0x57, 0x3c, 0xff, 0x93, 0x58, 0x3c, 0xff, 0x99, 0x5c, 0x3e, 0xff,
  0x9a, 0x5d, 0x3e, 0xff, 0x9a, 0x5d, 0x3e, 0xff, 0x9a, 0x5d, 0x3e, 0xff,
  0x98, 0x5c, 0x3e, 0xff, 0x96, 0x5a, 0x3d, 0xff, 0x9a, 0x5d, 0x3e, 0xff,
  0x9a, 0x5d, 0x3e, 0xff, 0x9a, 0x5d, 0x3e, 0xff, 0x9a, 0x5d, 0x3e, 0xff,
  0x9a, 0x5d, 0x3e, 0xff, 0x9a, 0x5d, 0x3e, 0xff, 0x9a, 0x5d, 0x3e, 0xff,
  0x99, 0x5d, 0x3e, 0xff, 0x94, 0x58, 0x3c, 0xff, 0x8f, 0x55, 0x3b, 0xff,
  0x7c, 0x4a, 0x33, 0xff, 0x61, 0x3a, 0x28, 0xff, 0x26, 0x16, 0x0f, 0xff,
  0x05, 0x03, 0x02, 0xff, 0x09, 0x0a, 0x0a, 0xff, 0x66, 0x67, 0x67, 0xff,
  0x94, 0x95, 0x96, 0xff, 0x51, 0x4d, 0x4b, 0xff, 0x4e, 0x31, 0x22, 0xff,
  0x96, 0x5d, 0x3f, 0xff, 0xa0, 0x62, 0x43, 0xff, 0x9f, 0x62, 0x43, 0xff,
  0x9b, 0x5e, 0x3f, 0xff, 0x96, 0x5c, 0x3d, 0xff, 0x92, 0x5a, 0x3d, 0xff,
  0x92, 0x5a, 0x3d, 0xff, 0x92, 0x5a, 0x3d, 0xff, 0x92, 0x5a, 0x3d, 0xff,
  0x93, 0x5b, 0x3d, 0xff, 0x84, 0x50, 0x37, 0xff, 0x64, 0x3b, 0x29, 0xff,
  0x62, 0x3a, 0x28, 0xff, 0x55, 0x32, 0x23, 0xff, 0x18, 0x0e, 0x0a, 0xff,
  0x10, 0x11, 0x10, 0xff, 0x41, 0x40, 0x3f, 0xff, 0x38, 0x38, 0x37, 0xff,
  0x02, 0x02, 0x02, 0xff, 0x01, 0x01, 0x01, 0xff, 0x46, 0x4b, 0x4b, 0xff,
  0xda, 0xe5, 0xe5, 0xff, 0xee, 0xff, 0xff, 0xff, 0xd1, 0xfc, 0xfc, 0xff,
  0xc2, 0xfb, 0xfb, 0xff, 0xc2, 0xfb, 0xfb, 0xff, 0xc3, 0xfb, 0xfb, 0xff,
  0xb6, 0xf6, 0xf9, 0xff, 0x8e, 0xe3, 0xf3, 0xff, 0xb0, 0xf3, 0xf8, 0xff,
  0xc7, 0xfb, 0xfb, 0xff, 0xd0, 0xfb, 0xfa, 0xff, 0xd3, 0xfb, 0xfa, 0xff,
  0xd3, 0xfb, 0xfa, 0xff, 0xd2, 0xfb, 0xfa, 0xff, 0xcb, 0xfb, 0xfb, 0xff,
  0xc3, 0xfb, 0xfb, 0xff, 0xc3, 0xfb, 0xfb, 0xff, 0xc3, 0xfb, 0xfb, 0xff,
  0xc3, 0xfb, 0xfb, 0xff, 0xc3, 0xfc, 0xfb, 0xff, 0xc2, 0xfb, 0xfb, 0xff,
  0xbb, 0xf9, 0xfb, 0xff, 0xb5, 0xf7, 0xfb, 0xff, 0xb5, 0xf7, 0xfb, 0xff,
  0xb5, 0xf7, 0xfb, 0xff, 0xc1, 0xf8, 0xfb, 0xff, 0xec, 0xfd, 0xfd, 0xff,
  0xee, 0xfb, 0xfb, 0xff, 0x58, 0x5d, 0x5d, 0xff, 0x19, 0x19, 0x19, 0xff,
  0xd4, 0xd4, 0xd4, 0xff, 0xfd, 0xfd, 0xfd, 0xff, 0x60, 0x60, 0x60, 0xff,
  0x10, 0x11, 0x11, 0xff, 0xc3, 0xcd, 0xcd, 0xff, 0xf4, 0xff, 0xff, 0xff,
  0xdf, 0xfc, 0xfc, 0xff, 0xb8, 0xf7, 0xfb, 0xff, 0xb4, 0xf6, 0xfa, 0xff,
  0xb3, 0xf5, 0xfa, 0xff, 0xb4, 0xf6, 0xfa, 0xff, 0xb8, 0xf8, 0xfb, 0xff,
  0xbe, 0xfa, 0xfc, 0xff, 0xc0, 0xfb, 0xfc, 0xff, 0xc3, 0xfc, 0xfc, 0xff,
  0xc8, 0xfc, 0xfc, 0xff, 0xca, 0xfc, 0xfc, 0xff, 0xc5, 0xfc, 0xfc, 0xff,
  0xc0, 0xfb, 0xfc, 0xff, 0xac, 0xf2, 0xf8, 0xff, 0x9a, 0xe9, 0xf5, 0xff,
  0xbb, 0xf9, 0xfb, 0xff, 0xc0, 0xfb, 0xfc, 0xff, 0xc0, 0xfb, 0xfc, 0xff,
  0xc0, 0xfb, 0xfc, 0xff, 0xbf, 0xfb, 0xfc, 0xff, 0xb9, 0xf7, 0xfc, 0xff,
  0xb8, 0xf6, 0xfc, 0xff, 0xcc, 0xf9, 0xfc, 0xff, 0xec, 0xfe, 0xfe, 0xff,
  0xe8, 0xf4, 0xf4, 0xff, 0x70, 0x77, 0x77, 0xff, 0x02, 0x02, 0x02, 0xff,
  0x4a, 0x4a, 0x4a, 0xff, 0xe5, 0xe5, 0xe5, 0xff, 0xde, 0xde, 0xde, 0xff,
  0x1e, 0x1f, 0x20, 0xff, 0x36, 0x21, 0x17, 0xff, 0xa4, 0x66, 0x47, 0xff,
  0x9b, 0x5d, 0x3e, 0xff, 0x9b, 0x5e, 0x3e, 0xff, 0x8d, 0x55, 0x39, 0xff,
  0x42, 0x27, 0x1a, 0xff, 0x1d, 0x17, 0x15, 0xff, 0x5a, 0x59, 0x59, 0xff,
  0x45, 0x45, 0x45, 0xff, 0x0b, 0x08, 0x06, 0xff, 0x3c, 0x23, 0x17, 0xff,
  0x77, 0x45, 0x2f, 0xff, 0x86, 0x50, 0x36, 0xff, 0x91, 0x56, 0x3b, 0xff,
  0x92, 0x57, 0x3c, 0xff, 0x94, 0x59, 0x3d, 0xff, 0x96, 0x5a, 0x3d, 0xff,
  0x97, 0x5a, 0x3d, 0xff, 0x97, 0x5b, 0x3d, 0xff, 0x94, 0x58, 0x3c, 0xff,
  0x92, 0x57, 0x3c, 0xff, 0x96, 0x5a, 0x3d, 0xff, 0x99, 0x5c, 0x3e, 0xff,
  0x99, 0x5c, 0x3e, 0xff, 0x98, 0x5b, 0x3d, 0xff, 0x98, 0x5c, 0x3e, 0xff,
  0x9a, 0x5d, 0x3e, 0xff, 0x9a, 0x5d, 0x3e, 0xff, 0x99, 0x5c, 0x3e, 0xff,
  0x93, 0x58, 0x3c, 0xff, 0x83, 0x4e, 0x36, 0xff, 0x6a, 0x3f, 0x2b, 0xff,
  0x23, 0x15, 0x0e, 0xff, 0x00, 0x00, 0x00, 0xff, 0x00, 0x00, 0x00, 0xff,
  0x5c, 0x5c, 0x5c, 0xff, 0xf8, 0xf8, 0xf8, 0xff, 0xff, 0xff, 0xff, 0xff,
  0xe0, 0xe0, 0xe0, 0xff, 0x35, 0x34, 0x34, 0xff, 0x4a, 0x2d, 0x1e, 0xff,
  0x9d, 0x61, 0x42, 0xff, 0x9f, 0x62, 0x43, 0xff, 0x9c, 0x5f, 0x40, 0xff,
  0x98, 0x5c, 0x3e, 0xff, 0x92, 0x5a, 0x3d, 0xff, 0x92, 0x5a, 0x3d, 0xff,
  0x92, 0x5a, 0x3d, 0xff, 0x92, 0x5a, 0x3d, 0xff, 0x91, 0x59, 0x3d, 0xff,
  0x8f, 0x58, 0x3c, 0xff, 0x6e, 0x42, 0x2d, 0xff, 0x62, 0x3a, 0x28, 0xff,
  0x60, 0x39, 0x27, 0xff, 0x45, 0x29, 0x1d, 0xff, 0x0e, 0x08, 0x06, 0xff,
  0x1c, 0x1c, 0x1c, 0xff, 0x2c, 0x2c, 0x2b, 0xff, 0x00, 0x00, 0x00, 0xff,
  0x28, 0x2f, 0x30, 0xff, 0xbc, 0xd5, 0xd8, 0xff, 0xeb, 0xff, 0xff, 0xff,
  0xd3, 0xfc, 0xfc, 0xff, 0xc2, 0xfb, 0xfb, 0xff, 0xc2, 0xfb, 0xfb, 0xff,
  0xc2, 0xfb, 0xfb, 0xff, 0xc1, 0xfa, 0xfb, 0xff, 0x9b, 0xe9, 0xf5, 0xff,
  0x99, 0xe8, 0xf5, 0xff, 0xc0, 0xfa, 0xfb, 0xff, 0xc2, 0xfb, 0xfb, 0xff,
  0xc4, 0xfb, 0xfb, 0xff, 0xc8, 0xfb, 0xfb, 0xff, 0xc9, 0xfb, 0xfb, 0xff,
  0xc5, 0xfb, 0xfb, 0xff, 0xc0, 0xfa, 0xfb, 0xff, 0xbb, 0xf8, 0xfa, 0xff,
  0xb6, 0xf6, 0xf9, 0xff, 0xb2, 0xf4, 0xf9, 0xff, 0xac, 0xf1, 0xf8, 0xff,
  0xa8, 0xef, 0xf7, 0xff, 0xac, 0xf2, 0xf8, 0xff, 0xae, 0xf3, 0xfa, 0xff,
  0xae, 0xf4, 0xfa, 0xff, 0xaf, 0xf4, 0xfa, 0xff, 0xb0, 0xf5, 0xfa, 0xff,
  0xcc, 0xf9, 0xfc, 0xff, 0xf1, 0xfe, 0xfe, 0xff, 0xdb, 0xe7, 0xe7, 0xff,
  0x27, 0x29, 0x29, 0xff, 0x44, 0x44, 0x44, 0xff, 0xf4, 0xf4, 0xf4, 0xff,
  0xff, 0xff, 0xff, 0xff, 0xa5, 0xa5, 0xa5, 0xff, 0x03, 0x03, 0x03, 0xff,
  0x87, 0x8e, 0x8e, 0xff, 0xf4, 0xff, 0xff, 0xff, 0xe9, 0xfd, 0xfd, 0xff,
  0xbd, 0xf7, 0xfb, 0xff, 0xac, 0xf3, 0xf9, 0xff, 0xa5, 0xef, 0xf8, 0xff,
  0x9f, 0xec, 0xf7, 0xff, 0x9b, 0xea, 0xf7, 0xff, 0x9c, 0xeb, 0xf7, 0xff,
  0xa2, 0xee, 0xf8, 0xff, 0xac, 0xf2, 0xf9, 0xff, 0xb8, 0xf8, 0xfb, 0xff,
  0xc0, 0xfb, 0xfc, 0xff, 0xc1, 0xfb, 0xfc, 0xff, 0xc0, 0xfb, 0xfc, 0xff,
  0xbe, 0xfa, 0xfc, 0xff, 0xa0, 0xeb, 0xf6, 0xff, 0xad, 0xf2, 0xf9, 0xff,
  0xc1, 0xfb, 0xfc, 0xff, 0xc0, 0xfb, 0xfc, 0xff, 0xc0, 0xfb, 0xfc, 0xff,
  0xc0, 0xfb, 0xfc, 0xff, 0xba, 0xf7, 0xfc, 0xff, 0xb8, 0xf6, 0xfc, 0xff,
  0xb8, 0xf6, 0xfc, 0xff, 0xc8, 0xf8, 0xfc, 0xff, 0xe8, 0xfd, 0xfe, 0xff,
  0xe7, 0xf3, 0xf3, 0xff, 0x6a, 0x70, 0x70, 0xff, 0x00, 0x00, 0x00, 0xff,
  0x52, 0x52, 0x52, 0xff, 0x81, 0x81, 0x81, 0xff, 0x04, 0x03, 0x03, 0xff,
  0x68, 0x41, 0x2e, 0xff, 0x9f, 0x61, 0x42, 0xff, 0x99, 0x5d, 0x3e, 0xff,
  0x94, 0x59, 0x3c, 0xff, 0x3b, 0x23, 0x17, 0xff, 0x00, 0x00, 0x00, 0xff,
  0x80, 0x80, 0x80, 0xff, 0xfb, 0xfb, 0xfb, 0xff, 0xe8, 0xe7, 0xe7, 0xff,
  0x3a, 0x3a, 0x3a, 0xff, 0x00, 0x00, 0x00, 0xff, 0x4b, 0x2c, 0x1e, 0xff,
  0x83, 0x4e, 0x34, 0xff, 0x8b, 0x53, 0x39, 0xff, 0x92, 0x57, 0x3c, 0xff,
  0x92, 0x57, 0x3c, 0xff, 0x92, 0x57, 0x3c, 0xff, 0x92, 0x57, 0x3c, 0xff,
  0x92, 0x57, 0x3c, 0xff, 0x92, 0x57, 0x3c, 0xff, 0x92, 0x57, 0x3c, 0xff,
  0x92, 0x57, 0x3c, 0xff, 0x93, 0x57, 0x3c, 0xff, 0x93, 0x57, 0x3c, 0xff,
  0x92, 0x57, 0x3c, 0xff, 0x93, 0x57, 0x3c, 0xff, 0x95, 0x59, 0x3d, 0xff,
  0x96, 0x5a, 0x3d, 0xff, 0x95, 0x59, 0x3d, 0xff, 0x8f, 0x55, 0x3b, 0xff,
  0x78, 0x47, 0x31, 0xff, 0x42, 0x27, 0x1b, 0xff, 0x01, 0x01, 0x00, 0xff,
  0x00, 0x00, 0x00, 0xff, 0x00, 0x00, 0x00, 0xff, 0x71, 0x71, 0x71, 0xff,
  0xff, 0xff, 0xff, 0xff, 0xfe, 0xfe, 0xfe, 0xff, 0xfb, 0xfb, 0xfb, 0xff,
  0x54, 0x54, 0x54, 0xff, 0x08, 0x03, 0x01, 0xff, 0x7b, 0x4c, 0x34, 0xff,
  0xa1, 0x63, 0x44, 0xff, 0x9c, 0x5e, 0x3f, 0xff, 0x97, 0x5c, 0x3e, 0xff,
  0x92, 0x5a, 0x3d, 0xff, 0x92, 0x5a, 0x3d, 0xff, 0x92, 0x5a, 0x3d, 0xff,
  0x90, 0x59, 0x3c, 0xff, 0x8d, 0x57, 0x3c, 0xff, 0x92, 0x5a, 0x3d, 0xff,
  0x7b, 0x4b, 0x33, 0xff, 0x62, 0x3a, 0x28, 0xff, 0x62, 0x3a, 0x28, 0xff,
  0x5f, 0x38, 0x27, 0xff, 0x40, 0x26, 0x1b, 0xff, 0x0f, 0x0a, 0x08, 0xff,
  0x0e, 0x0f, 0x0e, 0xff, 0x0a, 0x0b, 0x0c, 0xff, 0x8f, 0xa6, 0xab, 0xff,
  0xd4, 0xfa, 0xff, 0xff, 0xca, 0xf9, 0xfc, 0xff, 0xc2, 0xfb, 0xfb, 0xff,
  0xc2, 0xfb, 0xfb, 0xff, 0xc1, 0xfb, 0xfb, 0xff, 0xc2, 0xfb, 0xfb, 0xff,
  0xb1, 0xf3, 0xf8, 0xff, 0x8a, 0xe2, 0xf3, 0xff, 0xb1, 0xf3, 0xf9, 0xff,
  0xc4, 0xfc, 0xfb, 0xff, 0xc3, 0xfb, 0xfb, 0xff, 0xbf, 0xfa, 0xfb, 0xff,
  0xb6, 0xf6, 0xf9, 0xff, 0xaa, 0xf0, 0xf8, 0xff, 0x9e, 0xeb, 0xf6, 0xff,
  0x95, 0xe7, 0xf5, 0xff, 0x94, 0xe6, 0xf4, 0xff, 0x95, 0xe7, 0xf4, 0xff,
  0x98, 0xe8, 0xf5, 0xff, 0x9d, 0xea, 0xf5, 0xff, 0xa2, 0xec, 0xf6, 0xff,
  0xa4, 0xed, 0xf8, 0xff, 0xa7, 0xef, 0xf9, 0xff, 0xab, 0xf1, 0xfa, 0xff,
  0xaa, 0xf1, 0xfa, 0xff, 0xa6, 0xee, 0xf9, 0xff, 0xda, 0xf9, 0xfc, 0xff,
  0xf4, 0xff, 0xff, 0xff, 0xae, 0xb8, 0xb8, 0xff, 0x08, 0x08, 0x08, 0xff,
  0x83, 0x83, 0x83, 0xff, 0xff, 0xff, 0xff, 0xff, 0xff, 0xff, 0xff, 0xff,
  0xe1, 0xe1, 0xe1, 0xff, 0x23, 0x23, 0x23, 0xff, 0x3d, 0x40, 0x40, 0xff,
  0xe5, 0xf1, 0xf1, 0xff, 0xf0, 0xfe, 0xfe, 0xff, 0xd0, 0xfb, 0xfc, 0xff,
  0xbb, 0xf9, 0xfb, 0xff, 0xbb, 0xf9, 0xfb, 0xff, 0xba, 0xf8, 0xfb, 0xff,
  0xb6, 0xf7, 0xfa, 0xff, 0xae, 0xf3, 0xf9, 0xff, 0xa3, 0xee, 0xf8, 0xff,
  0x98, 0xe9, 0xf6, 0xff, 0x95, 0xe8, 0xf6, 0xff, 0xa1, 0xed, 0xf8, 0xff,
  0xb6, 0xf6, 0xfa, 0xff, 0xc0, 0xfb, 0xfc, 0xff, 0xc1, 0xfc, 0xfc, 0xff,
  0xb8, 0xf7, 0xfa, 0xff, 0x9f, 0xeb, 0xf6, 0xff, 0xbc, 0xf9, 0xfb, 0xff,
  0xc0, 0xfb, 0xfc, 0xff, 0xc0, 0xfb, 0xfc, 0xff, 0xbe, 0xfa, 0xfc, 0xff,
  0xb9, 0xf7, 0xfc, 0xff, 0xb8, 0xf6, 0xfc, 0xff, 0xb8, 0xf6, 0xfc, 0xff,
  0xb7, 0xf6, 0xfc, 0xff, 0xc2, 0xf7, 0xfc, 0xff, 0xe5, 0xfc, 0xfe, 0xff,
  0xe5, 0xf0, 0xf0, 0xff, 0x65, 0x6a, 0x6a, 0xff, 0x04, 0x04, 0x04, 0xff,
  0x08, 0x08, 0x08, 0xff, 0x10, 0x0a, 0x07, 0xff, 0x8b, 0x56, 0x3d, 0xff,
  0x93, 0x59, 0x3d, 0xff, 0x96, 0x5b, 0x3d, 0xff, 0x67, 0x3e, 0x29, 0xff,
  0x05, 0x02, 0x01, 0xff, 0x07, 0x06, 0x06, 0xff, 0xb1, 0xb0, 0xb0, 0xff,
  0xff, 0xff, 0xff, 0xff, 0xfc, 0xfc, 0xfc, 0xff, 0x56, 0x56, 0x56, 0xff,
  0x00, 0x00, 0x00, 0xff, 0x1f, 0x12, 0x0c, 0xff, 0x7a, 0x48, 0x31, 0xff,
  0x88, 0x51, 0x37, 0xff, 0x92, 0x57, 0x3c, 0xff, 0x92, 0x57, 0x3c, 0xff,
  0x92, 0x57, 0x3c, 0xff, 0x92, 0x57, 0x3c, 0xff, 0x92, 0x57, 0x3c, 0xff,
  0x93, 0x57, 0x3c, 0xff, 0x92, 0x57, 0x3c, 0xff, 0x92, 0x57, 0x3c, 0xff,
  0x92, 0x57, 0x3c, 0xff, 0x92, 0x57, 0x3c, 0xff, 0x92, 0x57, 0x3c, 0xff,
  0x92, 0x57, 0x3c, 0xff, 0x92, 0x57, 0x3c, 0xff, 0x92, 0x57, 0x3c, 0xff,
  0x92, 0x57, 0x3c, 0xff, 0x88, 0x51, 0x38, 0xff, 0x6c, 0x40, 0x2c, 0xff,
  0x1c, 0x11, 0x0b, 0xff, 0x00, 0x00, 0x00, 0xff, 0x00, 0x00, 0x00, 0xff,
  0x00, 0x00, 0x00, 0xff, 0x21, 0x21, 0x21, 0xff, 0xb7, 0xb7, 0xb7, 0xff,
  0xee, 0xee, 0xee, 0xff, 0xaa, 0xaa, 0xaa, 0xff, 0x18, 0x18, 0x18, 0xff,
  0x00, 0x00, 0x00, 0xff, 0x4a, 0x2e, 0x1f, 0xff, 0xa0, 0x62, 0x43, 0xff,
  0x9b, 0x5e, 0x3f, 0xff, 0x95, 0x5b, 0x3d, 0xff, 0x92, 0x5a, 0x3d, 0xff,
  0x92, 0x5a, 0x3d, 0xff, 0x91, 0x59, 0x3d, 0xff, 0x8c, 0x56, 0x3c, 0xff,
  0x8b, 0x56, 0x3b, 0xff, 0x91, 0x5a, 0x3d, 0xff, 0x87, 0x53, 0x38, 0xff,
  0x65, 0x3c, 0x29, 0xff, 0x62, 0x3a, 0x28, 0xff, 0x62, 0x3a, 0x28, 0xff,
  0x66, 0x3d, 0x2a, 0xff, 0x43, 0x29, 0x1d, 0xff, 0x00, 0x00, 0x00, 0xff,
  0x4b, 0x56, 0x5a, 0xff, 0xc5, 0xe1, 0xeb, 0xff, 0xc4, 0xf5, 0xfb, 0xff,
  0xb9, 0xf8, 0xfd, 0xff, 0xbd, 0xf9, 0xfc, 0xff, 0xba, 0xf8, 0xfc, 0xff,
  0xb9, 0xf8, 0xfd, 0xff, 0xba, 0xf8, 0xfc, 0xff, 0x98, 0xe8, 0xf6, 0xff,
  0x94, 0xe6, 0xf4, 0xff, 0xbc, 0xf8, 0xfa, 0xff, 0xb4, 0xf5, 0xf9, 0xff,
  0xa3, 0xed, 0xf6, 0xff, 0x93, 0xe6, 0xf4, 0xff, 0x8d, 0xe3, 0xf3, 0xff,
  0x91, 0xe5, 0xf4, 0xff, 0x9f, 0xea, 0xf6, 0xff, 0xae, 0xf1, 0xf8, 0xff,
  0xbb, 0xf7, 0xf9, 0xff, 0xc2, 0xfa, 0xfa, 0xff, 0xc4, 0xfb, 0xfb, 0xff,
  0xc3, 0xfa, 0xfb, 0xff, 0xbd, 0xf8, 0xfc, 0xff, 0xb6, 0xf6, 0xfc, 0xff,
  0xb4, 0xf5, 0xfc, 0xff, 0xb5, 0xf5, 0xfc, 0xff, 0xb2, 0xf5, 0xfc, 0xff,
  0xbf, 0xf5, 0xfd, 0xff, 0xed, 0xfd, 0xfd, 0xff, 0xf1, 0xfd, 0xfd, 0xff,
  0x69, 0x6f, 0x6f, 0xff, 0x0e, 0x0e, 0x0e, 0xff, 0xc6, 0xc6, 0xc6, 0xff,
  0xff, 0xff, 0xff, 0xff, 0xff, 0xff, 0xff, 0xff, 0xff, 0xff, 0xff, 0xff,
  0x6d, 0x6d, 0x6d, 0xff, 0x08, 0x09, 0x09, 0xff, 0xae, 0xb8, 0xb8, 0xff,
  0xf4, 0xff, 0xff, 0xff, 0xe3, 0xfc, 0xfc, 0xff, 0xbe, 0xf9, 0xfb, 0xff,
  0xb9, 0xf7, 0xfc, 0xff, 0xba, 0xf8, 0xfb, 0xff, 0xbb, 0xf9, 0xfb, 0xff,
  0xbc, 0xf9, 0xfb, 0xff, 0xbb, 0xf9, 0xfb, 0xff, 0xb8, 0xf8, 0xfb, 0xff,
  0xaf, 0xf3, 0xf9, 0xff, 0xa2, 0xed, 0xf7, 0xff, 0x98, 0xe8, 0xf5, 0xff,
  0x9f, 0xeb, 0xf6, 0xff, 0xb2, 0xf4, 0xfa, 0xff, 0xbf, 0xfb, 0xfc, 0xff,
  0xa5, 0xee, 0xf7, 0xff, 0xa8, 0xf0, 0xf8, 0xff, 0xbf, 0xfa, 0xfc, 0xff,
  0xba, 0xf7, 0xfc, 0xff, 0xb9, 0xf6, 0xfc, 0xff, 0xb8, 0xf6, 0xfc, 0xff,
  0xb8, 0xf6, 0xfc, 0xff, 0xb8, 0xf6, 0xfc, 0xff, 0xb8, 0xf6, 0xfc, 0xff,
  0xb2, 0xf5, 0xfc, 0xff, 0xb0, 0xf0, 0xfb, 0xff, 0xe5, 0xfc, 0xfe, 0xff,
  0xe4, 0xef, 0xef, 0xff, 0x5e, 0x63, 0x63, 0xff, 0x00, 0x00, 0x00, 0xff,
  0x30, 0x1e, 0x15, 0xff, 0x9d, 0x61, 0x43, 0xff, 0x90, 0x57, 0x3b, 0xff,
  0x92, 0x58, 0x3c, 0xff, 0x44, 0x29, 0x1b, 0xff, 0x00, 0x00, 0x00, 0xff,
  0x00, 0x00, 0x00, 0xff, 0x4e, 0x4d, 0x4d, 0xff, 0xc4, 0xc4, 0xc4, 0xff,
  0xa2, 0xa1, 0xa1, 0xff, 0x1a, 0x19, 0x19, 0xff, 0x00, 0x00, 0x00, 0xff,
  0x0c, 0x06, 0x04, 0xff, 0x6c, 0x40, 0x2b, 0xff, 0x88, 0x51, 0x37, 0xff,
  0x93, 0x58, 0x3c, 0xff, 0x94, 0x58, 0x3d, 0xff, 0x93, 0x58, 0x3c, 0xff,
  0x8e, 0x54, 0x3a, 0xff, 0x8a, 0x52, 0x38, 0xff, 0x89, 0x52, 0x38, 0xff,
  0x8a, 0x52, 0x38, 0xff, 0x8e, 0x54, 0x3a, 0xff, 0x93, 0x58, 0x3d, 0xff,
  0x94, 0x58, 0x3d, 0xff, 0x93, 0x58, 0x3c, 0xff, 0x92, 0x57, 0x3c, 0xff,
  0x92, 0x57, 0x3c, 0xff, 0x92, 0x57, 0x3c, 0xff, 0x92, 0x57, 0x3c, 0xff,
  0x81, 0x4d, 0x35, 0xff, 0x5f, 0x38, 0x27, 0xff, 0x0c, 0x07, 0x05, 0xff,
  0x00, 0x00, 0x00, 0xff, 0x00, 0x00, 0x00, 0xff, 0x00, 0x00, 0x00, 0xff,
  0x00, 0x00, 0x00, 0xff, 0x14, 0x14, 0x14, 0xff, 0x32, 0x32, 0x32, 0xff,
  0x10, 0x10, 0x10, 0xff, 0x00, 0x00, 0x00, 0xff, 0x00, 0x00, 0x00, 0xff,
  0x27, 0x18, 0x10, 0xff, 0x96, 0x5d, 0x3f, 0xff, 0x9b, 0x5e, 0x3f, 0xff,
  0x93, 0x5a, 0x3d, 0xff, 0x92, 0x5a, 0x3d, 0xff, 0x90, 0x59, 0x3c, 0xff,
  0x8b, 0x56, 0x3b, 0xff, 0x8a, 0x55, 0x3b, 0xff, 0x8a, 0x55, 0x3b, 0xff,
  0x8c, 0x56, 0x3b, 0xff, 0x8d, 0x57, 0x3b, 0xff, 0x70, 0x43, 0x2e, 0xff,
  0x61, 0x3a, 0x28, 0xff, 0x62, 0x3a, 0x28, 0xff, 0x65, 0x3c, 0x29, 0xff,
  0x6b, 0x42, 0x2f, 0xff, 0x14, 0x0c, 0x09, 0xff, 0x79, 0x89, 0x90, 0xff,
  0xc1, 0xe8, 0xf5, 0xff, 0xb1, 0xf0, 0xfa, 0xff, 0xb7, 0xf7, 0xfd, 0xff,
  0xb7, 0xf7, 0xfd, 0xff, 0xb7, 0xf7, 0xfd, 0xff, 0xb7, 0xf7, 0xfd, 0xff,
  0xae, 0xf3, 0xfb, 0xff, 0x8a, 0xe2, 0xf3, 0xff, 0x93, 0xe6, 0xf4, 0xff,
  0x96, 0xe7, 0xf5, 0xff, 0x8c, 0xe3, 0xf4, 0xff, 0x93, 0xe6, 0xf5, 0xff,
  0xa4, 0xed, 0xf7, 0xff, 0xb6, 0xf5, 0xf9, 0xff, 0xc2, 0xfa, 0xfa, 0xff,
  0xc7, 0xfc, 0xfb, 0xff, 0xc8, 0xfc, 0xfb, 0xff, 0xc8, 0xfc, 0xfb, 0xff,
  0xc5, 0xfb, 0xfb, 0xff, 0xbe, 0xf9, 0xfc, 0xff, 0xb7, 0xf6, 0xfc, 0xff,
  0xb4, 0xf5, 0xfc, 0xff, 0xb4, 0xf5, 0xfc, 0xff, 0xb4, 0xf5, 0xfc, 0xff,
  0xb4, 0xf5, 0xfc, 0xff, 0xb1, 0xf4, 0xfc, 0xff, 0xd6, 0xf9, 0xfd, 0xff,
  0xf3, 0xff, 0xff, 0xff, 0xd5, 0xe0, 0xe0, 0xff, 0x23, 0x25, 0x25, 0xff,
  0x43, 0x43, 0x43, 0xff, 0xf4, 0xf4, 0xf4, 0xff, 0xff, 0xff, 0xff, 0xff,
  0xff, 0xff, 0xff, 0xff, 0xff, 0xff, 0xff, 0xff, 0xc4, 0xc4, 0xc4, 0xff,
  0x0e, 0x0e, 0x0e, 0xff, 0x54, 0x58, 0x58, 0xff, 0xeb, 0xf7, 0xf7, 0xff,
  0xee, 0xfd, 0xfd, 0xff, 0xc6, 0xf7, 0xfd, 0xff, 0xb5, 0xf4, 0xfd, 0xff,
  0xb7, 0xf5, 0xfc, 0xff, 0xba, 0xf8, 0xfb, 0xff, 0xbb, 0xf9, 0xfb, 0xff,
  0xbb, 0xf9, 0xfb, 0xff, 0xbb, 0xf9, 0xfb, 0xff, 0xbc, 0xf9, 0xfb, 0xff,
  0xbb, 0xf9, 0xfb, 0xff, 0xb6, 0xf7, 0xfa, 0xff, 0xa4, 0xee, 0xf7, 0xff,
  0x92, 0xe5, 0xf4, 0xff, 0x99, 0xe8, 0xf5, 0xff, 0xa4, 0xed, 0xf7, 0xff,
  0x93, 0xe5, 0xf4, 0xff, 0xb3, 0xf4, 0xfb, 0xff, 0xb8, 0xf6, 0xfc, 0xff,
  0xb8, 0xf6, 0xfc, 0xff, 0xb8, 0xf6, 0xfc, 0xff, 0xb8, 0xf6, 0xfc, 0xff,
  0xb8, 0xf6, 0xfc, 0xff, 0xb7, 0xf6, 0xfc, 0xff, 0xb1, 0xf6, 0xfc, 0xff,
  0x9c, 0xec, 0xfa, 0xff, 0xaa, 0xec, 0xfa, 0xff, 0xe7, 0xfe, 0xff, 0xff,
  0xc8, 0xd2, 0xd2, 0xff, 0x13, 0x15, 0x15, 0xff, 0x57, 0x36, 0x26, 0xff,
  0x9f, 0x61, 0x43, 0xff, 0x90, 0x57, 0x3b, 0xff, 0x8f, 0x56, 0x3b, 0xff,
  0x38, 0x21, 0x17, 0xff, 0x00, 0x00, 0x00, 0xff, 0x01, 0x00, 0x00, 0xff,
  0x01, 0x00, 0x00, 0xff, 0x0f, 0x0e, 0x0e, 0xff, 0x08, 0x07, 0x07, 0xff,
  0x00, 0x00, 0x00, 0xff, 0x01, 0x00, 0x00, 0xff, 0x09, 0x04, 0x03, 0xff,
  0x6a, 0x3f, 0x2a, 0xff, 0x81, 0x4d, 0x34, 0xff, 0x74, 0x45, 0x2f, 0xff,
  0x59, 0x35, 0x23, 0xff, 0x42, 0x27, 0x1a, 0xff, 0x32, 0x1d, 0x15, 0xff,
  0x2e, 0x1a, 0x14, 0xff, 0x2f, 0x1b, 0x16, 0xff, 0x2f, 0x1b, 0x15, 0xff,
  0x33, 0x1e, 0x16, 0xff, 0x43, 0x27, 0x1b, 0xff, 0x5d, 0x38, 0x26, 0xff,
  0x7e, 0x4b, 0x33, 0xff, 0x91, 0x57, 0x3c, 0xff, 0x93, 0x58, 0x3c, 0xff,
  0x92, 0x57, 0x3c, 0xff, 0x91, 0x57, 0x3c, 0xff, 0x7d, 0x4a, 0x33, 0xff,
  0x57, 0x34, 0x23, 0xff, 0x07, 0x04, 0x03, 0xff, 0x00, 0x00, 0x00, 0xff,
  0x00, 0x00, 0x00, 0xff, 0x00, 0x00, 0x00, 0xff, 0x00, 0x00, 0x00, 0xff,
  0x00, 0x00, 0x00, 0xff, 0x00, 0x00, 0x00, 0xff, 0x00, 0x00, 0x00, 0xff,
  0x00, 0x00, 0x00, 0xff, 0x00, 0x00, 0x00, 0xff, 0x19, 0x0f, 0x0b, 0xff,
  0x91, 0x59, 0x3c, 0xff, 0x99, 0x5d, 0x3f, 0xff, 0x92, 0x5a, 0x3d, 0xff,
  0x8f, 0x58, 0x3c, 0xff, 0x8c, 0x56, 0x3b, 0xff, 0x8a, 0x55, 0x3b, 0xff,
  0x8a, 0x55, 0x3b, 0xff, 0x8a, 0x55, 0x3b, 0xff, 0x8a, 0x55, 0x3b, 0xff,
  0x8b, 0x56, 0x3b, 0xff, 0x7b, 0x4b, 0x34, 0xff, 0x62, 0x3a, 0x28, 0xff,
  0x62, 0x3a, 0x28, 0xff, 0x62, 0x3a, 0x28, 0xff, 0x72, 0x46, 0x31, 0xff,
  0x2d, 0x1a, 0x12, 0xff, 0x47, 0x58, 0x5e, 0xff, 0x94, 0xdb, 0xf1, 0xff,
  0x99, 0xe7, 0xf8, 0xff, 0xb7, 0xf7, 0xfd, 0xff, 0xb7, 0xf7, 0xfd, 0xff,
  0xb8, 0xf7, 0xfd, 0xff, 0xb6, 0xf6, 0xfd, 0xff, 0x9a, 0xe9, 0xf7, 0xff,
  0x84, 0xdf, 0xf2, 0xff, 0x8b, 0xe2, 0xf3, 0xff, 0x9a, 0xe9, 0xf7, 0xff,
  0xab, 0xf1, 0xfa, 0xff, 0xb3, 0xf5, 0xfc, 0xff, 0xb7, 0xf6, 0xfc, 0xff,
  0xbe, 0xf9, 0xfc, 0xff, 0xc6, 0xfc, 0xfb, 0xff, 0xc7, 0xfc, 0xfb, 0xff,
  0xc6, 0xfc, 0xfb, 0xff, 0xbf, 0xf9, 0xfb, 0xff, 0xb8, 0xf6, 0xfc, 0xff,
  0xb4, 0xf5, 0xfc, 0xff, 0xb4, 0xf5, 0xfc, 0xff, 0xb1, 0xf4, 0xfc, 0xff,
  0xb2, 0xf4, 0xfc, 0xff, 0xb3, 0xf5, 0xfc, 0xff, 0xb2, 0xf4, 0xfc, 0xff,
  0xb9, 0xf4, 0xfd, 0xff, 0xe8, 0xfc, 0xfd, 0xff, 0xf3, 0xff, 0xff, 0xff,
  0x8a, 0x92, 0x92, 0xff, 0x04, 0x04, 0x04, 0xff, 0x99, 0x99, 0x99, 0xff,
  0xff, 0xff, 0xff, 0xff, 0xff, 0xff, 0xff, 0xff, 0xff, 0xff, 0xff, 0xff,
  0xff, 0xff, 0xff, 0xff, 0xf9, 0xf9, 0xf9, 0xff, 0x59, 0x59, 0x59, 0xff,
  0x0b, 0x0c, 0x0c, 0xff, 0xb0, 0xb9, 0xb9, 0xff, 0xf3, 0xff, 0xff, 0xff,
  0xd7, 0xf9, 0xfd, 0xff, 0xb6, 0xf4, 0xfd, 0xff, 0xb6, 0xf4, 0xfd, 0xff,
  0xb7, 0xf5, 0xfd, 0xff, 0xba, 0xf8, 0xfb, 0xff, 0xbb, 0xf9, 0xfb, 0xff,
  0xbb, 0xf9, 0xfb, 0xff, 0xbb, 0xf9, 0xfb, 0xff, 0xbb, 0xf9, 0xfb, 0xff,
  0xbb, 0xf9, 0xfb, 0xff, 0xbc, 0xf9, 0xfb, 0xff, 0xb5, 0xf6, 0xfa, 0xff,
  0xa0, 0xec, 0xf6, 0xff, 0x8d, 0xe2, 0xf3, 0xff, 0x83, 0xde, 0xf1, 0xff,
  0x97, 0xe7, 0xf5, 0xff, 0xb6, 0xf5, 0xfc, 0xff, 0xb8, 0xf6, 0xfc, 0xff,
  0xb8, 0xf6, 0xfc, 0xff, 0xb8, 0xf6, 0xfc, 0xff, 0xb8, 0xf6, 0xfc, 0xff,
  0xb7, 0xf6, 0xfc, 0xff, 0xb2, 0xf6, 0xfc, 0xff, 0xa4, 0xf0, 0xfb, 0xff,
  0x8f, 0xe6, 0xf9, 0xff, 0xac, 0xf0, 0xfe, 0xff, 0xa1, 0xb8, 0xbc, 0xff,
  0x12, 0x10, 0x0f, 0xff, 0x7e, 0x4f, 0x37, 0xff, 0x99, 0x5e, 0x40, 0xff,
  0x90, 0x57, 0x3b, 0xff, 0x8d, 0x55, 0x3a, 0xff, 0x2e, 0x1b, 0x12, 0xff,
  0x00, 0x00, 0x00, 0xff, 0x01, 0x00, 0x00, 0xff, 0x01, 0x00, 0x00, 0xff,
  0x00, 0x00, 0x00, 0xff, 0x00, 0x00, 0x00, 0xff, 0x01, 0x00, 0x00, 0xff,
  0x01, 0x00, 0x00, 0xff, 0x07, 0x03, 0x02, 0xff, 0x42, 0x27, 0x1a, 0xff,
  0x37, 0x21, 0x18, 0xff, 0x2f, 0x1c, 0x19, 0xff, 0x50, 0x33, 0x33, 0xff,
  0x89, 0x5c, 0x5d, 0xff, 0xa7, 0x70, 0x72, 0xff, 0xbe, 0x7e, 0x81, 0xff,
  0xcb, 0x81, 0x85, 0xff, 0xc3, 0x79, 0x7c, 0xff, 0xa7, 0x65, 0x68, 0xff,
  0x87, 0x4f, 0x51, 0xff, 0x5d, 0x31, 0x33, 0xff, 0x46, 0x24, 0x22, 0xff,
  0x4d, 0x2d, 0x20, 0xff, 0x7e, 0x4b, 0x33, 0xff, 0x8f, 0x55, 0x3b, 0xff,
  0x89, 0x52, 0x38, 0xff, 0x7b, 0x4a, 0x31, 0xff, 0x5f, 0x38, 0x27, 0xff,
  0x0b, 0x06, 0x04, 0xff, 0x00, 0x00, 0x00, 0xff, 0x00, 0x00, 0x00, 0xff,
  0x00, 0x00, 0x00, 0xff, 0x00, 0x00, 0x00, 0xff, 0x00, 0x00, 0x00, 0xff,
  0x00, 0x00, 0x00, 0xff, 0x00, 0x00, 0x00, 0xff, 0x00, 0x00, 0x00, 0xff,
  0x00, 0x00, 0x00, 0xff, 0x18, 0x0f, 0x0a, 0xff, 0x8e, 0x56, 0x3a, 0xff,
  0x97, 0x5c, 0x3e, 0xff, 0x92, 0x5a, 0x3d, 0xff, 0x8c, 0x56, 0x3c, 0xff,
  0x8a, 0x55, 0x3b, 0xff, 0x8a, 0x55, 0x3b, 0xff, 0x8a, 0x55, 0x3b, 0xff,
  0x8a, 0x55, 0x3b, 0xff, 0x8a, 0x55, 0x3b, 0xff, 0x8b, 0x55, 0x3b, 0xff,
  0x81, 0x4f, 0x37, 0xff, 0x64, 0x3b, 0x29, 0xff, 0x62, 0x3a, 0x28, 0xff,
  0x62, 0x3a, 0x28, 0xff, 0x6f, 0x43, 0x2f, 0xff, 0x46, 0x2a, 0x1d, 0xff,
  0x1a, 0x2a, 0x30, 0xff, 0x79, 0xcb, 0xe4, 0xff, 0x89, 0xdf, 0xf7, 0xff,
  0xae, 0xf2, 0xfb, 0xff, 0xb8, 0xf8, 0xfd, 0xff, 0xaf, 0xf3, 0xfc, 0xff,
  0x94, 0xe4, 0xf7, 0xff, 0x8a, 0xe0, 0xf5, 0xff, 0x9e, 0xeb, 0xf8, 0xff,
  0xae, 0xf2, 0xfb, 0xff, 0xb4, 0xf5, 0xfc, 0xff, 0xb5, 0xf5, 0xfc, 0xff,
  0xb4, 0xf5, 0xfc, 0xff, 0xb4, 0xf5, 0xfc, 0xff, 0xb4, 0xf5, 0xfc, 0xff,
  0xb9, 0xf7, 0xfc, 0xff, 0xbd, 0xf8, 0xfc, 0xff, 0xb9, 0xf7, 0xfc, 0xff,
  0xb4, 0xf5, 0xfc, 0xff, 0xb4, 0xf5, 0xfc, 0xff, 0xb4, 0xf5, 0xfc, 0xff,
  0xb0, 0xf3, 0xfd, 0xff, 0xac, 0xf2, 0xfd, 0xff, 0xac, 0xf2, 0xfd, 0xff,
  0xad, 0xf2, 0xfd, 0xff, 0xac, 0xf2, 0xfd, 0xff, 0xcd, 0xf7, 0xfd, 0xff,
  0xf2, 0xff, 0xff, 0xff, 0xd9, 0xe5, 0xe5, 0xff, 0x2e, 0x30, 0x30, 0xff,
  0x28, 0x28, 0x28, 0xff, 0xe3, 0xe3, 0xe3, 0xff, 0xff, 0xff, 0xff, 0xff,
  0xff, 0xff, 0xff, 0xff, 0xff, 0xff, 0xff, 0xff, 0xff, 0xff, 0xff, 0xff,
  0xff, 0xff, 0xff, 0xff, 0xc0, 0xc0, 0xc0, 0xff, 0x0e, 0x0e, 0x0e, 0xff,
  0x48, 0x4c, 0x4c, 0xff, 0xe2, 0xf2, 0xf2, 0xff, 0xe7, 0xfd, 0xfe, 0xff,
  0xc3, 0xf6, 0xfd, 0xff, 0xb5, 0xf4, 0xfd, 0xff, 0xb6, 0xf4, 0xfd, 0xff,
  0xb7, 0xf5, 0xfd, 0xff, 0xb9, 0xf7, 0xfc, 0xff, 0xbb, 0xf9, 0xfb, 0xff,
  0xbb, 0xf9, 0xfb, 0xff, 0xbb, 0xf9, 0xfb, 0xff, 0xbb, 0xf9, 0xfb, 0xff,
  0xbb, 0xf9, 0xfb, 0xff, 0xbb, 0xf9, 0xfb, 0xff, 0xbc, 0xf9, 0xfb, 0xff,
  0xb3, 0xf5, 0xfa, 0xff, 0x99, 0xe8, 0xf6, 0xff, 0x86, 0xdf, 0xf2, 0xff,
  0x99, 0xe7, 0xf6, 0xff, 0xb4, 0xf4, 0xfb, 0xff, 0xb9, 0xf6, 0xfc, 0xff,
  0xb8, 0xf6, 0xfc, 0xff, 0xb8, 0xf6, 0xfc, 0xff, 0xb6, 0xf6, 0xfc, 0xff,
  0xb2, 0xf6, 0xfc, 0xff, 0xaa, 0xf3, 0xfb, 0xff, 0x92, 0xe7, 0xf9, 0xff,
  0x90, 0xe8, 0xfb, 0xff, 0x48, 0x71, 0x7a, 0xff, 0x17, 0x0d, 0x08, 0xff,
  0x8e, 0x57, 0x3d, 0xff, 0x90, 0x57, 0x3b, 0xff, 0x90, 0x57, 0x3b, 0xff,
  0x90, 0x57, 0x3b, 0xff, 0x3a, 0x23, 0x18, 0xff, 0x00, 0x00, 0x00, 0xff,
  0x00, 0x00, 0x00, 0xff, 0x01, 0x00, 0x00, 0xff, 0x01, 0x00, 0x00, 0xff,
  0x01, 0x00, 0x00, 0xff, 0x01, 0x00, 0x00, 0xff, 0x00, 0x00, 0x00, 0xff,
  0x06, 0x03, 0x03, 0xff, 0x50, 0x31, 0x31, 0xff, 0xb2, 0x70, 0x71, 0xff,
  0xdf, 0x9f, 0xa1, 0xff, 0xf6, 0xcc, 0xcd, 0xff, 0xff, 0xe8, 0xe9, 0xff,
  0xff, 0xee, 0xef, 0xff, 0xfe, 0xee, 0xef, 0xff, 0xfe, 0xe8, 0xea, 0xff,
  0xff, 0xc2, 0xc4, 0xff, 0xff, 0xaf, 0xb1, 0xff, 0xfe, 0xa9, 0xab, 0xff,
  0xf6, 0x95, 0x98, 0xff, 0xdf, 0x79, 0x7e, 0xff, 0x99, 0x4e, 0x52, 0xff,
  0x44, 0x25, 0x20, 0xff, 0x6a, 0x3f, 0x2a, 0xff, 0x7d, 0x4b, 0x32, 0xff,
  0x7c, 0x4a, 0x31, 0xff, 0x6c, 0x40, 0x2c, 0xff, 0x19, 0x0e, 0x0a, 0xff,
  0x04, 0x05, 0x05, 0xff, 0x01, 0x01, 0x01, 0xff, 0x00, 0x00, 0x00, 0xff,
  0x00, 0x00, 0x00, 0xff, 0x00, 0x00, 0x00, 0xff, 0x00, 0x00, 0x00, 0xff,
  0x00, 0x00, 0x00, 0xff, 0x00, 0x00, 0x00, 0xff, 0x00, 0x00, 0x00, 0xff,
  0x29, 0x19, 0x11, 0xff, 0x90, 0x58, 0x3b, 0xff, 0x93, 0x5b, 0x3d, 0xff,
  0x92, 0x5a, 0x3d, 0xff, 0x90, 0x59, 0x3c, 0xff, 0x8b, 0x55, 0x3b, 0xff,
  0x8a, 0x55, 0x3b, 0xff, 0x8a, 0x55, 0x3b, 0xff, 0x8a, 0x55, 0x3b, 0xff,
  0x8a, 0x55, 0x3b, 0xff, 0x8a, 0x55, 0x3b, 0xff, 0x83, 0x50, 0x38, 0xff,
  0x65, 0x3c, 0x29, 0xff, 0x62, 0x3a, 0x28, 0xff, 0x62, 0x3a, 0x28, 0xff,
  0x6a, 0x3f, 0x2c, 0xff, 0x56, 0x35, 0x25, 0xff, 0x0d, 0x12, 0x14, 0xff,
  0x6e, 0xb4, 0xc9, 0xff, 0x8a, 0xe2, 0xfd, 0xff, 0x99, 0xe7, 0xfa, 0xff,
  0xa2, 0xeb, 0xf9, 0xff, 0x8a, 0xde, 0xf5, 0xff, 0x92, 0xe3, 0xf6, 0xff,
  0xab, 0xf0, 0xfb, 0xff, 0xb5, 0xf5, 0xfc, 0xff, 0xb4, 0xf5, 0xfc, 0xff,
  0xb4, 0xf5, 0xfc, 0xff, 0xb4, 0xf5, 0xfc, 0xff, 0xb4, 0xf5, 0xfc, 0xff,
  0xb4, 0xf5, 0xfc, 0xff, 0xb4, 0xf5, 0xfc, 0xff, 0xb4, 0xf5, 0xfc, 0xff,
  0xb4, 0xf5, 0xfc, 0xff, 0xb4, 0xf5, 0xfc, 0xff, 0xb4, 0xf5, 0xfc, 0xff,
  0xb3, 0xf5, 0xfc, 0xff, 0xaf, 0xf3, 0xfd, 0xff, 0xac, 0xf2, 0xfd, 0xff,
  0xac, 0xf2, 0xfd, 0xff, 0xac, 0xf2, 0xfd, 0xff, 0xab, 0xf2, 0xfd, 0xff,
  0xb2, 0xf3, 0xfd, 0xff, 0xe3, 0xfb, 0xfd, 0xff, 0xf2, 0xff, 0xff, 0xff,
  0x83, 0x8a, 0x8a, 0xff, 0x01, 0x01, 0x01, 0xff, 0x87, 0x87, 0x87, 0xff,
  0xff, 0xff, 0xff, 0xff, 0xff, 0xff, 0xff, 0xff, 0xff, 0xff, 0xff, 0xff,
  0xff, 0xff, 0xff, 0xff, 0xff, 0xff, 0xff, 0xff, 0xff, 0xff, 0xff, 0xff,
  0xfb, 0xfb, 0xfb, 0xff, 0x66, 0x66, 0x66, 0xff, 0x04, 0x05, 0x05, 0xff,
  0x93, 0x9f, 0x9f, 0xff, 0xed, 0xff, 0xff, 0xff, 0xdc, 0xfb, 0xfd, 0xff,
  0xba, 0xf5, 0xfd, 0xff, 0xb6, 0xf4, 0xfd, 0xff, 0xb7, 0xf4, 0xfd, 0xff,
  0xb7, 0xf4, 0xfd, 0xff, 0xb8, 0xf6, 0xfc, 0xff, 0xba, 0xf8, 0xfc, 0xff,
  0xbb, 0xf9, 0xfb, 0xff, 0xbb, 0xf9, 0xfb, 0xff, 0xbb, 0xf9, 0xfb, 0xff,
  0xbb, 0xf9, 0xfb, 0xff, 0xba, 0xf8, 0xfb, 0xff, 0xb9, 0xf7, 0xfc, 0xff,
  0xb4, 0xf5, 0xfd, 0xff, 0xa4, 0xef, 0xf9, 0xff, 0x8f, 0xe4, 0xf4, 0xff,
  0x92, 0xe4, 0xf4, 0xff, 0xac, 0xf0, 0xfa, 0xff, 0xb8, 0xf6, 0xfc, 0xff,
  0xb6, 0xf6, 0xfc, 0xff, 0xb1, 0xf6, 0xfc, 0xff, 0xb0, 0xf6, 0xfc, 0xff,
  0xae, 0xf5, 0xfc, 0xff, 0x97, 0xeb, 0xfb, 0xff, 0x85, 0xd7, 0xe9, 0xff,
  0x1d, 0x32, 0x36, 0xff, 0x38, 0x21, 0x16, 0xff, 0x91, 0x58, 0x3d, 0xff,
  0x86, 0x51, 0x38, 0xff, 0x8b, 0x54, 0x39, 0xff, 0x92, 0x58, 0x3c, 0xff,
  0x55, 0x33, 0x23, 0xff, 0x2f, 0x2e, 0x2d, 0xff, 0x13, 0x12, 0x12, 0xff,
  0x00, 0x00, 0x00, 0xff, 0x01, 0x00, 0x00, 0xff, 0x01, 0x00, 0x00, 0xff,
  0x01, 0x00, 0x00, 0xff, 0x03, 0x01, 0x01, 0xff, 0x71, 0x46, 0x47, 0xff,
  0xf0, 0x95, 0x96, 0xff, 0xff, 0xa3, 0xa4, 0xff, 0xff, 0xd1, 0xd2, 0xff,
  0xfd, 0xec, 0xed, 0xff, 0xfc, 0xf1, 0xf3, 0xff, 0xfc, 0xef, 0xf0, 0xff,
  0xfc, 0xe5, 0xe7, 0xff, 0xfc, 0xd1, 0xd3, 0xff, 0xfc, 0xb7, 0xb9, 0xff,
  0xfc, 0xb1, 0xb3, 0xff, 0xfc, 0xaf, 0xb1, 0xff, 0xfb, 0xa8, 0xa9, 0xff,
  0xfc, 0x9e, 0x9f, 0xff, 0xf8, 0x86, 0x8a, 0xff, 0xb3, 0x51, 0x54, 0xff,
  0x4f, 0x2a, 0x20, 0xff, 0x77, 0x46, 0x2e, 0xff, 0x7b, 0x48, 0x30, 0xff,
  0x75, 0x46, 0x2f, 0xff, 0x3c, 0x24, 0x19, 0xff, 0x6e, 0x6d, 0x6c, 0xff,
  0x47, 0x46, 0x46, 0xff, 0x00, 0x00, 0x00, 0xff, 0x00, 0x00, 0x00, 0xff,
  0x00, 0x00, 0x00, 0xff, 0x00, 0x00, 0x00, 0xff, 0x00, 0x00, 0x00, 0xff,
  0x11, 0x0f, 0x09, 0xff, 0x12, 0x0e, 0x09, 0xff, 0x5e, 0x3a, 0x27, 0xff,
  0x93, 0x5b, 0x3e, 0xff, 0x92, 0x5a, 0x3d, 0xff, 0x90, 0x59, 0x3d, 0xff,
  0x8c, 0x57, 0x3c, 0xff, 0x8a, 0x55, 0x3b, 0xff, 0x8a, 0x55, 0x3b, 0xff,
  0x8a, 0x55, 0x3b, 0xff, 0x8a, 0x55, 0x3b, 0xff, 0x8a, 0x55, 0x3b, 0xff,
  0x8b, 0x55, 0x3b, 0xff, 0x80, 0x4e, 0x36, 0xff, 0x64, 0x3b, 0x29, 0xff,
  0x62, 0x3a, 0x28, 0xff, 0x62, 0x3a, 0x28, 0xff, 0x65, 0x3c, 0x2a, 0xff,
  0x61, 0x3c, 0x2a, 0xff, 0x0d, 0x0a, 0x09, 0xff, 0x5e, 0x9a, 0xad, 0xff,
  0x84, 0xdd, 0xfb, 0xff, 0x74, 0xcd, 0xf1, 0xff, 0x84, 0xd9, 0xf3, 0xff,
  0xa0, 0xeb, 0xf9, 0xff, 0xb2, 0xf4, 0xfc, 0xff, 0xb5, 0xf5, 0xfc, 0xff,
  0xb4, 0xf5, 0xfc, 0xff, 0xb4, 0xf5, 0xfc, 0xff, 0xb4, 0xf5, 0xfc, 0xff,
  0xb4, 0xf5, 0xfc, 0xff, 0xb4, 0xf5, 0xfc, 0xff, 0xb4, 0xf5, 0xfc, 0xff,
  0xb4, 0xf5, 0xfc, 0xff, 0xb4, 0xf5, 0xfc, 0xff, 0xb4, 0xf5, 0xfc, 0xff,
  0xb4, 0xf5, 0xfc, 0xff, 0xb3, 0xf4, 0xfc, 0xff, 0xae, 0xf3, 0xfd, 0xff,
  0xac, 0xf2, 0xfd, 0xff, 0xac, 0xf2, 0xfd, 0xff, 0xac, 0xf2, 0xfd, 0xff,
  0xac, 0xf2, 0xfd, 0xff, 0xac, 0xf2, 0xfd, 0xff, 0xc9, 0xf7, 0xfd, 0xff,
  0xef, 0xff, 0xff, 0xff, 0xc5, 0xcf, 0xcf, 0xff, 0x1c, 0x1d, 0x1d, 0xff,
  0x2c, 0x2c, 0x2c, 0xff, 0xe2, 0xe2, 0xe2, 0xff, 0xff, 0xff, 0xff, 0xff,
  0xff, 0xff, 0xff, 0xff, 0xff, 0xff, 0xff, 0xff, 0xff, 0xff, 0xff, 0xff,
  0xff, 0xff, 0xff, 0xff, 0xff, 0xff, 0xff, 0xff, 0xff, 0xff, 0xff, 0xff,
  0xd5, 0xd5, 0xd5, 0xff, 0x21, 0x21, 0x21, 0xff, 0x28, 0x2c, 0x2c, 0xff,
  0xcd, 0xdd, 0xdd, 0xff, 0xec, 0xff, 0xff, 0xff, 0xca, 0xf6, 0xfc, 0xff,
  0xaa, 0xee, 0xfb, 0xff, 0xab, 0xee, 0xfb, 0xff, 0xac, 0xef, 0xfb, 0xff,
  0xad, 0xef, 0xfb, 0xff, 0xad, 0xf0, 0xfb, 0xff, 0xb0, 0xf2, 0xfb, 0xff,
  0xb3, 0xf4, 0xfb, 0xff, 0xb5, 0xf5, 0xfb, 0xff, 0xb5, 0xf4, 0xfc, 0xff,
  0xb5, 0xf4, 0xfc, 0xff, 0xb6, 0xf5, 0xfd, 0xff, 0xb4, 0xf6, 0xfc, 0xff,
  0xb2, 0xf7, 0xfc, 0xff, 0xae, 0xf4, 0xfb, 0xff, 0x9a, 0xea, 0xf7, 0xff,
  0x8b, 0xe2, 0xf3, 0xff, 0x9f, 0xeb, 0xf7, 0xff, 0xaf, 0xf4, 0xfb, 0xff,
  0xb1, 0xf6, 0xfc, 0xff, 0xb0, 0xf6, 0xfc, 0xff, 0xb1, 0xf7, 0xfd, 0xff,
  0xa2, 0xf3, 0xff, 0xff, 0x6a, 0xac, 0xba, 0xff, 0x0a, 0x0d, 0x0d, 0xff,
  0x66, 0x3e, 0x2b, 0xff, 0x91, 0x58, 0x3d, 0xff, 0x85, 0x50, 0x37, 0xff,
  0x86, 0x51, 0x37, 0xff, 0x8e, 0x56, 0x3a, 0xff, 0x7a, 0x49, 0x30, 0xff,
  0x8a, 0x81, 0x7a, 0xff, 0xa1, 0xa0, 0x9d, 0xff, 0x1c, 0x1b, 0x1a, 0xff,
  0x00, 0x00, 0x00, 0xff, 0x01, 0x00, 0x00, 0xff, 0x00, 0x00, 0x00, 0xff,
  0x21, 0x13, 0x14, 0xff, 0xda, 0x83, 0x85, 0xff, 0xff, 0x9d, 0x9f, 0xff,
  0xfc, 0x9d, 0x9e, 0xff, 0xfc, 0xa8, 0xa9, 0xff, 0xfc, 0xba, 0xbb, 0xff,
  0xfc, 0xbd, 0xbe, 0xff, 0xfc, 0xb8, 0xb9, 0xff, 0xfb, 0xaf, 0xb1, 0xff,
  0xfb, 0xa8, 0xaa, 0xff, 0xfb, 0xa7, 0xa8, 0xff, 0xfb, 0xa7, 0xa8, 0xff,
  0xfb, 0xa5, 0xa6, 0xff, 0xfb, 0xa4, 0xa5, 0xff, 0xfc, 0x9e, 0x9f, 0xff,
  0xf7, 0x88, 0x8a, 0xff, 0xe8, 0x64, 0x67, 0xff, 0x7b, 0x3b, 0x37, 0xff,
  0x96, 0x74, 0x4a, 0xff, 0x98, 0x6a, 0x45, 0xff, 0x7a, 0x4a, 0x32, 0xff,
  0x63, 0x3a, 0x27, 0xff, 0x75, 0x6b, 0x66, 0xff, 0x9d, 0x9d, 0x9c, 0xff,
  0x0c, 0x0c, 0x0c, 0xff, 0x00, 0x00, 0x00, 0xff, 0x00, 0x00, 0x00, 0xff,
  0x13, 0x11, 0x0c, 0xff, 0x40, 0x39, 0x29, 0xff, 0x2b, 0x26, 0x1a, 0xff,
  0x34, 0x22, 0x16, 0xff, 0x8a, 0x55, 0x39, 0xff, 0x93, 0x5a, 0x3d, 0xff,
  0x91, 0x59, 0x3d, 0xff, 0x8b, 0x56, 0x3b, 0xff, 0x8a, 0x55, 0x3b, 0xff,
  0x8a, 0x55, 0x3b, 0xff, 0x8a, 0x55, 0x3b, 0xff, 0x8a, 0x55, 0x3b, 0xff,
  0x8a, 0x55, 0x3b, 0xff, 0x8a, 0x55, 0x3b, 0xff, 0x87, 0x53, 0x3a, 0xff,
  0x72, 0x44, 0x2f, 0xff, 0x62, 0x3a, 0x28, 0xff, 0x62, 0x3a, 0x28, 0xff,
  0x62, 0x3a, 0x28, 0xff, 0x63, 0x3b, 0x29, 0xff, 0x66, 0x3e, 0x2c, 0xff,
  0x11, 0x0a, 0x07, 0xff, 0x40, 0x72, 0x85, 0xff, 0x6f, 0xc9, 0xf2, 0xff,
  0x6b, 0xc5, 0xee, 0xff, 0x8c, 0xdc, 0xf5, 0xff, 0xb4, 0xf5, 0xfc, 0xff,
  0xb4, 0xf5, 0xfc, 0xff, 0xb4, 0xf5, 0xfc, 0xff, 0xb4, 0xf5, 0xfc, 0xff,
  0xb4, 0xf5, 0xfc, 0xff, 0xb4, 0xf5, 0xfc, 0xff, 0xb4, 0xf5, 0xfc, 0xff,
  0xb4, 0xf5, 0xfc, 0xff, 0xb4, 0xf5, 0xfc, 0xff, 0xb4, 0xf5, 0xfc, 0xff,
  0xb4, 0xf5, 0xfc, 0xff, 0xb3, 0xf5, 0xfc, 0xff, 0xb1, 0xf4, 0xfc, 0xff,
  0xad, 0xf2, 0xfd, 0xff, 0xac, 0xf2, 0xfd, 0xff, 0xac, 0xf2, 0xfd, 0xff,
  0xac, 0xf2, 0xfd, 0xff, 0xac, 0xf2, 0xfd, 0xff, 0xab, 0xf2, 0xfd, 0xff,
  0xbc, 0xf5, 0xfd, 0xff, 0xe5, 0xfd, 0xfd, 0xff, 0xe3, 0xf3, 0xf2, 0xff,
  0x53, 0x58, 0x58, 0xff, 0x03, 0x03, 0x03, 0xff, 0x9c, 0x9c, 0x9c, 0xff,
  0xff, 0xff, 0xff, 0xff, 0xff, 0xff, 0xff, 0xff, 0xff, 0xff, 0xff, 0xff,
  0xff, 0xff, 0xff, 0xff, 0xff, 0xff, 0xff, 0xff, 0xff, 0xff, 0xff, 0xff,
  0xff, 0xff, 0xff, 0xff, 0xff, 0xff, 0xff, 0xff, 0xff, 0xff, 0xff, 0xff,
  0x97, 0x97, 0x97, 0xff, 0x04, 0x04, 0x04, 0xff, 0x61, 0x69, 0x69, 0xff,
  0xe6, 0xf8, 0xf8, 0xff, 0xe2, 0xfb, 0xfd, 0xff, 0xad, 0xed, 0xf9, 0xff,
  0x94, 0xe5, 0xf7, 0xff, 0x90, 0xe3, 0xf6, 0xff, 0x8a, 0xdf, 0xf4, 0xff,
  0x88, 0xde, 0xf4, 0xff, 0x88, 0xde, 0xf4, 0xff, 0x88, 0xde, 0xf3, 0xff,
  0x8a, 0xde, 0xf4, 0xff, 0x8b, 0xdf, 0xf4, 0xff, 0x8e, 0xe0, 0xf5, 0xff,
  0x99, 0xe7, 0xf7, 0xff, 0xa1, 0xec, 0xfa, 0xff, 0xab, 0xf2, 0xfb, 0xff,
  0xb1, 0xf6, 0xfc, 0xff, 0xb2, 0xf7, 0xfc, 0xff, 0xa4, 0xef, 0xf9, 0xff,
  0x8b, 0xe2, 0xf3, 0xff, 0x8d, 0xe3, 0xf4, 0xff, 0xa0, 0xee, 0xf8, 0xff,
  0xae, 0xf6, 0xfd, 0xff, 0xa7, 0xea, 0xef, 0xff, 0x84, 0xbf, 0xc7, 0xff,
  0x2d, 0x4a, 0x51, 0xff, 0x22, 0x14, 0x0e, 0xff, 0x8a, 0x54, 0x3b, 0xff,
  0x8b, 0x54, 0x3a, 0xff, 0x85, 0x50, 0x37, 0xff, 0x85, 0x50, 0x37, 0xff,
  0x88, 0x52, 0x38, 0xff, 0x8e, 0x55, 0x39, 0xff, 0x7c, 0x57, 0x45, 0xff,
  0xb6, 0xb0, 0xaa, 0xff, 0x89, 0x88, 0x86, 0xff, 0x06, 0x06, 0x06, 0xff,
  0x00, 0x00, 0x00, 0xff, 0x00, 0x00, 0x00, 0xff, 0x45, 0x25, 0x26, 0xff,
  0xf2, 0x8b, 0x8d, 0xff, 0xfd, 0x95, 0x96, 0xff, 0xfc, 0x94, 0x96, 0xff,
  0xfc, 0x96, 0x98, 0xff, 0xfc, 0x9a, 0x9b, 0xff, 0xfc, 0x9d, 0x9f, 0xff,
  0xfc, 0x9e, 0x9f, 0xff, 0xfc, 0x9f, 0xa0, 0xff, 0xfc, 0x9d, 0x9e, 0xff,
  0xfc, 0x9a, 0x9b, 0xff, 0xfc, 0x98, 0x99, 0xff, 0xfc, 0x98, 0x99, 0xff,
  0xfc, 0x97, 0x98, 0xff, 0xfb, 0x91, 0x93, 0xff, 0xee, 0x72, 0x75, 0xff,
  0xe5, 0x5b, 0x5e, 0xff, 0x96, 0x50, 0x45, 0xff, 0xdd, 0xc3, 0x7c, 0xff,
  0xf3, 0xd2, 0x87, 0xff, 0xc6, 0x9f, 0x68, 0xff, 0x95, 0x64, 0x45, 0xff,
  0x6e, 0x45, 0x30, 0xff, 0x38, 0x2c, 0x26, 0xff, 0x04, 0x04, 0x04, 0xff,
  0x00, 0x00, 0x00, 0xff, 0x00, 0x00, 0x00, 0xff, 0x30, 0x2c, 0x20, 0xff,
  0x4d, 0x45, 0x32, 0xff, 0x3f, 0x2c, 0x1f, 0xff, 0x70, 0x45, 0x2e, 0xff,
  0x90, 0x59, 0x3c, 0xff, 0x92, 0x5a, 0x3d, 0xff, 0x92, 0x5a, 0x3d, 0xff,
  0x90, 0x59, 0x3d, 0xff, 0x8e, 0x57, 0x3c, 0xff, 0x8e, 0x58, 0x3c, 0xff,
  0x8c, 0x56, 0x3c, 0xff, 0x8c, 0x56, 0x3c, 0xff, 0x8c, 0x56, 0x3c, 0xff,
  0x8c, 0x56, 0x3c, 0xff, 0x87, 0x53, 0x39, 0xff, 0x7e, 0x4d, 0x35, 0xff,
  0x71, 0x44, 0x2f, 0xff, 0x62, 0x3a, 0x28, 0xff, 0x62, 0x3a, 0x28, 0xff,
  0x66, 0x3d, 0x2a, 0xff, 0x6d, 0x43, 0x30, 0xff, 0x16, 0x0c, 0x07, 0xff,
  0x26, 0x4a, 0x5a, 0xff, 0x6c, 0xc6, 0xef, 0xff, 0x72, 0xcc, 0xf2, 0xff,
  0x7a, 0xd0, 0xf2, 0xff, 0xa7, 0xed, 0xfa, 0xff, 0xb5, 0xf6, 0xfc, 0xff,
  0xb5, 0xf6, 0xfc, 0xff, 0xb5, 0xf6, 0xfc, 0xff, 0xb5, 0xf6, 0xfc, 0xff,
  0xb5, 0xf6, 0xfc, 0xff, 0xb5, 0xf6, 0xfc, 0xff, 0xb5, 0xf5, 0xfc, 0xff,
  0xb3, 0xf5, 0xfc, 0xff, 0xb1, 0xf4, 0xfc, 0xff, 0xaf, 0xf3, 0xfd, 0xff,
  0xad, 0xf2, 0xfd, 0xff, 0xac, 0xf2, 0xfd, 0xff, 0xac, 0xf2, 0xfd, 0xff,
  0xac, 0xf2, 0xfd, 0xff, 0xac, 0xf2, 0xfd, 0xff, 0xac, 0xf2, 0xfd, 0xff,
  0xab, 0xf2, 0xfd, 0xff, 0xb3, 0xf3, 0xfd, 0xff, 0xdc, 0xfb, 0xfc, 0xff,
  0xee, 0xff, 0xff, 0xff, 0x95, 0xa1, 0xa0, 0xff, 0x03, 0x03, 0x04, 0xff,
  0x51, 0x51, 0x51, 0xff, 0xf3, 0xf3, 0xf3, 0xff, 0xff, 0xff, 0xff, 0xff,
  0xff, 0xff, 0xff, 0xff, 0xff, 0xff, 0xff, 0xff, 0xff, 0xff, 0xff, 0xff,
  0xff, 0xff, 0xff, 0xff, 0xff, 0xff, 0xff, 0xff, 0xff, 0xff, 0xff, 0xff,
  0xff, 0xff, 0xff, 0xff, 0xff, 0xff, 0xff, 0xff, 0xf5, 0xf5, 0xf5, 0xff,
  0x5c, 0x5b, 0x5b, 0xff, 0x07, 0x07, 0x07, 0xff, 0x90, 0x9c, 0x9c, 0xff,
  0xed, 0xff, 0xff, 0xff, 0xdc, 0xfb, 0xfd, 0xff, 0xb2, 0xf3, 0xfd, 0xff,
  0xa8, 0xf1, 0xfd, 0xff, 0xa7, 0xf0, 0xfc, 0xff, 0xa4, 0xef, 0xfc, 0xff,
  0xa1, 0xed, 0xfb, 0xff, 0x9e, 0xeb, 0xfa, 0xff, 0x9c, 0xea, 0xf9, 0xff,
  0x98, 0xe8, 0xf8, 0xff, 0x94, 0xe5, 0xf7, 0xff, 0x92, 0xe3, 0xf8, 0xff,
  0x8c, 0xde, 0xf7, 0xff, 0x89, 0xdc, 0xf6, 0xff, 0x8f, 0xe0, 0xf7, 0xff,
  0x9c, 0xe9, 0xf9, 0xff, 0xa9, 0xf1, 0xfb, 0xff, 0xa8, 0xf1, 0xfa, 0xff,
  0x90, 0xe4, 0xf4, 0xff, 0x84, 0xdd, 0xf0, 0xff, 0x61, 0x97, 0xa0, 0xff,
  0x2d, 0x3e, 0x3f, 0xff, 0x12, 0x15, 0x14, 0xff, 0x25, 0x16, 0x0f, 0xff,
  0x75, 0x47, 0x31, 0xff, 0x95, 0x5a, 0x3f, 0xff, 0x86, 0x51, 0x38, 0xff,
  0x85, 0x50, 0x37, 0xff, 0x85, 0x50, 0x37, 0xff, 0x85, 0x50, 0x37, 0xff,
  0x8b, 0x54, 0x39, 0xff, 0x8d, 0x55, 0x39, 0xff, 0x79, 0x4e, 0x39, 0xff,
  0x62, 0x48, 0x3b, 0xff, 0x33, 0x20, 0x16, 0xff, 0x3f, 0x25, 0x19, 0xff,
  0x46, 0x2b, 0x1d, 0xff, 0x3e, 0x1d, 0x1c, 0xff, 0xe1, 0x6c, 0x6e, 0xff,
  0xf9, 0x87, 0x89, 0xff, 0xfc, 0x8d, 0x8f, 0xff, 0xfc, 0x8c, 0x8f, 0xff,
  0xfc, 0x8e, 0x90, 0xff, 0xfc, 0x8f, 0x91, 0xff, 0xfc, 0x90, 0x92, 0xff,
  0xfc, 0x90, 0x92, 0xff, 0xfc, 0x8f, 0x91, 0xff, 0xfc, 0x8d, 0x8f, 0xff,
  0xfc, 0x8d, 0x8f, 0xff, 0xfb, 0x8b, 0x8d, 0xff, 0xf6, 0x7e, 0x80, 0xff,
  0xed, 0x6a, 0x6c, 0xff, 0xe6, 0x5b, 0x5d, 0xff, 0xc9, 0x4c, 0x4f, 0xff,
  0x71, 0x4a, 0x36, 0xff, 0xf0, 0xd4, 0x8a, 0xff, 0xfd, 0xe3, 0x98, 0xff,
  0xfd, 0xe5, 0x9d, 0xff, 0xeb, 0xcf, 0x93, 0xff, 0xbd, 0x92, 0x66, 0xff,
  0x89, 0x59, 0x3c, 0xff, 0x58, 0x35, 0x24, 0xff, 0x3d, 0x24, 0x18, 0xff,
  0x37, 0x21, 0x17, 0xff, 0x43, 0x29, 0x1c, 0xff, 0x5d, 0x39, 0x26, 0xff,
  0x81, 0x4e, 0x35, 0xff, 0x90, 0x58, 0x3c, 0xff, 0x92, 0x5a, 0x3d, 0xff,
  0x8f, 0x58, 0x3c, 0xff, 0x89, 0x54, 0x39, 0xff, 0x7e, 0x4d, 0x34, 0xff,
  0x6f, 0x44, 0x2f, 0xff, 0x66, 0x3e, 0x2b, 0xff, 0x61, 0x3c, 0x29, 0xff,
  0x61, 0x3c, 0x29, 0xff, 0x68, 0x3f, 0x2c, 0xff, 0x71, 0x45, 0x30, 0xff,
  0x80, 0x4f, 0x37, 0xff, 0x8a, 0x55, 0x3b, 0xff, 0x89, 0x54, 0x3b, 0xff,
  0x71, 0x44, 0x2f, 0xff, 0x64, 0x3b, 0x29, 0xff, 0x69, 0x3e, 0x2b, 0xff,
  0x7c, 0x4d, 0x37, 0xff, 0x42, 0x28, 0x1c, 0xff, 0x10, 0x17, 0x1a, 0xff,
  0x44, 0x7c, 0x95, 0xff, 0x6d, 0xc2, 0xe5, 0xff, 0x73, 0xcd, 0xf3, 0xff,
  0x8b, 0xdb, 0xf5, 0xff, 0xa7, 0xed, 0xfa, 0xff, 0xa6, 0xec, 0xfa, 0xff,
  0xa2, 0xea, 0xf9, 0xff, 0x9d, 0xe7, 0xf8, 0xff, 0x9a, 0xe4, 0xf8, 0xff,
  0x98, 0xe3, 0xf7, 0xff, 0x9c, 0xe7, 0xf9, 0xff, 0xa3, 0xec, 0xfb, 0xff,
  0xa9, 0xf0, 0xfc, 0xff, 0xac, 0xf2, 0xfd, 0xff, 0xad, 0xf2, 0xfd, 0xff,
  0xad, 0xf2, 0xfd, 0xff, 0xad, 0xf2, 0xfd, 0xff, 0xad, 0xf3, 0xfd, 0xff,
  0xad, 0xf3, 0xfd, 0xff, 0xac, 0xf2, 0xfd, 0xff, 0xad, 0xf2, 0xfd, 0xff,
  0xd0, 0xf8, 0xfc, 0xff, 0xed, 0xff, 0xff, 0xff, 0xbb, 0xca, 0xc9, 0xff,
  0x20, 0x22, 0x22, 0xff, 0x1f, 0x1f, 0x1f, 0xff, 0xce, 0xce, 0xce, 0xff,
  0xff, 0xff, 0xff, 0xff, 0xff, 0xff, 0xff, 0xff, 0xff, 0xff, 0xff, 0xff,
  0xff, 0xff, 0xff, 0xff, 0xff, 0xff, 0xff, 0xff, 0xff, 0xff, 0xff, 0xff,
  0xff, 0xff, 0xff, 0xff, 0xff, 0xff, 0xff, 0xff, 0xff, 0xff, 0xff, 0xff,
  0xff, 0xff, 0xff, 0xff, 0xff, 0xff, 0xff, 0xff, 0xdd, 0xdd, 0xdd, 0xff,
  0x33, 0x33, 0x33, 0xff, 0x17, 0x19, 0x19, 0xff, 0xaf, 0xbe, 0xbe, 0xff,
  0xed, 0xff, 0xff, 0xff, 0xd3, 0xf9, 0xfd, 0xff, 0xae, 0xf3, 0xfd, 0xff,
  0xaa, 0xf2, 0xfd, 0xff, 0xaa, 0xf2, 0xfd, 0xff, 0xab, 0xf2, 0xfd, 0xff,
  0xab, 0xf2, 0xfd, 0xff, 0xab, 0xf2, 0xfd, 0xff, 0xab, 0xf2, 0xfd, 0xff,
  0xab, 0xf2, 0xfd, 0xff, 0xab, 0xf2, 0xfd, 0xff, 0xa9, 0xf2, 0xfd, 0xff,
  0xa4, 0xee, 0xfc, 0xff, 0x9a, 0xe8, 0xfa, 0xff, 0x8f, 0xe0, 0xf8, 0xff,
  0x88, 0xdc, 0xf6, 0xff, 0x8d, 0xdf, 0xf7, 0xff, 0x91, 0xe2, 0xf7, 0xff,
  0x80, 0xd8, 0xf0, 0xff, 0x2e, 0x52, 0x5c, 0xff, 0x1a, 0x0b, 0x05, 0xff,
  0x62, 0x3a, 0x28, 0xff, 0x89, 0x53, 0x3a, 0xff, 0x98, 0x5c, 0x40, 0xff,
  0x8e, 0x56, 0x3b, 0xff, 0x85, 0x50, 0x37, 0xff, 0x85, 0x50, 0x37, 0xff,
  0x85, 0x50, 0x37, 0xff, 0x86, 0x51, 0x37, 0xff, 0x89, 0x52, 0x38, 0xff,
  0x8e, 0x55, 0x39, 0xff, 0x8f, 0x55, 0x39, 0xff, 0x8d, 0x53, 0x38, 0xff,
  0x8d, 0x56, 0x3a, 0xff, 0xa2, 0x6f, 0x4d, 0xff, 0xbf, 0xa0, 0x73, 0xff,
  0x47, 0x38, 0x28, 0xff, 0x94, 0x3f, 0x41, 0xff, 0xea, 0x6a, 0x6c, 0xff,
  0xf2, 0x77, 0x79, 0xff, 0xf7, 0x7e, 0x80, 0xff, 0xfa, 0x83, 0x85, 0xff,
  0xfc, 0x85, 0x87, 0xff, 0xfc, 0x86, 0x88, 0xff, 0xfb, 0x84, 0x86, 0xff,
  0xfa, 0x83, 0x85, 0xff, 0xf8, 0x7f, 0x81, 0xff, 0xf3, 0x77, 0x79, 0xff,
  0xec, 0x68, 0x6a, 0xff, 0xbd, 0x4b, 0x4d, 0xff, 0x90, 0x37, 0x39, 0xff,
  0xbf, 0x49, 0x4c, 0xff, 0x73, 0x36, 0x2e, 0xff, 0xa6, 0x8b, 0x58, 0xff,
  0xfc, 0xe4, 0x9f, 0xff, 0xfd, 0xe8, 0xa5, 0xff, 0xfd, 0xe8, 0xa5, 0xff,
  0xfe, 0xea, 0xa6, 0xff, 0xfb, 0xe5, 0xa3, 0xff, 0xe4, 0xc7, 0x8d, 0xff,
  0xc3, 0x99, 0x6b, 0xff, 0xab, 0x7b, 0x55, 0xff, 0xa2, 0x70, 0x4d, 0xff,
  0xa5, 0x72, 0x4f, 0xff, 0xad, 0x7c, 0x56, 0xff, 0xb1, 0x83, 0x5b, 0xff,
  0xa3, 0x6f, 0x4c, 0xff, 0x80, 0x4d, 0x34, 0xff, 0x58, 0x36, 0x24, 0xff,
  0x56, 0x34, 0x24, 0xff, 0x56, 0x34, 0x23, 0xff, 0x50, 0x30, 0x21, 0xff,
  0x54, 0x33, 0x22, 0xff, 0x57, 0x35, 0x24, 0xff, 0x4b, 0x2d, 0x1f, 0xff,
  0x2f, 0x1c, 0x13, 0xff, 0x22, 0x14, 0x0e, 0xff, 0x24, 0x16, 0x0f, 0xff,
  0x3b, 0x24, 0x19, 0xff, 0x64, 0x3d, 0x2b, 0xff, 0x7f, 0x4e, 0x36, 0xff,
  0x6d, 0x41, 0x2d, 0xff, 0x69, 0x3e, 0x2b, 0xff, 0x77, 0x49, 0x34, 0xff,
  0x7e, 0x4f, 0x38, 0xff, 0x58, 0x37, 0x26, 0xff, 0x1f, 0x17, 0x13, 0xff,
  0x1f, 0x37, 0x40, 0xff, 0x5a, 0x9f, 0xbc, 0xff, 0x78, 0xd1, 0xf4, 0xff,
  0x82, 0xd7, 0xf4, 0xff, 0x88, 0xdb, 0xf5, 0xff, 0x8f, 0xe0, 0xf7, 0xff,
  0x93, 0xe3, 0xf8, 0xff, 0x96, 0xe5, 0xf8, 0xff, 0x92, 0xe3, 0xf8, 0xff,
  0x8e, 0xe0, 0xf7, 0xff, 0x89, 0xdc, 0xf6, 0xff, 0x8c, 0xdd, 0xf6, 0xff,
  0x92, 0xe1, 0xf8, 0xff, 0x9a, 0xe6, 0xf9, 0xff, 0xa2, 0xeb, 0xfb, 0xff,
  0xa3, 0xec, 0xfb, 0xff, 0x9d, 0xe7, 0xf8, 0xff, 0x93, 0xdf, 0xf4, 0xff,
  0x89, 0xd7, 0xf0, 0xff, 0xb6, 0xeb, 0xf7, 0xff, 0xea, 0xff, 0xff, 0xff,
  0xd3, 0xe4, 0xe3, 0xff, 0x3b, 0x40, 0x3f, 0xff, 0x08, 0x07, 0x07, 0xff,
  0xa2, 0xa2, 0xa2, 0xff, 0xff, 0xff, 0xff, 0xff, 0xff, 0xff, 0xff, 0xff,
  0xff, 0xff, 0xff, 0xff, 0xff, 0xff, 0xff, 0xff, 0xff, 0xff, 0xff, 0xff,
  0xff, 0xff, 0xff, 0xff, 0xff, 0xff, 0xff, 0xff, 0xff, 0xff, 0xff, 0xff,
  0xff, 0xff, 0xff, 0xff, 0xff, 0xff, 0xff, 0xff, 0xff, 0xff, 0xff, 0xff,
  0xff, 0xff, 0xff, 0xff, 0xff, 0xff, 0xff, 0xff, 0xc0, 0xc0, 0xc0, 0xff,
  0x1b, 0x1b, 0x1b, 0xff, 0x23, 0x26, 0x26, 0xff, 0xb6, 0xc4, 0xc4, 0xff,
  0xec, 0xff, 0xff, 0xff, 0xcf, 0xf9, 0xfd, 0xff, 0xad, 0xf3, 0xfd, 0xff,
  0xaa, 0xf2, 0xfd, 0xff, 0xaa, 0xf2, 0xfd, 0xff, 0xaa, 0xf2, 0xfd, 0xff,
  0xaa, 0xf2, 0xfd, 0xff, 0xaa, 0xf2, 0xfd, 0xff, 0xaa, 0xf2, 0xfd, 0xff,
  0xaa, 0xf2, 0xfd, 0xff, 0xaa, 0xf2, 0xfd, 0xff, 0xaa, 0xf2, 0xfd, 0xff,
  0xab, 0xf3, 0xfd, 0xff, 0xaa, 0xf2, 0xfd, 0xff, 0xa6, 0xf0, 0xfc, 0xff,
  0x9d, 0xe9, 0xfa, 0xff, 0x8f, 0xe1, 0xf8, 0xff, 0x7f, 0xd7, 0xf6, 0xff,
  0x64, 0xb1, 0xce, 0xff, 0x22, 0x36, 0x3d, 0xff, 0x2c, 0x1a, 0x11, 0xff,
  0x63, 0x3b, 0x28, 0xff, 0x87, 0x51, 0x38, 0xff, 0x88, 0x52, 0x38, 0xff,
  0x87, 0x51, 0x38, 0xff, 0x8a, 0x53, 0x39, 0xff, 0x8f, 0x56, 0x3b, 0xff,
  0x8f, 0x56, 0x3b, 0xff, 0x92, 0x59, 0x3d, 0xff, 0xa5, 0x74, 0x51, 0xff,
  0xb3, 0x87, 0x60, 0xff, 0xc4, 0x9c, 0x70, 0xff, 0xd4, 0xb2, 0x81, 0xff,
  0xee, 0xd6, 0x9d, 0xff, 0xfe, 0xeb, 0xac, 0xff, 0xca, 0xaf, 0x71, 0xff,
  0x55, 0x3a, 0x24, 0xff, 0x80, 0x35, 0x37, 0xff, 0xcf, 0x53, 0x56, 0xff,
  0xe2, 0x5a, 0x5c, 0xff, 0xe4, 0x5f, 0x61, 0xff, 0xe7, 0x64, 0x66, 0xff,
  0xe8, 0x66, 0x68, 0xff, 0xe5, 0x62, 0x63, 0xff, 0xe2, 0x5d, 0x5f, 0xff,
  0xe0, 0x59, 0x5b, 0xff, 0xdf, 0x56, 0x58, 0xff, 0xa2, 0x3e, 0x40, 0xff,
  0x42, 0x20, 0x1a, 0xff, 0x4a, 0x2e, 0x1e, 0xff, 0x71, 0x48, 0x30, 0xff,
  0xb4, 0x94, 0x5c, 0xff, 0xf9, 0xdf, 0x9a, 0xff, 0xfd, 0xe9, 0xa6, 0xff,
  0xfd, 0xe8, 0xa5, 0xff, 0xfd, 0xe8, 0xa5, 0xff, 0xfd, 0xe8, 0xa6, 0xff,
  0xfd, 0xe8, 0xa5, 0xff, 0xfe, 0xea, 0xa6, 0xff, 0xfd, 0xe8, 0xa5, 0xff,
  0xf8, 0xe1, 0xa0, 0xff, 0xf2, 0xd9, 0x9a, 0xff, 0xf3, 0xda, 0x9b, 0xff,
  0xf8, 0xe2, 0xa0, 0xff, 0xf9, 0xe3, 0xa2, 0xff, 0xdd, 0xbe, 0x89, 0xff,
  0xb3, 0x89, 0x62, 0xff, 0x95, 0x65, 0x46, 0xff, 0x8d, 0x57, 0x3b, 0xff,
  0x90, 0x59, 0x3c, 0xff, 0x91, 0x59, 0x3c, 0xff, 0x91, 0x59, 0x3c, 0xff,
  0x91, 0x59, 0x3c, 0xff, 0x91, 0x59, 0x3c, 0xff, 0x8a, 0x54, 0x39, 0xff,
  0x7a, 0x4a, 0x32, 0xff, 0x62, 0x3b, 0x28, 0xff, 0x44, 0x28, 0x1b, 0xff,
  0x31, 0x1d, 0x14, 0xff, 0x66, 0x3d, 0x2b, 0xff, 0x6f, 0x42, 0x2e, 0xff,
  0x69, 0x3e, 0x2b, 0xff, 0x6a, 0x3f, 0x2c, 0xff, 0x6c, 0x42, 0x2e, 0xff,
  0x61, 0x3c, 0x2a, 0xff, 0x30, 0x21, 0x1a, 0xff, 0x21, 0x3a, 0x45, 0xff,
  0x5c, 0xa7, 0xc7, 0xff, 0x8d, 0xe1, 0xfa, 0xff, 0xa4, 0xf0, 0xfb, 0xff,
  0xa6, 0xf1, 0xfc, 0xff, 0xa8, 0xf2, 0xfc, 0xff, 0xa8, 0xf3, 0xfc, 0xff,
  0xa8, 0xf3, 0xfc, 0xff, 0xa8, 0xf3, 0xfc, 0xff, 0xa8, 0xf2, 0xfc, 0xff,
  0xa6, 0xf1, 0xfc, 0xff, 0xa3, 0xef, 0xfb, 0xff, 0x9e, 0xec, 0xfa, 0xff,
  0x9d, 0xeb, 0xfa, 0xff, 0x9f, 0xec, 0xfa, 0xff, 0xa0, 0xec, 0xfa, 0xff,
  0x98, 0xe7, 0xf8, 0xff, 0x96, 0xe4, 0xf7, 0xff, 0xba, 0xec, 0xf7, 0xff,
  0xe4, 0xfb, 0xfc, 0xff, 0xdc, 0xee, 0xec, 0xff, 0x55, 0x5c, 0x5b, 0xff,
  0x03, 0x03, 0x03, 0xff, 0x7e, 0x7e, 0x7e, 0xff, 0xfb, 0xfb, 0xfb, 0xff,
  0xff, 0xff, 0xff, 0xff, 0xff, 0xff, 0xff, 0xff, 0xff, 0xff, 0xff, 0xff,
  0xff, 0xff, 0xff, 0xff, 0xff, 0xff, 0xff, 0xff, 0xff, 0xff, 0xff, 0xff,
  0xff, 0xff, 0xff, 0xff, 0xff, 0xff, 0xff, 0xff, 0xff, 0xff, 0xff, 0xff,
  0xff, 0xff, 0xff, 0xff, 0xff, 0xff, 0xff, 0xff, 0xff, 0xff, 0xff, 0xff,
  0xff, 0xff, 0xff, 0xff, 0xff, 0xff, 0xff, 0xff, 0xad, 0xad, 0xad, 0xff,
  0x13, 0x13, 0x13, 0xff, 0x24, 0x27, 0x27, 0xff, 0xb2, 0xc0, 0xc0, 0xff,
  0xec, 0xff, 0xff, 0xff, 0xd0, 0xf9, 0xfd, 0xff, 0xae, 0xf3, 0xfd, 0xff,
  0xa9, 0xf2, 0xfd, 0xff, 0xaa, 0xf2, 0xfd, 0xff, 0xaa, 0xf2, 0xfd, 0xff,
  0xaa, 0xf2, 0xfd, 0xff, 0xaa, 0xf2, 0xfd, 0xff, 0xaa, 0xf2, 0xfd, 0xff,
  0xab, 0xf2, 0xfd, 0xff, 0xab, 0xf3, 0xfd, 0xff, 0xaa, 0xf2, 0xfd, 0xff,
  0xa8, 0xf0, 0xfc, 0xff, 0xa6, 0xef, 0xfc, 0xff, 0xa5, 0xee, 0xfc, 0xff,
  0x99, 0xe7, 0xfa, 0xff, 0x84, 0xda, 0xf8, 0xff, 0x6b, 0xbd, 0xdd, 0xff,
  0x2f, 0x55, 0x64, 0xff, 0x01, 0x01, 0x01, 0xff, 0x44, 0x28, 0x1c, 0xff,
  0x6d, 0x42, 0x2d, 0xff, 0x69, 0x3f, 0x2b, 0xff, 0x68, 0x3f, 0x2b, 0xff,
  0x72, 0x45, 0x2f, 0xff, 0x86, 0x51, 0x37, 0xff, 0x98, 0x62, 0x43, 0xff,
  0xb3, 0x84, 0x5d, 0xff, 0xee, 0xd5, 0x9c, 0xff, 0xfc, 0xe8, 0xab, 0xff,
  0xfe, 0xeb, 0xad, 0xff, 0xff, 0xec, 0xae, 0xff, 0xfe, 0xeb, 0xad, 0xff,
  0xfd, 0xea, 0xad, 0xff, 0xfd, 0xe4, 0xa1, 0xff, 0xd5, 0xb1, 0x6b, 0xff,
  0x6a, 0x53, 0x2f, 0xff, 0x53, 0x29, 0x24, 0xff, 0x97, 0x3d, 0x40, 0xff,
  0xc9, 0x4e, 0x52, 0xff, 0xd9, 0x53, 0x56, 0xff, 0xdc, 0x54, 0x56, 0xff,
  0xdd, 0x54, 0x57, 0xff, 0xdd, 0x54, 0x57, 0xff, 0xd5, 0x52, 0x55, 0xff,
  0x90, 0x36, 0x39, 0xff, 0x28, 0x13, 0x0f, 0xff, 0x74, 0x52, 0x30, 0xff,
  0xc9, 0x99, 0x5a, 0xff, 0xe5, 0xc0, 0x7a, 0xff, 0xfc, 0xe3, 0x9d, 0xff,
  0xfd, 0xe9, 0xa6, 0xff, 0xfd, 0xe8, 0xa5, 0xff, 0xfe, 0xe9, 0xa9, 0xff,
  0xfd, 0xea, 0xac, 0xff, 0xfd, 0xea, 0xac, 0xff, 0xfd, 0xe9, 0xa9, 0xff,
  0xfd, 0xe8, 0xa6, 0xff, 0xfd, 0xe8, 0xa5, 0xff, 0xfd, 0xe8, 0xa5, 0xff,
  0xfe, 0xe9, 0xa6, 0xff, 0xfe, 0xe9, 0xa6, 0xff, 0xfd, 0xe9, 0xa6, 0xff,
  0xfd, 0xe9, 0xaa, 0xff, 0xfd, 0xea, 0xad, 0xff, 0xf0, 0xdc, 0xa3, 0xff,
  0xda, 0xbf, 0x8d, 0xff, 0xa9, 0x7e, 0x5a, 0xff, 0x8d, 0x57, 0x3b, 0xff,
  0x90, 0x59, 0x3c, 0xff, 0x93, 0x5a, 0x3d, 0xff, 0x94, 0x5b, 0x3e, 0xff,
  0x94, 0x5b, 0x3e, 0xff, 0x94, 0x5b, 0x3e, 0xff, 0x91, 0x59, 0x3c, 0xff,
  0x8a, 0x54, 0x38, 0xff, 0x85, 0x51, 0x36, 0xff, 0x73, 0x45, 0x2f, 0xff,
  0x69, 0x3e, 0x2b, 0xff, 0x69, 0x3e, 0x2b, 0xff, 0x68, 0x3e, 0x2b, 0xff,
  0x59, 0x34, 0x25, 0xff, 0x3d, 0x23, 0x19, 0xff, 0x10, 0x0d, 0x0c, 0xff,
  0x39, 0x68, 0x7e, 0xff, 0x6d, 0xc5, 0xed, 0xff, 0x73, 0xd1, 0xfb, 0xff,
  0x82, 0xda, 0xfa, 0xff, 0xa3, 0xf0, 0xfc, 0xff, 0xa8, 0xf3, 0xfc, 0xff,
  0xa7, 0xf2, 0xfc, 0xff, 0xa7, 0xf2, 0xfc, 0xff, 0xa7, 0xf2, 0xfc, 0xff,
  0xa7, 0xf2, 0xfc, 0xff, 0xa7, 0xf2, 0xfc, 0xff, 0xa7, 0xf2, 0xfc, 0xff,
  0xa8, 0xf2, 0xfc, 0xff, 0xa8, 0xf2, 0xfc, 0xff, 0xa5, 0xf1, 0xfc, 0xff,
  0x9f, 0xed, 0xfc, 0xff, 0x95, 0xe7, 0xfc, 0xff, 0x95, 0xe5, 0xfc, 0xff,
  0xc3, 0xf2, 0xfc, 0xff, 0xeb, 0xff, 0xfe, 0xff, 0xdd, 0xee, 0xed, 0xff,
  0x5f, 0x66, 0x66, 0xff, 0x03, 0x03, 0x03, 0xff, 0x6b, 0x6b, 0x6b, 0xff,
  0xf4, 0xf4, 0xf4, 0xff, 0xff, 0xff, 0xff, 0xff, 0xff, 0xff, 0xff, 0xff,
  0xff, 0xff, 0xff, 0xff, 0xff, 0xff, 0xff, 0xff, 0xff, 0xff, 0xff, 0xff,
  0xff, 0xff, 0xff, 0xff, 0xff, 0xff, 0xff, 0xff, 0xff, 0xff, 0xff, 0xff,
  0xff, 0xff, 0xff, 0xff, 0xff, 0xff, 0xff, 0xff, 0xff, 0xff, 0xff, 0xff,
  0xff, 0xff, 0xff, 0xff, 0xff, 0xff, 0xff, 0xff, 0xff, 0xff, 0xff, 0xff,
  0xff, 0xff, 0xff, 0xff, 0xff, 0xff, 0xff, 0xff, 0xa2, 0xa2, 0xa2, 0xff,
  0x11, 0x11, 0x11, 0xff, 0x1c, 0x1f, 0x1f, 0xff, 0x9d, 0xa9, 0xa9, 0xff,
  0xe9, 0xfc, 0xfc, 0xff, 0xd5, 0xfa, 0xfe, 0xff, 0xb2, 0xf3, 0xfd, 0xff,
  0xa3, 0xee, 0xfc, 0xff, 0xa6, 0xef, 0xfc, 0xff, 0xa8, 0xf0, 0xfc, 0xff,
  0xa7, 0xf0, 0xfc, 0xff, 0xa5, 0xee, 0xfc, 0xff, 0xa0, 0xeb, 0xfb, 0xff,
  0x96, 0xe4, 0xf8, 0xff, 0x8a, 0xdb, 0xf5, 0xff, 0x7f, 0xd4, 0xf3, 0xff,
  0x7b, 0xd0, 0xf2, 0xff, 0x7a, 0xd1, 0xf2, 0xff, 0x77, 0xd1, 0xf4, 0xff,
  0x5e, 0xa6, 0xc2, 0xff, 0x1b, 0x2f, 0x37, 0xff, 0x16, 0x0c, 0x08, 0xff,
  0x3b, 0x21, 0x15, 0xff, 0x63, 0x3a, 0x27, 0xff, 0x6a, 0x3f, 0x2a, 0xff,
  0x75, 0x46, 0x2f, 0xff, 0x7c, 0x4a, 0x32, 0xff, 0x81, 0x4d, 0x34, 0xff,
  0x88, 0x51, 0x37, 0xff, 0xa5, 0x73, 0x50, 0xff, 0xd2, 0xaf, 0x7e, 0xff,
  0xf8, 0xe4, 0xa7, 0xff, 0xfd, 0xeb, 0xac, 0xff, 0xfd, 0xea, 0xac, 0xff,
  0xfd, 0xea, 0xac, 0xff, 0xfd, 0xea, 0xac, 0xff, 0xfd, 0xea, 0xac, 0xff,
  0xfd, 0xea, 0xad, 0xff, 0xfe, 0xe7, 0xa4, 0xff, 0xf3, 0xd5, 0x8c, 0xff,
  0xb9, 0x9d, 0x60, 0xff, 0x75, 0x5c, 0x37, 0xff, 0x63, 0x3c, 0x2c, 0xff,
  0x71, 0x37, 0x31, 0xff, 0x82, 0x39, 0x39, 0xff, 0x93, 0x3f, 0x41, 0xff,
  0x8e, 0x40, 0x3e, 0xff, 0x72, 0x3d, 0x32, 0xff, 0x66, 0x4b, 0x2c, 0xff,
  0xa5, 0x84, 0x4c, 0xff, 0xe3, 0xbb, 0x75, 0xff, 0xf7, 0xd9, 0x93, 0xff,
  0xfd, 0xe7, 0xa3, 0xff, 0xfd, 0xe8, 0xa6, 0xff, 0xfd, 0xe8, 0xa5, 0xff,
  0xfd, 0xe8, 0xa5, 0xff, 0xf1, 0xdc, 0x9e, 0xff, 0xf9, 0xe3, 0xa7, 0xff,
  0xfe, 0xea, 0xae, 0xff, 0xfd, 0xea, 0xae, 0xff, 0xfd, 0xe9, 0xac, 0xff,
  0xfd, 0xe9, 0xa8, 0xff, 0xfd, 0xe8, 0xa6, 0xff, 0xfd, 0xe8, 0xa5, 0xff,
  0xfd, 0xe8, 0xa5, 0xff, 0xfd, 0xe9, 0xa8, 0xff, 0xfd, 0xea, 0xae, 0xff,
  0xfb, 0xe7, 0xac, 0xff, 0xc7, 0xaf, 0x81, 0xff, 0x9e, 0x82, 0x60, 0xff,
  0x85, 0x61, 0x46, 0xff, 0x66, 0x3e, 0x2a, 0xff, 0x58, 0x35, 0x24, 0xff,
  0x51, 0x31, 0x21, 0xff, 0x5c, 0x38, 0x26, 0xff, 0x6b, 0x42, 0x2d, 0xff,
  0x7f, 0x4e, 0x35, 0xff, 0x8c, 0x56, 0x3a, 0xff, 0x8a, 0x54, 0x38, 0xff,
  0x88, 0x53, 0x37, 0xff, 0x86, 0x52, 0x37, 0xff, 0x7d, 0x4b, 0x33, 0xff,
  0x6c, 0x40, 0x2c, 0xff, 0x69, 0x3e, 0x2b, 0xff, 0x62, 0x3a, 0x29, 0xff,
  0x2c, 0x1b, 0x13, 0xff, 0x06, 0x04, 0x03, 0xff, 0x19, 0x2e, 0x38, 0xff,
  0x58, 0xa0, 0xc1, 0xff, 0x72, 0xd0, 0xfa, 0xff, 0x72, 0xcf, 0xf9, 0xff,
  0x83, 0xda, 0xfa, 0xff, 0x9c, 0xea, 0xfb, 0xff, 0xa6, 0xf2, 0xfc, 0xff,
  0xa8, 0xf3, 0xfc, 0xff, 0xa7, 0xf2, 0xfc, 0xff, 0xa7, 0xf2, 0xfc, 0xff,
  0xa5, 0xf1, 0xfc, 0xff, 0xa2, 0xef, 0xfc, 0xff, 0x9c, 0xeb, 0xfc, 0xff,
  0x94, 0xe6, 0xfc, 0xff, 0x8d, 0xe2, 0xfc, 0xff, 0x87, 0xde, 0xfc, 0xff,
  0x94, 0xe2, 0xfc, 0xff, 0xc9, 0xf2, 0xfc, 0xff, 0xec, 0xff, 0xff, 0xff,
  0xd6, 0xe8, 0xe7, 0xff, 0x57, 0x5f, 0x5e, 0xff, 0x04, 0x04, 0x04, 0xff,
  0x66, 0x66, 0x66, 0xff, 0xef, 0xef, 0xef, 0xff, 0xff, 0xff, 0xff, 0xff,
  0xff, 0xff, 0xff, 0xff, 0xff, 0xff, 0xff, 0xff, 0xff, 0xff, 0xff, 0xff,
  0xff, 0xff, 0xff, 0xff, 0xff, 0xff, 0xff, 0xff, 0xff, 0xff, 0xff, 0xff,
  0xff, 0xff, 0xff, 0xff, 0xff, 0xff, 0xff, 0xff, 0xff, 0xff, 0xff, 0xff,
  0xff, 0xff, 0xff, 0xff, 0xff, 0xff, 0xff, 0xff, 0xff, 0xff, 0xff, 0xff,
  0xff, 0xff, 0xff, 0xff, 0xff, 0xff, 0xff, 0xff, 0xff, 0xff, 0xff, 0xff,
  0xff, 0xff, 0xff, 0xff, 0xff, 0xff, 0xff, 0xff, 0xa5, 0xa5, 0xa5, 0xff,
  0x16, 0x16, 0x16, 0xff, 0x0c, 0x0e, 0x0e, 0xff, 0x81, 0x8c, 0x8c, 0xff,
  0xe2, 0xf4, 0xf4, 0xff, 0xd5, 0xfa, 0xfe, 0xff, 0x9e, 0xe1, 0xf6, 0xff,
  0x80, 0xd4, 0xf3, 0xff, 0x82, 0xd7, 0xf4, 0xff, 0x82, 0xd6, 0xf4, 0xff,
  0x7d, 0xd3, 0xf3, 0xff, 0x7b, 0xd2, 0xf3, 0xff, 0x79, 0xd2, 0xf3, 0xff,
  0x79, 0xd2, 0xf4, 0xff, 0x7c, 0xd5, 0xf5, 0xff, 0x80, 0xd9, 0xf7, 0xff,
  0x7e, 0xd7, 0xf6, 0xff, 0x73, 0xcb, 0xee, 0xff, 0x31, 0x56, 0x65, 0xff,
  0x0e, 0x18, 0x1d, 0xff, 0x38, 0x38, 0x38, 0xff, 0x5c, 0x44, 0x38, 0xff,
  0x7a, 0x46, 0x2e, 0xff, 0x85, 0x4e, 0x34, 0xff, 0x91, 0x56, 0x3a, 0xff,
  0x92, 0x57, 0x3b, 0xff, 0x92, 0x57, 0x3a, 0xff, 0x9e, 0x67, 0x47, 0xff,
  0xd4, 0xb2, 0x81, 0xff, 0xf5, 0xe0, 0xa4, 0xff, 0xfd, 0xea, 0xac, 0xff,
  0xfd, 0xea, 0xac, 0xff, 0xfd, 0xea, 0xac, 0xff, 0xfd, 0xea, 0xac, 0xff,
  0xfd, 0xea, 0xac, 0xff, 0xfd, 0xea, 0xac, 0xff, 0xfc, 0xe8, 0xaa, 0xff,
  0xf3, 0xe0, 0xa4, 0xff, 0xfd, 0xea, 0xa6, 0xff, 0xff, 0xea, 0xa3, 0xff,
  0xf9, 0xdf, 0x96, 0xff, 0xe1, 0xc2, 0x79, 0xff, 0xc5, 0xa3, 0x5f, 0xff,
  0xa7, 0x88, 0x4d, 0xff, 0xa1, 0x81, 0x49, 0xff, 0xb5, 0x94, 0x56, 0xff,
  0xd5, 0xb2, 0x6a, 0xff, 0xf1, 0xce, 0x82, 0xff, 0xfc, 0xdf, 0x96, 0xff,
  0xfd, 0xe7, 0xa3, 0xff, 0xfd, 0xe9, 0xa6, 0xff, 0xfd, 0xe8, 0xa5, 0xff,
  0xfd, 0xe8, 0xa5, 0xff, 0xfd, 0xe8, 0xa6, 0xff, 0xff, 0xe9, 0xa5, 0xff,
  0xc7, 0xae, 0x74, 0xff, 0x8c, 0x77, 0x4f, 0xff, 0xe1, 0xc5, 0x88, 0xff,
  0xfc, 0xe5, 0xa7, 0xff, 0xfd, 0xea, 0xae, 0xff, 0xfd, 0xea, 0xae, 0xff,
  0xfd, 0xe9, 0xab, 0xff, 0xfd, 0xe8, 0xa6, 0xff, 0xfd, 0xe8, 0xa5, 0xff,
  0xfd, 0xe9, 0xaa, 0xff, 0xfd, 0xea, 0xae, 0xff, 0xfd, 0xea, 0xae, 0xff,
  0xfc, 0xe9, 0xad, 0xff, 0xf9, 0xe5, 0xaa, 0xff, 0xe7, 0xcc, 0x96, 0xff,
  0xae, 0x7e, 0x58, 0xff, 0x8b, 0x55, 0x39, 0xff, 0x7d, 0x4c, 0x33, 0xff,
  0x68, 0x3f, 0x2a, 0xff, 0x51, 0x31, 0x21, 0xff, 0x3c, 0x23, 0x18, 0xff,
  0x38, 0x21, 0x17, 0xff, 0x58, 0x35, 0x24, 0xff, 0x7c, 0x4b, 0x32, 0xff,
  0x88, 0x53, 0x38, 0xff, 0x88, 0x53, 0x37, 0xff, 0x76, 0x47, 0x30, 0xff,
  0x68, 0x3d, 0x2b, 0xff, 0x6c, 0x40, 0x2d, 0xff, 0x4e, 0x31, 0x22, 0xff,
  0x0a, 0x0c, 0x0d, 0xff, 0x20, 0x35, 0x40, 0xff, 0x2d, 0x4d, 0x5d, 0xff,
  0x69, 0xbe, 0xe5, 0xff, 0x73, 0xd0, 0xfa, 0xff, 0x72, 0xcf, 0xf9, 0xff,
  0x77, 0xd2, 0xf9, 0xff, 0x86, 0xdc, 0xfa, 0xff, 0x97, 0xe7, 0xfb, 0xff,
  0x97, 0xe8, 0xfc, 0xff, 0x93, 0xe5, 0xfc, 0xff, 0x8e, 0xe2, 0xfc, 0xff,
  0x8a, 0xe0, 0xfc, 0xff, 0x88, 0xde, 0xfc, 0xff, 0x86, 0xdd, 0xfc, 0xff,
  0x88, 0xde, 0xfc, 0xff, 0x9c, 0xe5, 0xfc, 0xff, 0xd2, 0xf6, 0xfd, 0xff,
  0xee, 0xff, 0xff, 0xff, 0xc1, 0xd0, 0xcf, 0xff, 0x43, 0x49, 0x48, 0xff,
  0x06, 0x06, 0x06, 0xff, 0x74, 0x74, 0x74, 0xff, 0xf1, 0xf1, 0xf1, 0xff,
  0xff, 0xff, 0xff, 0xff, 0xff, 0xff, 0xff, 0xff, 0xff, 0xff, 0xff, 0xff,
  0xff, 0xff, 0xff, 0xff, 0xff, 0xff, 0xff, 0xff, 0xff, 0xff, 0xff, 0xff,
  0xff, 0xff, 0xff, 0xff, 0xff, 0xff, 0xff, 0xff, 0xff, 0xff, 0xff, 0xff,
  0xff, 0xff, 0xff, 0xff, 0xff, 0xff, 0xff, 0xff, 0xff, 0xff, 0xff, 0xff,
  0xff, 0xff, 0xff, 0xff, 0xff, 0xff, 0xff, 0xff, 0xff, 0xff, 0xff, 0xff,
  0xff, 0xff, 0xff, 0xff, 0xff, 0xff, 0xff, 0xff, 0xff, 0xff, 0xff, 0xff,
  0xff, 0xff, 0xff, 0xff, 0xff, 0xff, 0xff, 0xff, 0xb3, 0xb3, 0xb3, 0xff,
  0x22, 0x22, 0x22, 0xff, 0x02, 0x03, 0x03, 0xff, 0x5d, 0x65, 0x65, 0xff,
  0xca, 0xe5, 0xe6, 0xff, 0xd7, 0xfc, 0xff, 0xff, 0xb8, 0xee, 0xfa, 0xff,
  0x99, 0xe5, 0xfb, 0xff, 0x88, 0xe0, 0xfb, 0xff, 0x88, 0xe1, 0xfb, 0xff,
  0x8a, 0xe3, 0xfc, 0xff, 0x8c, 0xe4, 0xfd, 0xff, 0x8d, 0xe5, 0xfd, 0xff,
  0x8d, 0xe5, 0xfd, 0xff, 0x8e, 0xe6, 0xfd, 0xff, 0x82, 0xdc, 0xfb, 0xff,
  0x6e, 0xc9, 0xf5, 0xff, 0x65, 0xb8, 0xe0, 0xff, 0x62, 0xb4, 0xdc, 0xff,
  0x5d, 0xae, 0xd5, 0xff, 0x3d, 0x47, 0x4b, 0xff, 0x63, 0x36, 0x23, 0xff,
  0x7c, 0x48, 0x31, 0xff, 0x92, 0x57, 0x3b, 0xff, 0x89, 0x52, 0x37, 0xff,
  0x7c, 0x4a, 0x32, 0xff, 0x89, 0x69, 0x4b, 0xff, 0xa8, 0x96, 0x6e, 0xff,
  0xdb, 0xc8, 0x93, 0xff, 0xfe, 0xeb, 0xad, 0xff, 0xfd, 0xea, 0xac, 0xff,
  0xfd, 0xea, 0xac, 0xff, 0xfd, 0xea, 0xac, 0xff, 0xfd, 0xea, 0xac, 0xff,
  0xfe, 0xeb, 0xac, 0xff, 0xc6, 0xb2, 0x7f, 0xff, 0xa5, 0x96, 0x69, 0xff,
  0xff, 0xeb, 0xa7, 0xff, 0xfd, 0xea, 0xa5, 0xff, 0xfd, 0xea, 0xa5, 0xff,
  0xfe, 0xe9, 0xa2, 0xff, 0xfe, 0xe5, 0x98, 0xff, 0xfc, 0xde, 0x8f, 0xff,
  0xf0, 0xc5, 0x77, 0xff, 0xfc, 0xdf, 0x97, 0xff, 0xfe, 0xe7, 0xa2, 0xff,
  0xfd, 0xe8, 0xa5, 0xff, 0xfd, 0xe9, 0xa6, 0xff, 0xfd, 0xe9, 0xa6, 0xff,
  0xfd, 0xe8, 0xa5, 0xff, 0xfd, 0xe8, 0xa5, 0xff, 0xfe, 0xe8, 0xa3, 0xff,
  0xff, 0xe5, 0x9e, 0xff, 0xec, 0xcd, 0x86, 0xff, 0x8b, 0x74, 0x47, 0xff,
  0x56, 0x44, 0x26, 0xff, 0x9b, 0x80, 0x50, 0xff, 0xf7, 0xd9, 0x96, 0xff,
  0xfd, 0xea, 0xad, 0xff, 0xfd, 0xea, 0xae, 0xff, 0xfd, 0xea, 0xae, 0xff,
  0xfd, 0xe9, 0xac, 0xff, 0xfd, 0xe9, 0xab, 0xff, 0xfd, 0xea, 0xae, 0xff,
  0xfd, 0xea, 0xae, 0xff, 0xfe, 0xeb, 0xae, 0xff, 0xf1, 0xde, 0xa5, 0xff,
  0xd6, 0xc6, 0x93, 0xff, 0xee, 0xdd, 0xa4, 0xff, 0xe1, 0xc3, 0x8f, 0xff,
  0xa1, 0x68, 0x47, 0xff, 0x9b, 0x5f, 0x3f, 0xff, 0x9c, 0x60, 0x40, 0xff,
  0x96, 0x5c, 0x3e, 0xff, 0x87, 0x52, 0x38, 0xff, 0x6a, 0x40, 0x2c, 0xff,
  0x42, 0x27, 0x1b, 0xff, 0x34, 0x1f, 0x15, 0xff, 0x52, 0x31, 0x21, 0xff,
  0x7c, 0x4c, 0x33, 0xff, 0x7a, 0x49, 0x31, 0xff, 0x62, 0x39, 0x27, 0xff,
  0x67, 0x3d, 0x2a, 0xff, 0x6d, 0x45, 0x30, 0xff, 0x29, 0x1b, 0x15, 0xff,
  0x41, 0x6b, 0x84, 0xff, 0x68, 0xae, 0xd6, 0xff, 0x67, 0xbb, 0xea, 0xff,
  0x6c, 0xc7, 0xf5, 0xff, 0x70, 0xcd, 0xf8, 0xff, 0x72, 0xcf, 0xf9, 0xff,
  0x72, 0xcf, 0xf9, 0xff, 0x75, 0xd1, 0xf9, 0xff, 0x7c, 0xd6, 0xfa, 0xff,
  0x7f, 0xd8, 0xfb, 0xff, 0x7f, 0xd9, 0xfb, 0xff, 0x7f, 0xd9, 0xfb, 0xff,
  0x83, 0xdb, 0xfb, 0xff, 0x93, 0xe2, 0xfc, 0xff, 0xb7, 0xee, 0xfd, 0xff,
  0xd6, 0xfa, 0xff, 0xff, 0xdb, 0xf2, 0xf2, 0xff, 0x92, 0x9e, 0x9d, 0xff,
  0x20, 0x22, 0x22, 0xff, 0x12, 0x11, 0x11, 0xff, 0x8c, 0x8c, 0x8c, 0xff,
  0xf7, 0xf7, 0xf7, 0xff, 0xff, 0xff, 0xff, 0xff, 0xff, 0xff, 0xff, 0xff,
  0xff, 0xff, 0xff, 0xff, 0xff, 0xff, 0xff, 0xff, 0xff, 0xff, 0xff, 0xff,
  0xff, 0xff, 0xff, 0xff, 0xff, 0xff, 0xff, 0xff, 0xff, 0xff, 0xff, 0xff,
  0xff, 0xff, 0xff, 0xff, 0xff, 0xff, 0xff, 0xff, 0xff, 0xff, 0xff, 0xff,
  0xff, 0xff, 0xff, 0xff, 0xff, 0xff, 0xff, 0xff, 0xff, 0xff, 0xff, 0xff,
  0xff, 0xff, 0xff, 0xff, 0xff, 0xff, 0xff, 0xff, 0xff, 0xff, 0xff, 0xff,
  0xff, 0xff, 0xff, 0xff, 0xff, 0xff, 0xff, 0xff, 0xff, 0xff, 0xff, 0xff,
  0xff, 0xff, 0xff, 0xff, 0xff, 0xff, 0xff, 0xff, 0xcd, 0xcd, 0xcd, 0xff,
  0x44, 0x44, 0x44, 0xff, 0x00, 0x00, 0x00, 0xff, 0x37, 0x3f, 0x3f, 0xff,
  0x94, 0xab, 0xac, 0xff, 0xd0, 0xf0, 0xf2, 0xff, 0xd5, 0xfc, 0xff, 0xff,
  0xb8, 0xf1, 0xfd, 0xff, 0x99, 0xe9, 0xfd, 0xff, 0x8d, 0xe5, 0xfd, 0xff,
  0x8d, 0xe5, 0xfd, 0xff, 0x8d, 0xe5, 0xfd, 0xff, 0x8c, 0xe4, 0xfd, 0xff,
  0x86, 0xdf, 0xfc, 0xff, 0x75, 0xd0, 0xf8, 0xff, 0x6c, 0xc8, 0xf6, 0xff,
  0x6d, 0xca, 0xf9, 0xff, 0x6d, 0xcb, 0xf9, 0xff, 0x46, 0x83, 0xa1, 0xff,
  0x1b, 0x14, 0x13, 0xff, 0x3c, 0x21, 0x16, 0xff, 0x6a, 0x3f, 0x2a, 0xff,
  0x5a, 0x36, 0x24, 0xff, 0x55, 0x32, 0x22, 0xff, 0x62, 0x3c, 0x28, 0xff,
  0x95, 0x7c, 0x5a, 0xff, 0xda, 0xc7, 0x92, 0xff, 0xf8, 0xe5, 0xa8, 0xff,
  0xfd, 0xea, 0xac, 0xff, 0xfd, 0xea, 0xac, 0xff, 0xfd, 0xea, 0xac, 0xff,
  0xfd, 0xea, 0xac, 0xff, 0xff, 0xec, 0xad, 0xff, 0xe1, 0xd0, 0x99, 0xff,
  0x79, 0x68, 0x47, 0xff, 0x76, 0x67, 0x43, 0xff, 0xcc, 0xb9, 0x7d, 0xff,
  0xfa, 0xde, 0x92, 0xff, 0xfd, 0xdf, 0x90, 0xff, 0xfc, 0xdd, 0x8d, 0xff,
  0xfc, 0xdc, 0x8a, 0xff, 0xf5, 0xd2, 0x82, 0xff, 0xcd, 0xa3, 0x5f, 0xff,
  0xdb, 0xb4, 0x6e, 0xff, 0xf4, 0xd2, 0x86, 0xff, 0xfb, 0xdb, 0x90, 0xff,
  0xfd, 0xde, 0x93, 0xff, 0xfd, 0xdf, 0x94, 0xff, 0xfc, 0xdd, 0x92, 0xff,
  0xf6, 0xd5, 0x8a, 0xff, 0xe2, 0xc2, 0x7b, 0xff, 0xab, 0x90, 0x59, 0xff,
  0x63, 0x51, 0x30, 0xff, 0x98, 0x79, 0x44, 0xff, 0xe5, 0xbc, 0x71, 0xff,
  0xe8, 0xc9, 0x85, 0xff, 0xf9, 0xe0, 0x9e, 0xff, 0xfd, 0xea, 0xae, 0xff,
  0xfd, 0xea, 0xae, 0xff, 0xfd, 0xea, 0xae, 0xff, 0xfd, 0xea, 0xae, 0xff,
  0xfd, 0xea, 0xae, 0xff, 0xfd, 0xea, 0xae, 0xff, 0xfd, 0xea, 0xae, 0xff,
  0xfe, 0xeb, 0xaf, 0xff, 0xed, 0xdb, 0xa3, 0xff, 0x9c, 0x90, 0x6b, 0xff,
  0x6e, 0x64, 0x4a, 0xff, 0x6a, 0x5e, 0x45, 0xff, 0x76, 0x50, 0x37, 0xff,
  0x8c, 0x56, 0x39, 0xff, 0x95, 0x5b, 0x3e, 0xff, 0x91, 0x59, 0x3c, 0xff,
  0x8f, 0x57, 0x3b, 0xff, 0x91, 0x58, 0x3c, 0xff, 0x8e, 0x57, 0x3b, 0xff,
  0x7a, 0x4a, 0x32, 0xff, 0x51, 0x30, 0x21, 0xff, 0x41, 0x26, 0x1a, 0xff,
  0x62, 0x3a, 0x27, 0xff, 0x5b, 0x35, 0x24, 0xff, 0x3f, 0x25, 0x19, 0xff,
  0x52, 0x30, 0x20, 0xff, 0x40, 0x24, 0x17, 0xff, 0x1e, 0x2f, 0x39, 0xff,
  0x62, 0xb0, 0xde, 0xff, 0x63, 0xbc, 0xf0, 0xff, 0x63, 0xbb, 0xef, 0xff,
  0x65, 0xbe, 0xf1, 0xff, 0x69, 0xc3, 0xf3, 0xff, 0x6d, 0xc8, 0xf6, 0xff,
  0x6f, 0xcc, 0xf7, 0xff, 0x70, 0xcd, 0xf8, 0xff, 0x70, 0xce, 0xf9, 0xff,
  0x76, 0xd1, 0xf9, 0xff, 0x8a, 0xd9, 0xfa, 0xff, 0xad, 0xe8, 0xfc, 0xff,
  0xcf, 0xf8, 0xff, 0xff, 0xd1, 0xf1, 0xf3, 0xff, 0x96, 0xad, 0xaf, 0xff,
  0x3f, 0x48, 0x49, 0xff, 0x06, 0x07, 0x06, 0xff, 0x31, 0x31, 0x31, 0xff,
  0xb6, 0xb6, 0xb6, 0xff, 0xff, 0xff, 0xff, 0xff, 0xff, 0xff, 0xff, 0xff,
  0xff, 0xff, 0xff, 0xff, 0xff, 0xff, 0xff, 0xff, 0xff, 0xff, 0xff, 0xff,
  0xff, 0xff, 0xff, 0xff, 0xff, 0xff, 0xff, 0xff, 0xff, 0xff, 0xff, 0xff,
  0xff, 0xff, 0xff, 0xff, 0xff, 0xff, 0xff, 0xff, 0xff, 0xff, 0xff, 0xff,
  0xff, 0xff, 0xff, 0xff, 0xff, 0xff, 0xff, 0xff, 0xff, 0xff, 0xff, 0xff,
  0xff, 0xff, 0xff, 0xff, 0xff, 0xff, 0xff, 0xff, 0xff, 0xff, 0xff, 0xff,
  0xff, 0xff, 0xff, 0xff, 0xff, 0xff, 0xff, 0xff, 0xff, 0xff, 0xff, 0xff,
  0xff, 0xff, 0xff, 0xff, 0xff, 0xff, 0xff, 0xff, 0xff, 0xff, 0xff, 0xff,
  0xff, 0xff, 0xff, 0xff, 0xff, 0xff, 0xff, 0xff, 0xe9, 0xe9, 0xe9, 0xff,
  0x7a, 0x7a, 0x7a, 0xff, 0x10, 0x10, 0x10, 0xff, 0x04, 0x05, 0x05, 0xff,
  0x42, 0x4c, 0x4d, 0xff, 0x9e, 0xb7, 0xb8, 0xff, 0xd4, 0xf5, 0xf7, 0xff,
  0xd1, 0xfb, 0xff, 0xff, 0xb2, 0xf0, 0xfd, 0xff, 0x92, 0xe5, 0xfc, 0xff,
  0x7e, 0xd8, 0xfa, 0xff, 0x74, 0xcf, 0xf8, 0xff, 0x6e, 0xca, 0xf7, 0xff,
  0x6c, 0xc8, 0xf6, 0xff, 0x6c, 0xc9, 0xf7, 0xff, 0x5f, 0xaf, 0xd8, 0xff,
  0x32, 0x5d, 0x72, 0xff, 0x08, 0x10, 0x13, 0xff, 0x00, 0x00, 0x00, 0xff,
  0x19, 0x0f, 0x0a, 0xff, 0x49, 0x2b, 0x1d, 0xff, 0x70, 0x43, 0x2c, 0xff,
  0x8d, 0x53, 0x37, 0xff, 0xb1, 0x7e, 0x57, 0xff, 0xf9, 0xe3, 0xa6, 0xff,
  0xfe, 0xeb, 0xac, 0xff, 0xfd, 0xea, 0xab, 0xff, 0xfd, 0xe9, 0xaa, 0xff,
  0xfd, 0xe9, 0xaa, 0xff, 0xfd, 0xea, 0xac, 0xff, 0xfd, 0xea, 0xac, 0xff,
  0xfe, 0xeb, 0xad, 0xff, 0xef, 0xdd, 0xa3, 0xff, 0xdd, 0xc5, 0x8b, 0xff,
  0xd2, 0xb1, 0x74, 0xff, 0x77, 0x62, 0x3e, 0xff, 0x74, 0x5f, 0x37, 0xff,
  0xa4, 0x87, 0x4d, 0xff, 0xc1, 0x9f, 0x5b, 0xff, 0xb2, 0x92, 0x55, 0xff,
  0x96, 0x7d, 0x51, 0xff, 0x57, 0x4c, 0x3c, 0xff, 0x48, 0x3b, 0x2a, 0xff,
  0x7a, 0x68, 0x47, 0xff, 0x95, 0x7e, 0x51, 0xff, 0x97, 0x7e, 0x4f, 0xff,
  0x92, 0x7a, 0x4b, 0xff, 0x82, 0x6c, 0x41, 0xff, 0x5b, 0x4b, 0x2d, 0xff,
  0x2e, 0x26, 0x16, 0xff, 0x14, 0x0f, 0x09, 0xff, 0x91, 0x73, 0x41, 0xff,
  0xef, 0xc5, 0x77, 0xff, 0xfa, 0xdf, 0x9d, 0xff, 0xfe, 0xe9, 0xab, 0xff,
  0xfd, 0xea, 0xad, 0xff, 0xfd, 0xea, 0xae, 0xff, 0xfd, 0xea, 0xae, 0xff,
  0xfd, 0xea, 0xae, 0xff, 0xfd, 0xea, 0xae, 0xff, 0xfd, 0xea, 0xae, 0xff,
  0xfd, 0xe9, 0xac, 0xff, 0xfd, 0xe9, 0xac, 0xff, 0xfd, 0xe9, 0xad, 0xff,
  0xfe, 0xeb, 0xae, 0xff, 0xfd, 0xe8, 0xa8, 0xff, 0xe6, 0xcf, 0x8e, 0xff,
  0xa3, 0x8a, 0x5d, 0xff, 0x54, 0x36, 0x25, 0xff, 0x41, 0x27, 0x1b, 0xff,
  0x5e, 0x39, 0x27, 0xff, 0x86, 0x52, 0x37, 0xff, 0x91, 0x58, 0x3c, 0xff,
  0x8f, 0x57, 0x3b, 0xff, 0x8f, 0x57, 0x3b, 0xff, 0x8a, 0x54, 0x39, 0xff,
  0x7d, 0x4a, 0x32, 0xff, 0x63, 0x3a, 0x27, 0xff, 0x5c, 0x36, 0x24, 0xff,
  0x5f, 0x37, 0x26, 0xff, 0x24, 0x15, 0x0e, 0xff, 0x11, 0x12, 0x12, 0xff,
  0x1f, 0x17, 0x13, 0xff, 0x0f, 0x17, 0x1b, 0xff, 0x55, 0xa1, 0xce, 0xff,
  0x63, 0xbc, 0xf1, 0xff, 0x62, 0xbb, 0xef, 0xff, 0x62, 0xba, 0xef, 0xff,
  0x61, 0xba, 0xef, 0xff, 0x62, 0xbb, 0xef, 0xff, 0x68, 0xbf, 0xf0, 0xff,
  0x79, 0xc9, 0xf3, 0xff, 0x96, 0xda, 0xf8, 0xff, 0xbb, 0xee, 0xfd, 0xff,
  0xd5, 0xfa, 0xff, 0xff, 0xd3, 0xf3, 0xf5, 0xff, 0xa1, 0xb9, 0xbb, 0xff,
  0x47, 0x52, 0x53, 0xff, 0x09, 0x0a, 0x0a, 0xff, 0x08, 0x08, 0x08, 0xff,
  0x6c, 0x6c, 0x6c, 0xff, 0xe5, 0xe5, 0xe5, 0xff, 0xff, 0xff, 0xff, 0xff,
  0xff, 0xff, 0xff, 0xff, 0xff, 0xff, 0xff, 0xff, 0xff, 0xff, 0xff, 0xff,
  0xff, 0xff, 0xff, 0xff, 0xff, 0xff, 0xff, 0xff, 0xff, 0xff, 0xff, 0xff,
  0xff, 0xff, 0xff, 0xff, 0xff, 0xff, 0xff, 0xff, 0xff, 0xff, 0xff, 0xff,
  0xff, 0xff, 0xff, 0xff, 0xff, 0xff, 0xff, 0xff, 0xff, 0xff, 0xff, 0xff,
  0xff, 0xff, 0xff, 0xff, 0xff, 0xff, 0xff, 0xff, 0xff, 0xff, 0xff, 0xff,
  0xff, 0xff, 0xff, 0xff, 0xff, 0xff, 0xff, 0xff, 0xff, 0xff, 0xff, 0xff,
  0xff, 0xff, 0xff, 0xff, 0xff, 0xff, 0xff, 0xff, 0xff, 0xff, 0xff, 0xff,
  0xff, 0xff, 0xff, 0xff, 0xff, 0xff, 0xff, 0xff, 0xff, 0xff, 0xff, 0xff,
  0xff, 0xff, 0xff, 0xff, 0xff, 0xff, 0xff, 0xff, 0xfd, 0xfd, 0xfd, 0xff,
  0xbd, 0xbd, 0xbd, 0xff, 0x48, 0x47, 0x47, 0xff, 0x03, 0x02, 0x02, 0xff,
  0x0a, 0x0c, 0x0c, 0xff, 0x4f, 0x5c, 0x5d, 0xff, 0xa7, 0xc1, 0xc2, 0xff,
  0xd4, 0xf5, 0xf7, 0xff, 0xcb, 0xf7, 0xff, 0xff, 0xa9, 0xe5, 0xfb, 0xff,
  0x89, 0xd5, 0xf8, 0xff, 0x74, 0xcc, 0xf6, 0xff, 0x6b, 0xc7, 0xf6, 0xff,
  0x65, 0xbb, 0xe9, 0xff, 0x3d, 0x6f, 0x8a, 0xff, 0x13, 0x22, 0x2b, 0xff,
  0x28, 0x49, 0x5d, 0xff, 0x26, 0x47, 0x5c, 0xff, 0x18, 0x10, 0x0c, 0xff,
  0x85, 0x51, 0x37, 0xff, 0x9a, 0x5b, 0x3d, 0xff, 0x95, 0x57, 0x3a, 0xff,
  0xb4, 0x88, 0x60, 0xff, 0xc8, 0xb2, 0x80, 0xff, 0xe0, 0xc8, 0x8b, 0xff,
  0xfe, 0xe7, 0x9f, 0xff, 0xfd, 0xe6, 0x9e, 0xff, 0xfd, 0xe6, 0xa0, 0xff,
  0xfd, 0xea, 0xab, 0xff, 0xfd, 0xea, 0xac, 0xff, 0xfd, 0xea, 0xac, 0xff,
  0xfe, 0xeb, 0xad, 0xff, 0xff, 0xeb, 0xad, 0xff, 0xfc, 0xe4, 0xa3, 0xff,
  0xe7, 0xc1, 0x80, 0xff, 0x7b, 0x5e, 0x39, 0xff, 0x0c, 0x09, 0x05, 0xff,
  0x14, 0x11, 0x0d, 0xff, 0x72, 0x6f, 0x6c, 0xff, 0xb0, 0xae, 0xaf, 0xff,
  0xba, 0xb9, 0xba, 0xff, 0x8b, 0x8a, 0x8b, 0xff, 0xaa, 0xa9, 0xab, 0xff,
  0xa2, 0xa1, 0xa2, 0xff, 0x99, 0x98, 0x98, 0xff, 0x57, 0x56, 0x57, 0xff,
  0x00, 0x00, 0x00, 0xff, 0x00, 0x00, 0x00, 0xff, 0x00, 0x00, 0x00, 0xff,
  0x60, 0x4e, 0x2d, 0xff, 0xec, 0xc5, 0x7b, 0xff, 0xfb, 0xe2, 0xa1, 0xff,
  0xfd, 0xea, 0xae, 0xff, 0xfd, 0xea, 0xae, 0xff, 0xfd, 0xea, 0xae, 0xff,
  0xfd, 0xea, 0xae, 0xff, 0xfd, 0xea, 0xae, 0xff, 0xfd, 0xea, 0xae, 0xff,
  0xfd, 0xea, 0xae, 0xff, 0xfd, 0xea, 0xae, 0xff, 0xfd, 0xe7, 0xa5, 0xff,
  0xfd, 0xe3, 0x9c, 0xff, 0xfd, 0xe4, 0x9d, 0xff, 0xfd, 0xe5, 0x9f, 0xff,
  0xfd, 0xe3, 0x9b, 0xff, 0xff, 0xe4, 0x99, 0xff, 0xfe, 0xe2, 0x98, 0xff,
  0xba, 0x8c, 0x5e, 0xff, 0x81, 0x4e, 0x35, 0xff, 0x59, 0x36, 0x25, 0xff,
  0x42, 0x28, 0x1b, 0xff, 0x67, 0x3f, 0x2b, 0xff, 0x8c, 0x55, 0x3a, 0xff,
  0x8e, 0x56, 0x3a, 0xff, 0x80, 0x4c, 0x34, 0xff, 0x76, 0x45, 0x2f, 0xff,
  0x6b, 0x3e, 0x2a, 0xff, 0x62, 0x39, 0x27, 0xff, 0x61, 0x39, 0x27, 0xff,
  0x3a, 0x20, 0x15, 0xff, 0x24, 0x3a, 0x42, 0xff, 0x56, 0x8b, 0x9e, 0xff,
  0x47, 0x71, 0x81, 0xff, 0x6b, 0xb9, 0xe1, 0xff, 0x6b, 0xc0, 0xef, 0xff,
  0x6f, 0xc1, 0xf0, 0xff, 0x78, 0xc6, 0xf1, 0xff, 0x85, 0xcd, 0xf3, 0xff,
  0x9c, 0xda, 0xf6, 0xff, 0xb7, 0xe9, 0xfb, 0xff, 0xce, 0xf6, 0xfe, 0xff,
  0xd7, 0xf8, 0xfc, 0xff, 0xc4, 0xe1, 0xe4, 0xff, 0x90, 0xa6, 0xa7, 0xff,
  0x45, 0x4f, 0x50, 0xff, 0x0c, 0x0d, 0x0e, 0xff, 0x00, 0x00, 0x00, 0xff,
  0x00, 0x00, 0x00, 0xff, 0x0b, 0x0a, 0x0a, 0xff, 0x56, 0x56, 0x56, 0xff,
  0x96, 0x96, 0x96, 0xff, 0xce, 0xce, 0xce, 0xff, 0xf6, 0xf6, 0xf6, 0xff,
  0xff, 0xff, 0xff, 0xff, 0xff, 0xff, 0xff, 0xff, 0xff, 0xff, 0xff, 0xff,
  0xff, 0xff, 0xff, 0xff, 0xff, 0xff, 0xff, 0xff, 0xff, 0xff, 0xff, 0xff,
  0xff, 0xff, 0xff, 0xff, 0xff, 0xff, 0xff, 0xff, 0xff, 0xff, 0xff, 0xff,
  0xff, 0xff, 0xff, 0xff, 0xff, 0xff, 0xff, 0xff, 0xff, 0xff, 0xff, 0xff,
  0xff, 0xff, 0xff, 0xff, 0xff, 0xff, 0xff, 0xff, 0xff, 0xff, 0xff, 0xff,
  0xff, 0xff, 0xff, 0xff, 0xff, 0xff, 0xff, 0xff, 0xff, 0xff, 0xff, 0xff,
  0xff, 0xff, 0xff, 0xff, 0xff, 0xff, 0xff, 0xff, 0xff, 0xff, 0xff, 0xff,
  0xff, 0xff, 0xff, 0xff, 0xff, 0xff, 0xff, 0xff, 0xff, 0xff, 0xff, 0xff,
  0xff, 0xff, 0xff, 0xff, 0xff, 0xff, 0xff, 0xff, 0xff, 0xff, 0xff, 0xff,
  0xf1, 0xf1, 0xf1, 0xff, 0xa4, 0xa4, 0xa4, 0xff, 0x3f, 0x3f, 0x3f, 0xff,
  0x08, 0x08, 0x08, 0xff, 0x10, 0x13, 0x13, 0xff, 0x4c, 0x58, 0x58, 0xff,
  0x97, 0xae, 0xaf, 0xff, 0xc7, 0xe5, 0xe7, 0xff, 0xd4, 0xf8, 0xfc, 0xff,
  0xc6, 0xf4, 0xff, 0xff, 0xa9, 0xe4, 0xfa, 0xff, 0x8b, 0xcd, 0xed, 0xff,
  0x70, 0xb5, 0xdd, 0xff, 0x51, 0x8d, 0xb0, 0xff, 0x69, 0xb8, 0xe8, 0xff,
  0x3d, 0x6d, 0x8a, 0xff, 0x1c, 0x12, 0x0d, 0xff, 0x8e, 0x5b, 0x41, 0xff,
  0x8f, 0x57, 0x3b, 0xff, 0x7a, 0x46, 0x2e, 0xff, 0x74, 0x47, 0x2f, 0xff,
  0x97, 0x76, 0x4e, 0xff, 0xf5, 0xda, 0x92, 0xff, 0xfe, 0xe5, 0x9b, 0xff,
  0xfd, 0xe5, 0x9c, 0xff, 0xfd, 0xe5, 0x9d, 0xff, 0xfd, 0xe8, 0xa6, 0xff,
  0xfd, 0xea, 0xac, 0xff, 0xfd, 0xea, 0xac, 0xff, 0xfd, 0xea, 0xac, 0xff,
  0xfd, 0xea, 0xac, 0xff, 0xfd, 0xeb, 0xad, 0xff, 0xfc, 0xe5, 0xa6, 0xff,
  0xe6, 0xbf, 0x7f, 0xff, 0x58, 0x46, 0x2d, 0xff, 0x03, 0x03, 0x04, 0xff,
  0xa3, 0xa2, 0xa2, 0xff, 0xf7, 0xf6, 0xf6, 0xff, 0xf2, 0xf1, 0xf1, 0xff,
  0xed, 0xed, 0xed, 0xff, 0xfa, 0xfa, 0xfa, 0xff, 0xfc, 0xfc, 0xfc, 0xff,
  0xf1, 0xf0, 0xf0, 0xff, 0x65, 0x64, 0x64, 0xff, 0x27, 0x0a, 0x0a, 0xff,
  0x2a, 0x0b, 0x0c, 0xff, 0x2e, 0x27, 0x1a, 0xff, 0xd3, 0xbb, 0x7c, 0xff,
  0xfd, 0xe5, 0xa3, 0xff, 0xfd, 0xe9, 0xac, 0xff, 0xfd, 0xea, 0xae, 0xff,
  0xfd, 0xea, 0xae, 0xff, 0xfd, 0xea, 0xae, 0xff, 0xfd, 0xea, 0xae, 0xff,
  0xfd, 0xea, 0xae, 0xff, 0xfd, 0xea, 0xae, 0xff, 0xfd, 0xea, 0xae, 0xff,
  0xfd, 0xea, 0xae, 0xff, 0xfd, 0xe7, 0xa7, 0xff, 0xfd, 0xe2, 0x98, 0xff,
  0xfd, 0xe2, 0x98, 0xff, 0xfd, 0xe2, 0x98, 0xff, 0xfd, 0xe2, 0x98, 0xff,
  0xfa, 0xde, 0x95, 0xff, 0xf5, 0xd8, 0x92, 0xff, 0xd1, 0xab, 0x73, 0xff,
  0x93, 0x5b, 0x3e, 0xff, 0x93, 0x5b, 0x3d, 0xff, 0x7c, 0x4c, 0x34, 0xff,
  0x41, 0x27, 0x1b, 0xff, 0x3b, 0x23, 0x18, 0xff, 0x6d, 0x41, 0x2c, 0xff,
  0x7c, 0x49, 0x31, 0xff, 0x6f, 0x41, 0x2c, 0xff, 0x69, 0x3d, 0x29, 0xff,
  0x61, 0x38, 0x26, 0xff, 0x62, 0x39, 0x27, 0xff, 0x3f, 0x24, 0x17, 0xff,
  0x27, 0x2f, 0x30, 0xff, 0xb8, 0xe2, 0xeb, 0xff, 0xc7, 0xf5, 0xfe, 0xff,
  0xc6, 0xf2, 0xfc, 0xff, 0xc4, 0xf1, 0xfc, 0xff, 0xc8, 0xf2, 0xfd, 0xff,
  0xd1, 0xf6, 0xfd, 0xff, 0xd1, 0xf2, 0xf7, 0xff, 0xcb, 0xe8, 0xea, 0xff,
  0xb4, 0xce, 0xcf, 0xff, 0x8e, 0xa3, 0xa4, 0xff, 0x5d, 0x6b, 0x6c, 0xff,
  0x3d, 0x46, 0x47, 0xff, 0x4b, 0x54, 0x55, 0xff, 0x6c, 0x7a, 0x7a, 0xff,
  0x77, 0x87, 0x88, 0xff, 0x75, 0x85, 0x86, 0xff, 0x5e, 0x6b, 0x6c, 0xff,
  0x3c, 0x43, 0x44, 0xff, 0x20, 0x22, 0x22, 0xff, 0x0a, 0x0b, 0x0b, 0xff,
  0x12, 0x12, 0x12, 0xff, 0x49, 0x49, 0x49, 0xff, 0xa6, 0xa6, 0xa6, 0xff,
  0xf2, 0xf2, 0xf2, 0xff, 0xff, 0xff, 0xff, 0xff, 0xff, 0xff, 0xff, 0xff,
  0xff, 0xff, 0xff, 0xff, 0xff, 0xff, 0xff, 0xff, 0xff, 0xff, 0xff, 0xff,
  0xff, 0xff, 0xff, 0xff, 0xff, 0xff, 0xff, 0xff, 0xff, 0xff, 0xff, 0xff,
  0xff, 0xff, 0xff, 0xff, 0xff, 0xff, 0xff, 0xff, 0xff, 0xff, 0xff, 0xff,
  0xff, 0xff, 0xff, 0xff, 0xff, 0xff, 0xff, 0xff, 0xff, 0xff, 0xff, 0xff,
  0xff, 0xff, 0xff, 0xff, 0xff, 0xff, 0xff, 0xff, 0xff, 0xff, 0xff, 0xff,
  0xff, 0xff, 0xff, 0xff, 0xff, 0xff, 0xff, 0xff, 0xff, 0xff, 0xff, 0xff,
  0xff, 0xff, 0xff, 0xff, 0xff, 0xff, 0xff, 0xff, 0xff, 0xff, 0xff, 0xff,
  0xff, 0xff, 0xff, 0xff, 0xff, 0xff, 0xff, 0xff, 0xff, 0xff, 0xff, 0xff,
  0xff, 0xff, 0xff, 0xff, 0xe8, 0xe8, 0xe8, 0xff, 0x7b, 0x7b, 0x7b, 0xff,
  0x15, 0x14, 0x14, 0xff, 0x00, 0x00, 0x00, 0xff, 0x03, 0x04, 0x04, 0xff,
  0x25, 0x2b, 0x2b, 0xff, 0x59, 0x66, 0x67, 0xff, 0x8c, 0xa1, 0xa2, 0xff,
  0xaf, 0xca, 0xcb, 0xff, 0xc3, 0xe4, 0xe7, 0xff, 0xc0, 0xe8, 0xf1, 0xff,
  0xb9, 0xe8, 0xf7, 0xff, 0xc1, 0xef, 0xfc, 0xff, 0x76, 0x92, 0x99, 0xff,
  0x1b, 0x12, 0x0d, 0xff, 0x73, 0x48, 0x33, 0xff, 0x50, 0x2e, 0x1f, 0xff,
  0x68, 0x3a, 0x26, 0xff, 0x7d, 0x48, 0x30, 0xff, 0xc1, 0x99, 0x65, 0xff,
  0xff, 0xe3, 0x97, 0xff, 0xfd, 0xe2, 0x98, 0xff, 0xfd, 0xe5, 0x9c, 0xff,
  0xfd, 0xe5, 0x9c, 0xff, 0xfd, 0xe6, 0x9f, 0xff, 0xfd, 0xe8, 0xa7, 0xff,
  0xfd, 0xe9, 0xa9, 0xff, 0xfd, 0xea, 0xab, 0xff, 0xfd, 0xea, 0xab, 0xff,
  0xfd, 0xea, 0xac, 0xff, 0xfd, 0xea, 0xad, 0xff, 0xfe, 0xe8, 0xa7, 0xff,
  0xd1, 0xb8, 0x7f, 0xff, 0x25, 0x1f, 0x14, 0xff, 0x60, 0x60, 0x61, 0xff,
  0xf2, 0xf3, 0xf3, 0xff, 0xf8, 0xf9, 0xf9, 0xff, 0xe1, 0xe1, 0xe2, 0xff,
  0xee, 0xee, 0xee, 0xff, 0xfa, 0xfb, 0xfb, 0xff, 0xc8, 0xcb, 0xcb, 0xff,
  0x5c, 0x3b, 0x3b, 0xff, 0xa0, 0x2f, 0x2f, 0xff, 0x5c, 0x21, 0x1f, 0xff,
  0xa3, 0x92, 0x63, 0xff, 0xfe, 0xe7, 0xa4, 0xff, 0xfd, 0xe8, 0xa9, 0xff,
  0xfd, 0xe9, 0xaa, 0xff, 0xfd, 0xea, 0xae, 0xff, 0xfd, 0xea, 0xae, 0xff,
  0xfd, 0xea, 0xae, 0xff, 0xfd, 0xea, 0xae, 0xff, 0xfd, 0xea, 0xae, 0xff,
  0xfd, 0xea, 0xae, 0xff, 0xfd, 0xea, 0xad, 0xff, 0xfd, 0xea, 0xae, 0xff,
  0xfd, 0xe6, 0xa4, 0xff, 0xfd, 0xe2, 0x98, 0xff, 0xfd, 0xe2, 0x98, 0xff,
  0xfd, 0xe2, 0x98, 0xff, 0xfe, 0xe3, 0x99, 0xff, 0xef, 0xd0, 0x8c, 0xff,
  0xb5, 0x87, 0x5b, 0xff, 0xb4, 0x85, 0x5a, 0xff, 0x92, 0x5a, 0x3d, 0xff,
  0x8f, 0x58, 0x3c, 0xff, 0x8e, 0x57, 0x3b, 0xff, 0x86, 0x52, 0x38, 0xff,
  0x4f, 0x2f, 0x21, 0xff, 0x27, 0x16, 0x0f, 0xff, 0x58, 0x34, 0x23, 0xff,
  0x6c, 0x3f, 0x2a, 0xff, 0x64, 0x3a, 0x27, 0xff, 0x60, 0x38, 0x26, 0xff,
  0x62, 0x39, 0x27, 0xff, 0x39, 0x20, 0x15, 0xff, 0x18, 0x1c, 0x1c, 0xff,
  0x86, 0x9a, 0x9d, 0xff, 0x96, 0xac, 0xae, 0xff, 0x92, 0xa7, 0xa9, 0xff,
  0x86, 0x99, 0x9b, 0xff, 0x76, 0x88, 0x89, 0xff, 0x6e, 0x81, 0x82, 0xff,
  0x60, 0x73, 0x75, 0xff, 0x54, 0x6a, 0x6e, 0xff, 0x4d, 0x67, 0x6c, 0xff,
  0x56, 0x79, 0x7f, 0xff, 0x67, 0x90, 0x98, 0xff, 0x9d, 0xc7, 0xcd, 0xff,
  0xc5, 0xef, 0xf4, 0xff, 0xd1, 0xfa, 0xff, 0xff, 0xd5, 0xfb, 0xff, 0xff,
  0xda, 0xfc, 0xff, 0xff, 0xd9, 0xf9, 0xfb, 0xff, 0xda, 0xf3, 0xf4, 0xff,
  0xd4, 0xe1, 0xe1, 0xff, 0xb1, 0xbc, 0xbc, 0xff, 0x6c, 0x73, 0x73, 0xff,
  0x1d, 0x1f, 0x1f, 0xff, 0x05, 0x05, 0x05, 0xff, 0x50, 0x50, 0x50, 0xff,
  0xd5, 0xd5, 0xd5, 0xff, 0xff, 0xff, 0xff, 0xff, 0xff, 0xff, 0xff, 0xff,
  0xff, 0xff, 0xff, 0xff, 0xff, 0xff, 0xff, 0xff, 0xff, 0xff, 0xff, 0xff,
  0xff, 0xff, 0xff, 0xff, 0xff, 0xff, 0xff, 0xff, 0xff, 0xff, 0xff, 0xff,
  0xff, 0xff, 0xff, 0xff, 0xff, 0xff, 0xff, 0xff, 0xff, 0xff, 0xff, 0xff,
  0xff, 0xff, 0xff, 0xff, 0xff, 0xff, 0xff, 0xff, 0xff, 0xff, 0xff, 0xff,
  0xff, 0xff, 0xff, 0xff, 0xff, 0xff, 0xff, 0xff, 0xff, 0xff, 0xff, 0xff,
  0xff, 0xff, 0xff, 0xff, 0xff, 0xff, 0xff, 0xff, 0xff, 0xff, 0xff, 0xff,
  0xff, 0xff, 0xff, 0xff, 0xff, 0xff, 0xff, 0xff, 0xff, 0xff, 0xff, 0xff,
  0xff, 0xff, 0xff, 0xff, 0xff, 0xff, 0xff, 0xff, 0xcc, 0xcc, 0xcc, 0xff,
  0x57, 0x57, 0x57, 0xff, 0x14, 0x14, 0x14, 0xff, 0x10, 0x11, 0x11, 0xff,
  0x2a, 0x2d, 0x2d, 0xff, 0x44, 0x49, 0x48, 0xff, 0x46, 0x4a, 0x4a, 0xff,
  0x31, 0x36, 0x36, 0xff, 0x17, 0x1b, 0x1b, 0xff, 0x15, 0x18, 0x17, 0xff,
  0x24, 0x28, 0x28, 0xff, 0x3f, 0x47, 0x47, 0xff, 0x5d, 0x6a, 0x69, 0xff,
  0x7b, 0x8d, 0x8c, 0xff, 0x69, 0x79, 0x79, 0xff, 0x0d, 0x08, 0x05, 0xff,
  0x25, 0x14, 0x0d, 0xff, 0x24, 0x14, 0x0d, 0xff, 0x74, 0x44, 0x2d, 0xff,
  0x7f, 0x49, 0x31, 0xff, 0xc3, 0x9b, 0x67, 0xff, 0xff, 0xe3, 0x98, 0xff,
  0xfd, 0xe1, 0x96, 0xff, 0xfd, 0xe3, 0x98, 0xff, 0xfd, 0xe4, 0x9a, 0xff,
  0xfd, 0xe5, 0x9d, 0xff, 0xfd, 0xe6, 0x9f, 0xff, 0xfd, 0xe7, 0xa2, 0xff,
  0xfd, 0xe7, 0xa4, 0xff, 0xfd, 0xe7, 0xa4, 0xff, 0xfd, 0xe8, 0xa6, 0xff,
  0xfd, 0xe8, 0xa6, 0xff, 0xfd, 0xe8, 0xa4, 0xff, 0xfe, 0xe7, 0xa3, 0xff,
  0x94, 0x85, 0x5d, 0xff, 0x15, 0x14, 0x12, 0xff, 0x54, 0x54, 0x55, 0xff,
  0x6b, 0x6a, 0x6b, 0xff, 0x4a, 0x41, 0x42, 0xff, 0x50, 0x4b, 0x4b, 0xff,
  0x6f, 0x63, 0x63, 0xff, 0x71, 0x44, 0x44, 0xff, 0xaa, 0x3d, 0x3e, 0xff,
  0x74, 0x25, 0x25, 0xff, 0x5d, 0x50, 0x39, 0xff, 0xef, 0xdb, 0x9b, 0xff,
  0xfe, 0xe9, 0xa9, 0xff, 0xfd, 0xe8, 0xa9, 0xff, 0xfd, 0xe8, 0xa9, 0xff,
  0xfd, 0xe9, 0xab, 0xff, 0xfd, 0xe9, 0xac, 0xff, 0xfd, 0xe9, 0xab, 0xff,
  0xfd, 0xe9, 0xac, 0xff, 0xfd, 0xea, 0xad, 0xff, 0xfd, 0xe9, 0xaa, 0xff,
  0xfd, 0xe6, 0xa3, 0xff, 0xfd, 0xe6, 0xa4, 0xff, 0xfd, 0xe4, 0x9d, 0xff,
  0xfd, 0xe2, 0x98, 0xff, 0xfd, 0xe2, 0x98, 0xff, 0xfd, 0xe2, 0x98, 0xff,
  0xfe, 0xe3, 0x99, 0xff, 0xf2, 0xd4, 0x8f, 0xff, 0xa2, 0x6f, 0x4b, 0xff,
  0x8e, 0x56, 0x3b, 0xff, 0x8b, 0x55, 0x3a, 0xff, 0x88, 0x52, 0x38, 0xff,
  0x87, 0x52, 0x38, 0xff, 0x88, 0x52, 0x38, 0xff, 0x87, 0x52, 0x38, 0xff,
  0x5a, 0x35, 0x24, 0xff, 0x3b, 0x22, 0x17, 0xff, 0x60, 0x38, 0x26, 0xff,
  0x4f, 0x2e, 0x1f, 0xff, 0x32, 0x1d, 0x14, 0xff, 0x52, 0x30, 0x20, 0xff,
  0x1d, 0x11, 0x0b, 0xff, 0x24, 0x3c, 0x4b, 0xff, 0x4c, 0x7d, 0x99, 0xff,
  0x4b, 0x77, 0x8e, 0xff, 0x4b, 0x77, 0x8d, 0xff, 0x4c, 0x78, 0x8d, 0xff,
  0x5f, 0x8b, 0x99, 0xff, 0x7f, 0xb3, 0xbd, 0xff, 0x90, 0xcb, 0xd6, 0xff,
  0x9e, 0xde, 0xea, 0xff, 0xa7, 0xeb, 0xf7, 0xff, 0xab, 0xf1, 0xfe, 0xff,
  0xad, 0xf3, 0xff, 0xff, 0xad, 0xf2, 0xff, 0xff, 0xac, 0xf0, 0xfd, 0xff,
  0xac, 0xf0, 0xfc, 0xff, 0xad, 0xf0, 0xfc, 0xff, 0xb1, 0xf0, 0xfc, 0xff,
  0xb7, 0xf1, 0xfc, 0xff, 0xc1, 0xf4, 0xfc, 0xff, 0xda, 0xfa, 0xfe, 0xff,
  0xee, 0xff, 0xff, 0xff, 0xef, 0xfe, 0xfe, 0xff, 0xcb, 0xd8, 0xd8, 0xff,
  0x64, 0x6b, 0x6b, 0xff, 0x06, 0x07, 0x07, 0xff, 0x32, 0x32, 0x32, 0xff,
  0xd4, 0xd4, 0xd4, 0xff, 0xff, 0xff, 0xff, 0xff, 0xff, 0xff, 0xff, 0xff,
  0xff, 0xff, 0xff, 0xff, 0xff, 0xff, 0xff, 0xff, 0xff, 0xff, 0xff, 0xff,
  0xff, 0xff, 0xff, 0xff, 0xff, 0xff, 0xff, 0xff, 0xff, 0xff, 0xff, 0xff,
  0xff, 0xff, 0xff, 0xff, 0xff, 0xff, 0xff, 0xff, 0xff, 0xff, 0xff, 0xff,
  0xff, 0xff, 0xff, 0xff, 0xff, 0xff, 0xff, 0xff, 0xff, 0xff, 0xff, 0xff,
  0xff, 0xff, 0xff, 0xff, 0xff, 0xff, 0xff, 0xff, 0xff, 0xff, 0xff, 0xff,
  0xff, 0xff, 0xff, 0xff, 0xff, 0xff, 0xff, 0xff, 0xff, 0xff, 0xff, 0xff,
  0xff, 0xff, 0xff, 0xff, 0xff, 0xff, 0xff, 0xff, 0xff, 0xff, 0xff, 0xff,
  0xbc, 0xbc, 0xbc, 0xff, 0x23, 0x23, 0x23, 0xff, 0x0b, 0x0c, 0x0c, 0xff,
  0x5d, 0x64, 0x64, 0xff, 0xb2, 0xbf, 0xbe, 0xff, 0xd6, 0xe6, 0xe5, 0xff,
  0xe0, 0xf5, 0xf5, 0xff, 0xd1, 0xf1, 0xf5, 0xff, 0xac, 0xdd, 0xe6, 0xff,
  0x89, 0xbd, 0xc9, 0xff, 0x61, 0x90, 0x9e, 0xff, 0x3d, 0x69, 0x79, 0xff,
  0x2b, 0x51, 0x61, 0xff, 0x2c, 0x51, 0x61, 0xff, 0x32, 0x58, 0x68, 0xff,
  0x38, 0x61, 0x72, 0xff, 0x31, 0x57, 0x67, 0xff, 0x0b, 0x15, 0x19, 0xff,
  0x0d, 0x06, 0x03, 0xff, 0x6d, 0x40, 0x2a, 0xff, 0x7d, 0x48, 0x30, 0xff,
  0xb1, 0x87, 0x5a, 0xff, 0xfd, 0xe1, 0x96, 0xff, 0xfd, 0xe1, 0x96, 0xff,
  0xfd, 0xe1, 0x96, 0xff, 0xfd, 0xe2, 0x98, 0xff, 0xfd, 0xe5, 0x9c, 0xff,
  0xfd, 0xe5, 0x9c, 0xff, 0xfd, 0xe5, 0x9c, 0xff, 0xfd, 0xe5, 0x9d, 0xff,
  0xfd, 0xe6, 0x9f, 0xff, 0xfd, 0xe6, 0xa1, 0xff, 0xfd, 0xe7, 0xa2, 0xff,
  0xfd, 0xe7, 0xa3, 0xff, 0xfe, 0xe8, 0xa4, 0xff, 0xf6, 0xe0, 0x9e, 0xff,
  0x80, 0x75, 0x52, 0xff, 0x07, 0x05, 0x03, 0xff, 0x4d, 0x12, 0x14, 0xff,
  0x9e, 0x2b, 0x2f, 0xff, 0x63, 0x1d, 0x1e, 0xff, 0xa3, 0x39, 0x3b, 0xff,
  0xc9, 0x47, 0x49, 0xff, 0x92, 0x38, 0x38, 0xff, 0x6a, 0x56, 0x3f, 0xff,
  0xe0, 0xce, 0x91, 0xff, 0xff, 0xe9, 0xa8, 0xff, 0xfd, 0xe8, 0xa9, 0xff,
  0xfd, 0xe8, 0xa9, 0xff, 0xfd, 0xe8, 0xa9, 0xff, 0xfd, 0xe8, 0xa9, 0xff,
  0xfd, 0xe8, 0xa9, 0xff, 0xfd, 0xe8, 0xa9, 0xff, 0xfd, 0xe8, 0xa9, 0xff,
  0xfd, 0xe8, 0xa9, 0xff, 0xfd, 0xe7, 0xa6, 0xff, 0xfd, 0xe5, 0xa0, 0xff,
  0xfd, 0xe2, 0x98, 0xff, 0xfd, 0xe2, 0x98, 0xff, 0xfd, 0xe2, 0x98, 0xff,
  0xfd, 0xe1, 0x97, 0xff, 0xfc, 0xe0, 0x96, 0xff, 0xfe, 0xe3, 0x99, 0xff,
  0xec, 0xcd, 0x8a, 0xff, 0x96, 0x64, 0x44, 0xff, 0x87, 0x52, 0x38, 0xff,
  0x87, 0x52, 0x38, 0xff, 0x87, 0x52, 0x38, 0xff, 0x88, 0x52, 0x38, 0xff,
  0x85, 0x51, 0x37, 0xff, 0x74, 0x46, 0x2f, 0xff, 0x63, 0x3a, 0x27, 0xff,
  0x5f, 0x38, 0x26, 0xff, 0x5e, 0x37, 0x25, 0xff, 0x24, 0x15, 0x0e, 0xff,
  0x00, 0x00, 0x00, 0xff, 0x0c, 0x07, 0x04, 0xff, 0x08, 0x0b, 0x0d, 0xff,
  0x4e, 0x81, 0x9f, 0xff, 0x66, 0xaf, 0xdb, 0xff, 0x61, 0xa8, 0xd4, 0xff,
  0x64, 0xab, 0xd6, 0xff, 0x6a, 0xb1, 0xda, 0xff, 0x73, 0xba, 0xdf, 0xff,
  0x83, 0xca, 0xe7, 0xff, 0x91, 0xd8, 0xef, 0xff, 0x9f, 0xe5, 0xf7, 0xff,
  0xa7, 0xed, 0xfb, 0xff, 0xa9, 0xee, 0xfc, 0xff, 0xa7, 0xec, 0xfb, 0xff,
  0xa0, 0xe7, 0xf8, 0xff, 0x96, 0xe0, 0xf4, 0xff, 0x90, 0xdd, 0xf3, 0xff,
  0x8d, 0xdb, 0xf2, 0xff, 0x94, 0xdf, 0xf4, 0xff, 0x9c, 0xe3, 0xf6, 0xff,
  0x9d, 0xe4, 0xf7, 0xff, 0xa1, 0xe5, 0xf7, 0xff, 0xb2, 0xe8, 0xf7, 0xff,
  0xd2, 0xf4, 0xfb, 0xff, 0xed, 0xff, 0xff, 0xff, 0xea, 0xf9, 0xf8, 0xff,
  0x8d, 0x96, 0x96, 0xff, 0x09, 0x09, 0x09, 0xff, 0x51, 0x51, 0x51, 0xff,
  0xf4, 0xf4, 0xf4, 0xff, 0xff, 0xff, 0xff, 0xff, 0xff, 0xff, 0xff, 0xff,
  0xff, 0xff, 0xff, 0xff, 0xff, 0xff, 0xff, 0xff, 0xff, 0xff, 0xff, 0xff,
  0xff, 0xff, 0xff, 0xff, 0xff, 0xff, 0xff, 0xff, 0xff, 0xff, 0xff, 0xff,
  0xff, 0xff, 0xff, 0xff, 0xff, 0xff, 0xff, 0xff, 0xff, 0xff, 0xff, 0xff,
  0xff, 0xff, 0xff, 0xff, 0xff, 0xff, 0xff, 0xff, 0xff, 0xff, 0xff, 0xff,
  0xff, 0xff, 0xff, 0xff, 0xff, 0xff, 0xff, 0xff, 0xff, 0xff, 0xff, 0xff,
  0xff, 0xff, 0xff, 0xff, 0xff, 0xff, 0xff, 0xff, 0xff, 0xff, 0xff, 0xff,
  0xff, 0xff, 0xff, 0xff, 0xde, 0xde, 0xde, 0xff, 0x2d, 0x2d, 0x2d, 0xff,
  0x1a, 0x1c, 0x1c, 0xff, 0xa0, 0xac, 0xab, 0xff, 0xe8, 0xf9, 0xf8, 0xff,
  0xe1, 0xfd, 0xff, 0xff, 0xc2, 0xf3, 0xfb, 0xff, 0xa1, 0xe4, 0xf5, 0xff,
  0x95, 0xe2, 0xf5, 0xff, 0x8f, 0xe0, 0xf5, 0xff, 0x83, 0xd8, 0xf3, 0xff,
  0x72, 0xcc, 0xef, 0xff, 0x65, 0xc1, 0xeb, 0xff, 0x67, 0xc2, 0xec, 0xff,
  0x74, 0xce, 0xf4, 0xff, 0x7e, 0xd8, 0xfb, 0xff, 0x7a, 0xd6, 0xfc, 0xff,
  0x7a, 0xd6, 0xfd, 0xff, 0x51, 0x90, 0xa9, 0xff, 0x0d, 0x12, 0x14, 0xff,
  0x4f, 0x2e, 0x1f, 0xff, 0x76, 0x47, 0x30, 0xff, 0x86, 0x59, 0x3c, 0xff,
  0xe2, 0xc3, 0x82, 0xff, 0xff, 0xe5, 0x99, 0xff, 0xff, 0xe4, 0x98, 0xff,
  0xff, 0xe4, 0x98, 0xff, 0xff, 0xe6, 0x9c, 0xff, 0xff, 0xe7, 0x9d, 0xff,
  0xff, 0xe7, 0x9c, 0xff, 0xff, 0xe6, 0x9c, 0xff, 0xff, 0xe6, 0x9c, 0xff,
  0xff, 0xe6, 0x9d, 0xff, 0xfe, 0xe6, 0x9e, 0xff, 0xfd, 0xe6, 0x9e, 0xff,
  0xfd, 0xe6, 0x9f, 0xff, 0xfe, 0xe8, 0xa3, 0xff, 0xf8, 0xe2, 0xa0, 0xff,
  0xa6, 0x98, 0x6b, 0xff, 0x70, 0x48, 0x38, 0xff, 0x74, 0x31, 0x2c, 0xff,
  0x4c, 0x24, 0x20, 0xff, 0x8a, 0x43, 0x3c, 0xff, 0x92, 0x5b, 0x49, 0xff,
  0xaa, 0x93, 0x69, 0xff, 0xee, 0xda, 0x99, 0xff, 0xff, 0xe9, 0xa6, 0xff,
  0xfd, 0xe8, 0xa9, 0xff, 0xfd, 0xe8, 0xa9, 0xff, 0xfd, 0xe8, 0xa9, 0xff,
  0xfd, 0xe8, 0xa9, 0xff, 0xfd, 0xe8, 0xa9, 0xff, 0xfd, 0xe8, 0xa7, 0xff,
  0xfd, 0xe7, 0xa5, 0xff, 0xfd, 0xe7, 0xa5, 0xff, 0xfd, 0xe7, 0xa4, 0xff,
  0xfd, 0xe6, 0xa1, 0xff, 0xfd, 0xe3, 0x9b, 0xff, 0xfd, 0xe2, 0x98, 0xff,
  0xfd, 0xe2, 0x98, 0xff, 0xfd, 0xe2, 0x98, 0xff, 0xfb, 0xdc, 0x91, 0xff,
  0xf9, 0xd6, 0x88, 0xff, 0xfe, 0xe2, 0x97, 0xff, 0xe1, 0xc0, 0x81, 0xff,
  0x8c, 0x59, 0x3c, 0xff, 0x87, 0x52, 0x38, 0xff, 0x87, 0x52, 0x38, 0xff,
  0x85, 0x51, 0x37, 0xff, 0x7a, 0x4a, 0x32, 0xff, 0x6b, 0x3f, 0x2b, 0xff,
  0x61, 0x39, 0x26, 0xff, 0x60, 0x38, 0x26, 0xff, 0x60, 0x38, 0x26, 0xff,
  0x5a, 0x34, 0x23, 0xff, 0x13, 0x0b, 0x07, 0xff, 0x16, 0x0e, 0x0a, 0xff,
  0x23, 0x15, 0x0f, 0xff, 0x0a, 0x06, 0x04, 0xff, 0x15, 0x23, 0x2b, 0xff,
  0x51, 0x88, 0xa9, 0xff, 0x65, 0xae, 0xdb, 0xff, 0x5c, 0xa3, 0xcf, 0xff,
  0x5a, 0xa0, 0xcc, 0xff, 0x5c, 0xa2, 0xce, 0xff, 0x6b, 0xb2, 0xd9, 0xff,
  0x6e, 0xb6, 0xdc, 0xff, 0x74, 0xc2, 0xe3, 0xff, 0x7d, 0xcb, 0xe8, 0xff,
  0x7d, 0xcb, 0xe8, 0xff, 0x76, 0xc5, 0xe5, 0xff, 0x77, 0xc5, 0xe4, 0xff,
  0x8b, 0xd3, 0xec, 0xff, 0xa0, 0xe2, 0xf5, 0xff, 0xab, 0xe9, 0xf9, 0xff,
  0xb2, 0xed, 0xfa, 0xff, 0xb6, 0xef, 0xfb, 0xff, 0xb7, 0xef, 0xfc, 0xff,
  0xb6, 0xef, 0xfc, 0xff, 0xb6, 0xef, 0xfc, 0xff, 0xb8, 0xf0, 0xfc, 0xff,
  0xc9, 0xf4, 0xfc, 0xff, 0xea, 0xfd, 0xfe, 0xff, 0xec, 0xfb, 0xfb, 0xff,
  0x65, 0x6c, 0x6c, 0xff, 0x08, 0x08, 0x08, 0xff, 0xba, 0xba, 0xba, 0xff,
  0xff, 0xff, 0xff, 0xff, 0xff, 0xff, 0xff, 0xff, 0xff, 0xff, 0xff, 0xff,
  0xff, 0xff, 0xff, 0xff, 0xff, 0xff, 0xff, 0xff, 0xff, 0xff, 0xff, 0xff,
  0xff, 0xff, 0xff, 0xff, 0xff, 0xff, 0xff, 0xff, 0xff, 0xff, 0xff, 0xff,
  0xff, 0xff, 0xff, 0xff, 0xff, 0xff, 0xff, 0xff, 0xff, 0xff, 0xff, 0xff,
  0xff, 0xff, 0xff, 0xff, 0xff, 0xff, 0xff, 0xff, 0xff, 0xff, 0xff, 0xff,
  0xff, 0xff, 0xff, 0xff, 0xff, 0xff, 0xff, 0xff, 0xff, 0xff, 0xff, 0xff,
  0xff, 0xff, 0xff, 0xff, 0xff, 0xff, 0xff, 0xff, 0xff, 0xff, 0xff, 0xff,
  0x88, 0x88, 0x88, 0xff, 0x06, 0x07, 0x07, 0xff, 0x97, 0xa3, 0xa2, 0xff,
  0xf0, 0xff, 0xff, 0xff, 0xdb, 0xfd, 0xff, 0xff, 0xae, 0xf4, 0xff, 0xff,
  0xa0, 0xee, 0xfc, 0xff, 0x9d, 0xeb, 0xf9, 0xff, 0x94, 0xe2, 0xf4, 0xff,
  0x73, 0xc7, 0xe8, 0xff, 0x60, 0xb5, 0xdd, 0xff, 0x5a, 0xab, 0xd2, 0xff,
  0x62, 0xb1, 0xd3, 0xff, 0x6e, 0xba, 0xd6, 0xff, 0x72, 0xbd, 0xd6, 0xff,
  0x70, 0xba, 0xd4, 0xff, 0x66, 0xb3, 0xd3, 0xff, 0x64, 0xb1, 0xd2, 0xff,
  0x63, 0xaf, 0xcf, 0xff, 0x24, 0x42, 0x4e, 0xff, 0x15, 0x0a, 0x05, 0xff,
  0x51, 0x30, 0x20, 0xff, 0x5b, 0x36, 0x24, 0xff, 0x85, 0x66, 0x44, 0xff,
  0xc7, 0xb0, 0x74, 0xff, 0xc8, 0xb2, 0x76, 0xff, 0xc8, 0xb2, 0x76, 0xff,
  0xcd, 0xb8, 0x7b, 0xff, 0xd3, 0xbd, 0x7f, 0xff, 0xd5, 0xbf, 0x80, 0xff,
  0xd6, 0xbf, 0x80, 0xff, 0xd8, 0xc1, 0x81, 0xff, 0xe0, 0xc8, 0x86, 0xff,
  0xea, 0xd2, 0x8d, 0xff, 0xf6, 0xdd, 0x95, 0xff, 0xfc, 0xe5, 0x9c, 0xff,
  0xff, 0xea, 0xa4, 0xff, 0xfe, 0xe7, 0xa1, 0xff, 0xff, 0xe9, 0xa3, 0xff,
  0xec, 0xd6, 0x95, 0xff, 0xcf, 0xbb, 0x81, 0xff, 0xc7, 0xb4, 0x7e, 0xff,
  0xd6, 0xc1, 0x86, 0xff, 0xeb, 0xd0, 0x8c, 0xff, 0xfb, 0xdf, 0x96, 0xff,
  0xfe, 0xe8, 0xa3, 0xff, 0xfd, 0xe7, 0xa4, 0xff, 0xfd, 0xe8, 0xa8, 0xff,
  0xfd, 0xe8, 0xa9, 0xff, 0xfd, 0xe8, 0xa9, 0xff, 0xfd, 0xe8, 0xa9, 0xff,
  0xfd, 0xe8, 0xa7, 0xff, 0xfd, 0xe7, 0xa4, 0xff, 0xfd, 0xe7, 0xa3, 0xff,
  0xfd, 0xe6, 0xa0, 0xff, 0xfd, 0xe4, 0x9d, 0xff, 0xfd, 0xe3, 0x9a, 0xff,
  0xfd, 0xe2, 0x98, 0xff, 0xfd, 0xe2, 0x98, 0xff, 0xfd, 0xe2, 0x98, 0xff,
  0xfd, 0xe2, 0x97, 0xff, 0xf9, 0xd6, 0x88, 0xff, 0xf5, 0xcd, 0x7f, 0xff,
  0xf5, 0xd4, 0x8a, 0xff, 0xc6, 0xa0, 0x6c, 0xff, 0x87, 0x52, 0x38, 0xff,
  0x87, 0x52, 0x38, 0xff, 0x87, 0x52, 0x38, 0xff, 0x72, 0x44, 0x2f, 0xff,
  0x61, 0x39, 0x26, 0xff, 0x60, 0x38, 0x26, 0xff, 0x59, 0x34, 0x23, 0xff,
  0x59, 0x34, 0x23, 0xff, 0x61, 0x39, 0x26, 0xff, 0x48, 0x2a, 0x1c, 0xff,
  0x0e, 0x08, 0x06, 0xff, 0x40, 0x27, 0x1b, 0xff, 0x4f, 0x30, 0x22, 0xff,
  0x2f, 0x1d, 0x15, 0xff, 0x04, 0x02, 0x01, 0xff, 0x0f, 0x1a, 0x20, 0xff,
  0x53, 0x8b, 0xad, 0xff, 0x70, 0xbc, 0xeb, 0xff, 0x66, 0xaf, 0xdd, 0xff,
  0x60, 0xa7, 0xd3, 0xff, 0x6f, 0xb6, 0xdc, 0xff, 0x89, 0xd3, 0xf1, 0xff,
  0x93, 0xde, 0xf8, 0xff, 0x92, 0xdd, 0xf6, 0xff, 0x8f, 0xda, 0xf1, 0xff,
  0x83, 0xd0, 0xeb, 0xff, 0x83, 0xcf, 0xea, 0xff, 0x95, 0xd9, 0xf0, 0xff,
  0xa7, 0xe4, 0xf6, 0xff, 0xb5, 0xee, 0xfb, 0xff, 0xb9, 0xf1, 0xfc, 0xff,
  0xb8, 0xf0, 0xfc, 0xff, 0xb8, 0xf0, 0xfc, 0xff, 0xb8, 0xf0, 0xfc, 0xff,
  0xb8, 0xf0, 0xfc, 0xff, 0xb8, 0xf0, 0xfc, 0xff, 0xb8, 0xf0, 0xfc, 0xff,
  0xd8, 0xf8, 0xfd, 0xff, 0xf2, 0xff, 0xff, 0xff, 0xb3, 0xbf, 0xbf, 0xff,
  0x09, 0x0a, 0x0a, 0xff, 0x82, 0x81, 0x81, 0xff, 0xff, 0xff, 0xff, 0xff,
  0xff, 0xff, 0xff, 0xff, 0xff, 0xff, 0xff, 0xff, 0xff, 0xff, 0xff, 0xff,
  0xff, 0xff, 0xff, 0xff, 0xff, 0xff, 0xff, 0xff, 0xff, 0xff, 0xff, 0xff,
  0xff, 0xff, 0xff, 0xff, 0xff, 0xff, 0xff, 0xff, 0xff, 0xff, 0xff, 0xff,
  0xff, 0xff, 0xff, 0xff, 0xff, 0xff, 0xff, 0xff, 0xff, 0xff, 0xff, 0xff,
  0xff, 0xff, 0xff, 0xff, 0xff, 0xff, 0xff, 0xff, 0xff, 0xff, 0xff, 0xff,
  0xff, 0xff, 0xff, 0xff, 0xff, 0xff, 0xff, 0xff, 0xff, 0xff, 0xff, 0xff,
  0xff, 0xff, 0xff, 0xff, 0xf8, 0xf8, 0xf8, 0xff, 0x4c, 0x4c, 0x4c, 0xff,
  0x1c, 0x1e, 0x1e, 0xff, 0xcb, 0xdb, 0xda, 0xff, 0xb8, 0xc7, 0xc6, 0xff,
  0x6d, 0x8f, 0x94, 0xff, 0x56, 0x81, 0x88, 0xff, 0x48, 0x6a, 0x71, 0xff,
  0x3c, 0x57, 0x5c, 0xff, 0x2c, 0x46, 0x50, 0xff, 0x1f, 0x3a, 0x49, 0xff,
  0x21, 0x3a, 0x47, 0xff, 0x24, 0x37, 0x3f, 0xff, 0x26, 0x36, 0x3d, 0xff,
  0x25, 0x34, 0x3a, 0xff, 0x28, 0x36, 0x3d, 0xff, 0x2a, 0x37, 0x3e, 0xff,
  0x28, 0x35, 0x3c, 0xff, 0x27, 0x33, 0x3a, 0xff, 0x27, 0x33, 0x3a, 0xff,
  0x22, 0x2a, 0x30, 0xff, 0x1b, 0x1f, 0x23, 0xff, 0x20, 0x22, 0x25, 0xff,
  0x23, 0x24, 0x26, 0xff, 0x24, 0x25, 0x27, 0xff, 0x2a, 0x2c, 0x2c, 0xff,
  0x2b, 0x2d, 0x2c, 0xff, 0x2a, 0x2d, 0x2c, 0xff, 0x2c, 0x2e, 0x2d, 0xff,
  0x2d, 0x2f, 0x2d, 0xff, 0x2d, 0x2f, 0x2c, 0xff, 0x2d, 0x2e, 0x2b, 0xff,
  0x2e, 0x2f, 0x2b, 0xff, 0x38, 0x38, 0x30, 0xff, 0x45, 0x42, 0x35, 0xff,
  0x50, 0x4a, 0x37, 0xff, 0x6b, 0x62, 0x46, 0xff, 0xad, 0x9e, 0x6f, 0xff,
  0xf8, 0xdf, 0x9a, 0xff, 0xfe, 0xe4, 0x9b, 0xff, 0xf9, 0xda, 0x91, 0xff,
  0xef, 0xc6, 0x7e, 0xff, 0xed, 0xc0, 0x7a, 0xff, 0xea, 0xbc, 0x75, 0xff,
  0xed, 0xc3, 0x7c, 0xff, 0xf8, 0xdb, 0x96, 0xff, 0xfd, 0xe7, 0xa3, 0xff,
  0xfd, 0xe7, 0xa3, 0xff, 0xfd, 0xe7, 0xa4, 0xff, 0xfd, 0xe7, 0xa5, 0xff,
  0xfd, 0xe7, 0xa5, 0xff, 0xfd, 0xe7, 0xa5, 0xff, 0xfd, 0xe7, 0xa4, 0xff,
  0xfd, 0xe6, 0xa1, 0xff, 0xfd, 0xe5, 0x9e, 0xff, 0xfd, 0xe3, 0x99, 0xff,
  0xfd, 0xe2, 0x98, 0xff, 0xfd, 0xe2, 0x98, 0xff, 0xfd, 0xe2, 0x98, 0xff,
  0xfd, 0xe2, 0x98, 0xff, 0xfd, 0xe2, 0x98, 0xff, 0xfc, 0xdd, 0x92, 0xff,
  0xf9, 0xd2, 0x83, 0xff, 0xe1, 0xb8, 0x72, 0xff, 0xc5, 0x9f, 0x69, 0xff,
  0x9f, 0x6f, 0x4b, 0xff, 0x86, 0x50, 0x37, 0xff, 0x82, 0x4e, 0x36, 0xff,
  0x73, 0x45, 0x2f, 0xff, 0x63, 0x3a, 0x27, 0xff, 0x61, 0x39, 0x26, 0xff,
  0x60, 0x38, 0x26, 0xff, 0x28, 0x17, 0x10, 0xff, 0x16, 0x0d, 0x09, 0xff,
  0x27, 0x17, 0x0f, 0xff, 0x16, 0x0d, 0x09, 0xff, 0x23, 0x16, 0x0f, 0xff,
  0x4d, 0x2f, 0x21, 0xff, 0x4e, 0x30, 0x21, 0xff, 0x3a, 0x24, 0x1a, 0xff,
  0x20, 0x1b, 0x14, 0xff, 0x0c, 0x0a, 0x06, 0xff, 0x0e, 0x17, 0x1d, 0xff,
  0x52, 0x89, 0xaa, 0xff, 0x76, 0xc4, 0xf4, 0xff, 0x72, 0xbf, 0xee, 0xff,
  0x6a, 0xb4, 0xe2, 0xff, 0x67, 0xaf, 0xd9, 0xff, 0x7f, 0xc7, 0xe8, 0xff,
  0x96, 0xe1, 0xfa, 0xff, 0x9f, 0xe8, 0xfc, 0xff, 0xa4, 0xec, 0xfc, 0xff,
  0xa4, 0xec, 0xfb, 0xff, 0x9c, 0xe5, 0xf7, 0xff, 0x91, 0xdb, 0xf1, 0xff,
  0x90, 0xd8, 0xef, 0xff, 0xa1, 0xe1, 0xf4, 0xff, 0xb4, 0xed, 0xfa, 0xff,
  0xb9, 0xf0, 0xfc, 0xff, 0xb8, 0xf0, 0xfc, 0xff, 0xb8, 0xf0, 0xfc, 0xff,
  0xb8, 0xf0, 0xfc, 0xff, 0xb7, 0xf0, 0xfc, 0xff, 0xcf, 0xf6, 0xfc, 0xff,
  0xf1, 0xff, 0xff, 0xff, 0xc2, 0xce, 0xce, 0xff, 0x0e, 0x0f, 0x0f, 0xff,
  0x70, 0x70, 0x70, 0xff, 0xff, 0xff, 0xff, 0xff, 0xff, 0xff, 0xff, 0xff,
  0xff, 0xff, 0xff, 0xff, 0xff, 0xff, 0xff, 0xff, 0xff, 0xff, 0xff, 0xff,
  0xff, 0xff, 0xff, 0xff, 0xff, 0xff, 0xff, 0xff, 0xff, 0xff, 0xff, 0xff,
  0xff, 0xff, 0xff, 0xff, 0xff, 0xff, 0xff, 0xff, 0xff, 0xff, 0xff, 0xff,
  0xff, 0xff, 0xff, 0xff, 0xff, 0xff, 0xff, 0xff, 0xff, 0xff, 0xff, 0xff,
  0xff, 0xff, 0xff, 0xff, 0xff, 0xff, 0xff, 0xff, 0xff, 0xff, 0xff, 0xff,
  0xff, 0xff, 0xff, 0xff, 0xff, 0xff, 0xff, 0xff, 0xff, 0xff, 0xff, 0xff,
  0xf1, 0xf1, 0xf1, 0xff, 0x3a, 0x3a, 0x3a, 0xff, 0x0d, 0x0e, 0x0e, 0xff,
  0x48, 0x4e, 0x4e, 0xff, 0x37, 0x3e, 0x44, 0xff, 0x44, 0x4f, 0x5a, 0xff,
  0x50, 0x5c, 0x69, 0xff, 0x59, 0x66, 0x74, 0xff, 0x65, 0x75, 0x84, 0xff,
  0x6e, 0x7e, 0x8e, 0xff, 0x6e, 0x7e, 0x8f, 0xff, 0x70, 0x81, 0x92, 0xff,
  0x74, 0x86, 0x98, 0xff, 0x76, 0x88, 0x9b, 0xff, 0x75, 0x88, 0x9b, 0xff,
  0x79, 0x8c, 0xa1, 0xff, 0x79, 0x8e, 0xa3, 0xff, 0x79, 0x8e, 0xa4, 0xff,
  0x7a, 0x8f, 0xa5, 0xff, 0x7b, 0x8f, 0xa5, 0xff, 0x79, 0x8e, 0xa4, 0xff,
  0x79, 0x8e, 0xa4, 0xff, 0x77, 0x8c, 0xa3, 0xff, 0x76, 0x8b, 0xa3, 0xff,
  0x76, 0x8b, 0xa2, 0xff, 0x76, 0x8c, 0xa3, 0xff, 0x7a, 0x90, 0xa7, 0xff,
  0x7b, 0x90, 0xa7, 0xff, 0x7b, 0x91, 0xa8, 0xff, 0x7b, 0x91, 0xa7, 0xff,
  0x7a, 0x8f, 0xa6, 0xff, 0x78, 0x8d, 0xa3, 0xff, 0x76, 0x8b, 0xa1, 0xff,
  0x76, 0x8a, 0xa0, 0xff, 0x73, 0x88, 0x9c, 0xff, 0x6c, 0x80, 0x93, 0xff,
  0x4f, 0x5e, 0x6d, 0xff, 0x18, 0x1b, 0x1b, 0xff, 0xa0, 0x91, 0x66, 0xff,
  0xff, 0xe6, 0x9e, 0xff, 0xfd, 0xe2, 0x98, 0xff, 0xfb, 0xde, 0x95, 0xff,
  0xf7, 0xd6, 0x8d, 0xff, 0xf5, 0xd5, 0x8f, 0xff, 0xfa, 0xe1, 0x9d, 0xff,
  0xfd, 0xe7, 0xa3, 0xff, 0xfd, 0xe7, 0xa3, 0xff, 0xfd, 0xe7, 0xa3, 0xff,
  0xfd, 0xe7, 0xa3, 0xff, 0xfd, 0xe7, 0xa3, 0xff, 0xfd, 0xe6, 0xa2, 0xff,
  0xfd, 0xe6, 0xa0, 0xff, 0xfd, 0xe4, 0x9d, 0xff, 0xfd, 0xe3, 0x99, 0xff,
  0xfd, 0xe2, 0x98, 0xff, 0xfd, 0xe1, 0x97, 0xff, 0xfd, 0xe2, 0x98, 0xff,
  0xfd, 0xe2, 0x98, 0xff, 0xfd, 0xe2, 0x98, 0xff, 0xfd, 0xe2, 0x98, 0xff,
  0xfd, 0xe2, 0x98, 0xff, 0xfa, 0xd7, 0x8a, 0xff, 0xf4, 0xcb, 0x7e, 0xff,
  0xaa, 0x7f, 0x50, 0xff, 0x89, 0x5a, 0x3d, 0xff, 0x80, 0x4e, 0x35, 0xff,
  0x72, 0x44, 0x2e, 0xff, 0x66, 0x3c, 0x29, 0xff, 0x5b, 0x35, 0x24, 0xff,
  0x4f, 0x2e, 0x1f, 0xff, 0x4d, 0x2d, 0x1f, 0xff, 0x46, 0x29, 0x1c, 0xff,
  0x16, 0x0d, 0x09, 0xff, 0x32, 0x1e, 0x15, 0xff, 0x2b, 0x1a, 0x13, 0xff,
  0x28, 0x18, 0x11, 0xff, 0x46, 0x2b, 0x1e, 0xff, 0x4d, 0x2f, 0x21, 0xff,
  0x4f, 0x30, 0x22, 0xff, 0x2d, 0x1c, 0x13, 0xff, 0x13, 0x10, 0x0c, 0xff,
  0x28, 0x22, 0x19, 0xff, 0x11, 0x0e, 0x09, 0xff, 0x0d, 0x15, 0x1a, 0xff,
  0x50, 0x86, 0xa6, 0xff, 0x76, 0xc4, 0xf4, 0xff, 0x75, 0xc4, 0xf3, 0xff,
  0x70, 0xbd, 0xeb, 0xff, 0x63, 0xac, 0xd8, 0xff, 0x72, 0xb9, 0xde, 0xff,
  0x90, 0xda, 0xf6, 0xff, 0x99, 0xe4, 0xfc, 0xff, 0xa0, 0xe9, 0xfc, 0xff,
  0xa8, 0xef, 0xfc, 0xff, 0xa8, 0xef, 0xfc, 0xff, 0xa4, 0xec, 0xfa, 0xff,
  0x99, 0xe2, 0xf5, 0xff, 0x99, 0xde, 0xf3, 0xff, 0xaa, 0xe7, 0xf7, 0xff,
  0xb5, 0xee, 0xfb, 0xff, 0xb8, 0xf0, 0xfc, 0xff, 0xb8, 0xf0, 0xfc, 0xff,
  0xb8, 0xf0, 0xfc, 0xff, 0xd6, 0xf7, 0xfd, 0xff, 0xf3, 0xff, 0xff, 0xff,
  0x94, 0x9e, 0x9e, 0xff, 0x03, 0x04, 0x04, 0xff, 0x9a, 0x9a, 0x9a, 0xff,
  0xff, 0xff, 0xff, 0xff, 0xff, 0xff, 0xff, 0xff, 0xff, 0xff, 0xff, 0xff,
  0xff, 0xff, 0xff, 0xff, 0xff, 0xff, 0xff, 0xff, 0xff, 0xff, 0xff, 0xff,
  0xff, 0xff, 0xff, 0xff, 0xff, 0xff, 0xff, 0xff, 0xff, 0xff, 0xff, 0xff,
  0xff, 0xff, 0xff, 0xff, 0xff, 0xff, 0xff, 0xff, 0xff, 0xff, 0xff, 0xff,
  0xff, 0xff, 0xff, 0xff, 0xff, 0xff, 0xff, 0xff, 0xff, 0xff, 0xff, 0xff,
  0xff, 0xff, 0xff, 0xff, 0xff, 0xff, 0xff, 0xff, 0xff, 0xff, 0xff, 0xff,
  0xff, 0xff, 0xff, 0xff, 0xff, 0xff, 0xff, 0xff, 0xfa, 0xfa, 0xfa, 0xff,
  0x54, 0x54, 0x54, 0xff, 0x00, 0x00, 0x00, 0xff, 0x2b, 0x34, 0x3f, 0xff,
  0x72, 0x87, 0x9f, 0xff, 0x7a, 0x91, 0xab, 0xff, 0x77, 0x8e, 0xa8, 0xff,
  0x71, 0x88, 0xa2, 0xff, 0x6e, 0x85, 0x9e, 0xff, 0x6e, 0x84, 0x9e, 0xff,
  0x6b, 0x82, 0x9b, 0xff, 0x69, 0x80, 0x99, 0xff, 0x67, 0x7e, 0x97, 0xff,
  0x66, 0x7c, 0x96, 0xff, 0x64, 0x7a, 0x94, 0xff, 0x63, 0x79, 0x93, 0xff,
  0x62, 0x78, 0x92, 0xff, 0x62, 0x79, 0x93, 0xff, 0x67, 0x7d, 0x96, 0xff,
  0x68, 0x7e, 0x98, 0xff, 0x64, 0x7a, 0x95, 0xff, 0x62, 0x78, 0x93, 0xff,
  0x62, 0x77, 0x92, 0xff, 0x62, 0x77, 0x91, 0xff, 0x62, 0x77, 0x92, 0xff,
  0x62, 0x78, 0x93, 0xff, 0x64, 0x79, 0x94, 0xff, 0x64, 0x7a, 0x95, 0xff,
  0x65, 0x7b, 0x96, 0xff, 0x66, 0x7c, 0x97, 0xff, 0x66, 0x7c, 0x97, 0xff,
  0x65, 0x7c, 0x96, 0xff, 0x66, 0x7c, 0x97, 0xff, 0x6d, 0x84, 0x9e, 0xff,
  0x77, 0x8f, 0xa9, 0xff, 0x71, 0x87, 0x9d, 0xff, 0x3b, 0x4a, 0x5a, 0xff,
  0x1e, 0x2a, 0x39, 0xff, 0x36, 0x32, 0x25, 0xff, 0xe8, 0xd0, 0x8d, 0xff,
  0xfe, 0xe3, 0x99, 0xff, 0xfd, 0xe2, 0x98, 0xff, 0xfd, 0xe3, 0x99, 0xff,
  0xfd, 0xe4, 0x9b, 0xff, 0xfd, 0xe5, 0x9e, 0xff, 0xfd, 0xe6, 0xa0, 0xff,
  0xfd, 0xe6, 0xa0, 0xff, 0xfd, 0xe5, 0x9f, 0xff, 0xfd, 0xe5, 0x9e, 0xff,
  0xfd, 0xe4, 0x9c, 0xff, 0xfd, 0xe3, 0x9a, 0xff, 0xfd, 0xe2, 0x98, 0xff,
  0xfd, 0xe2, 0x98, 0xff, 0xfd, 0xe2, 0x98, 0xff, 0xfd, 0xe2, 0x98, 0xff,
  0xfa, 0xd9, 0x8b, 0xff, 0xfc, 0xdf, 0x93, 0xff, 0xfd, 0xe2, 0x98, 0xff,
  0xfd, 0xe2, 0x98, 0xff, 0xfd, 0xe2, 0x99, 0xff, 0xfb, 0xdc, 0x8f, 0xff,
  0xf8, 0xcf, 0x7e, 0xff, 0xc0, 0x95, 0x5d, 0xff, 0x73, 0x46, 0x2e, 0xff,
  0x69, 0x3e, 0x2a, 0xff, 0x5d, 0x37, 0x25, 0xff, 0x4a, 0x2b, 0x1d, 0xff,
  0x30, 0x1c, 0x13, 0xff, 0x1b, 0x0f, 0x0a, 0xff, 0x17, 0x0d, 0x09, 0xff,
  0x15, 0x0c, 0x09, 0xff, 0x15, 0x0c, 0x09, 0xff, 0x24, 0x14, 0x0e, 0xff,
  0x39, 0x21, 0x17, 0xff, 0x3e, 0x25, 0x1a, 0xff, 0x4d, 0x2f, 0x21, 0xff,
  0x4e, 0x30, 0x21, 0xff, 0x5b, 0x39, 0x25, 0xff, 0x66, 0x42, 0x28, 0xff,
  0x1f, 0x14, 0x0d, 0xff, 0x07, 0x06, 0x05, 0xff, 0x20, 0x1b, 0x14, 0xff,
  0x2c, 0x25, 0x1c, 0xff, 0x15, 0x11, 0x0b, 0xff, 0x0c, 0x13, 0x18, 0xff,
  0x4e, 0x83, 0xa3, 0xff, 0x76, 0xc4, 0xf3, 0xff, 0x75, 0xc4, 0xf3, 0xff,
  0x71, 0xbe, 0xed, 0xff, 0x61, 0xab, 0xd8, 0xff, 0x6a, 0xb1, 0xd9, 0xff,
  0x8b, 0xd5, 0xf2, 0xff, 0x99, 0xe3, 0xfb, 0xff, 0xa6, 0xee, 0xfc, 0xff,
  0xa9, 0xef, 0xfc, 0xff, 0xa8, 0xef, 0xfc, 0xff, 0xa9, 0xf0, 0xfc, 0xff,
  0xa6, 0xed, 0xfb, 0xff, 0xa1, 0xe8, 0xf8, 0xff, 0xa1, 0xe5, 0xf6, 0xff,
  0xa8, 0xe9, 0xf8, 0xff, 0xb5, 0xef, 0xfb, 0xff, 0xc6, 0xf3, 0xfc, 0xff,
  0xeb, 0xff, 0xff, 0xff, 0xd5, 0xe2, 0xe2, 0xff, 0x33, 0x36, 0x36, 0xff,
  0x1d, 0x1d, 0x1d, 0xff, 0xd8, 0xd8, 0xd8, 0xff, 0xff, 0xff, 0xff, 0xff,
  0xff, 0xff, 0xff, 0xff, 0xff, 0xff, 0xff, 0xff, 0xff, 0xff, 0xff, 0xff,
  0xff, 0xff, 0xff, 0xff, 0xff, 0xff, 0xff, 0xff, 0xff, 0xff, 0xff, 0xff,
  0xff, 0xff, 0xff, 0xff, 0xff, 0xff, 0xff, 0xff, 0xff, 0xff, 0xff, 0xff,
  0xff, 0xff, 0xff, 0xff, 0xff, 0xff, 0xff, 0xff, 0xff, 0xff, 0xff, 0xff,
  0xff, 0xff, 0xff, 0xff, 0xff, 0xff, 0xff, 0xff, 0xff, 0xff, 0xff, 0xff,
  0xff, 0xff, 0xff, 0xff, 0xff, 0xff, 0xff, 0xff, 0xff, 0xff, 0xff, 0xff,
  0xff, 0xff, 0xff, 0xff, 0xff, 0xff, 0xff, 0xff, 0x93, 0x93, 0x93, 0xff,
  0x00, 0x00, 0x00, 0xff, 0x35, 0x41, 0x50, 0xff, 0x62, 0x78, 0x93, 0xff,
  0x59, 0x6e, 0x86, 0xff, 0x50, 0x64, 0x7b, 0xff, 0x4f, 0x62, 0x79, 0xff,
  0x4d, 0x61, 0x78, 0xff, 0x4c, 0x60, 0x76, 0xff, 0x4c, 0x5f, 0x75, 0xff,
  0x4b, 0x5e, 0x74, 0xff, 0x4a, 0x5d, 0x74, 0xff, 0x4a, 0x5d, 0x73, 0xff,
  0x4a, 0x5d, 0x73, 0xff, 0x49, 0x5c, 0x72, 0xff, 0x49, 0x5c, 0x72, 0xff,
  0x47, 0x5a, 0x6f, 0xff, 0x46, 0x58, 0x6e, 0xff, 0x48, 0x5a, 0x70, 0xff,
  0x49, 0x5b, 0x72, 0xff, 0x48, 0x5a, 0x70, 0xff, 0x47, 0x59, 0x6f, 0xff,
  0x47, 0x59, 0x6f, 0xff, 0x47, 0x59, 0x6f, 0xff, 0x47, 0x5a, 0x70, 0xff,
  0x48, 0x5a, 0x71, 0xff, 0x48, 0x5b, 0x71, 0xff, 0x48, 0x5b, 0x71, 0xff,
  0x48, 0x5b, 0x71, 0xff, 0x48, 0x5b, 0x71, 0xff, 0x47, 0x5a, 0x70, 0xff,
  0x47, 0x5a, 0x70, 0xff, 0x48, 0x5c, 0x72, 0xff, 0x4f, 0x63, 0x7b, 0xff,
  0x48, 0x5b, 0x71, 0xff, 0x2d, 0x3b, 0x4d, 0xff, 0x37, 0x48, 0x5f, 0xff,
  0x13, 0x16, 0x1a, 0xff, 0xad, 0x9a, 0x67, 0xff, 0xff, 0xe5, 0x9a, 0xff,
  0xfd, 0xe2, 0x98, 0xff, 0xfd, 0xe2, 0x98, 0xff, 0xfd, 0xe2, 0x98, 0xff,
  0xfd, 0xe2, 0x98, 0xff, 0xfd, 0xe2, 0x98, 0xff, 0xfd, 0xe2, 0x98, 0xff,
  0xfd, 0xe2, 0x98, 0xff, 0xfd, 0xe2, 0x98, 0xff, 0xfd, 0xe2, 0x98, 0xff,
  0xfd, 0xe2, 0x98, 0xff, 0xfd, 0xe2, 0x98, 0xff, 0xfd, 0xe2, 0x98, 0xff,
  0xfd, 0xe2, 0x98, 0xff, 0xfc, 0xde, 0x92, 0xff, 0xf7, 0xce, 0x7d, 0xff,
  0xfc, 0xdd, 0x92, 0xff, 0xfd, 0xe3, 0x99, 0xff, 0xfd, 0xe1, 0x97, 0xff,
  0xfb, 0xdb, 0x8f, 0xff, 0xf9, 0xcf, 0x7d, 0xff, 0xd2, 0xa6, 0x63, 0xff,
  0x74, 0x4c, 0x31, 0xff, 0x4b, 0x2b, 0x1d, 0xff, 0x2f, 0x1b, 0x13, 0xff,
  0x1a, 0x0f, 0x0b, 0xff, 0x14, 0x0c, 0x08, 0xff, 0x1f, 0x13, 0x0d, 0xff,
  0x47, 0x2a, 0x1c, 0xff, 0x5d, 0x36, 0x25, 0xff, 0x53, 0x31, 0x22, 0xff,
  0x45, 0x29, 0x1d, 0xff, 0x49, 0x2a, 0x1e, 0xff, 0x49, 0x2a, 0x1e, 0xff,
  0x27, 0x17, 0x10, 0xff, 0x2b, 0x1a, 0x12, 0xff, 0x5d, 0x3b, 0x25, 0xff,
  0x78, 0x4e, 0x2e, 0xff, 0x5a, 0x3b, 0x22, 0xff, 0x12, 0x0e, 0x09, 0xff,
  0x10, 0x0e, 0x0a, 0xff, 0x13, 0x0f, 0x0b, 0xff, 0x21, 0x1b, 0x15, 0xff,
  0x48, 0x40, 0x23, 0xff, 0x53, 0x4b, 0x1a, 0xff, 0x0b, 0x12, 0x16, 0xff,
  0x4e, 0x81, 0xa0, 0xff, 0x7c, 0xc7, 0xf4, 0xff, 0x74, 0xc3, 0xf1, 0xff,
  0x67, 0xb9, 0xe9, 0xff, 0x5d, 0xaa, 0xd9, 0xff, 0x62, 0xae, 0xdb, 0xff,
  0x73, 0xc3, 0xea, 0xff, 0x8a, 0xd7, 0xf5, 0xff, 0xa0, 0xe9, 0xfb, 0xff,
  0xa7, 0xef, 0xfc, 0xff, 0xa8, 0xef, 0xfc, 0xff, 0xa7, 0xef, 0xfc, 0xff,
  0xa7, 0xef, 0xfc, 0xff, 0xa9, 0xef, 0xfc, 0xff, 0xb6, 0xf1, 0xfb, 0xff,
  0xd2, 0xf7, 0xfc, 0xff, 0xe4, 0xfe, 0xff, 0xff, 0xca, 0xda, 0xda, 0xff,
  0x4a, 0x4e, 0x4e, 0xff, 0x04, 0x04, 0x04, 0xff, 0x8b, 0x8b, 0x8b, 0xff,
  0xff, 0xff, 0xff, 0xff, 0xff, 0xff, 0xff, 0xff, 0xff, 0xff, 0xff, 0xff,
  0xff, 0xff, 0xff, 0xff, 0xff, 0xff, 0xff, 0xff, 0xff, 0xff, 0xff, 0xff,
  0xff, 0xff, 0xff, 0xff, 0xff, 0xff, 0xff, 0xff, 0xff, 0xff, 0xff, 0xff,
  0xff, 0xff, 0xff, 0xff, 0xff, 0xff, 0xff, 0xff, 0xff, 0xff, 0xff, 0xff,
  0xff, 0xff, 0xff, 0xff, 0xff, 0xff, 0xff, 0xff, 0xff, 0xff, 0xff, 0xff,
  0xff, 0xff, 0xff, 0xff, 0xff, 0xff, 0xff, 0xff, 0xff, 0xff, 0xff, 0xff,
  0xff, 0xff, 0xff, 0xff, 0xff, 0xff, 0xff, 0xff, 0xff, 0xff, 0xff, 0xff,
  0xff, 0xff, 0xff, 0xff, 0xe2, 0xe2, 0xe2, 0xff, 0x2c, 0x2c, 0x2b, 0xff,
  0x16, 0x1c, 0x22, 0xff, 0x56, 0x6a, 0x82, 0xff, 0x48, 0x5b, 0x71, 0xff,
  0x43, 0x55, 0x6a, 0xff, 0x44, 0x55, 0x6a, 0xff, 0x44, 0x56, 0x6a, 0xff,
  0x44, 0x56, 0x6a, 0xff, 0x44, 0x56, 0x6a, 0xff, 0x44, 0x56, 0x6a, 0xff,
  0x44, 0x56, 0x6a, 0xff, 0x44, 0x56, 0x6b, 0xff, 0x44, 0x56, 0x6b, 0xff,
  0x44, 0x56, 0x6b, 0xff, 0x44, 0x56, 0x6b, 0xff, 0x44, 0x56, 0x6b, 0xff,
  0x44, 0x56, 0x6b, 0xff, 0x44, 0x56, 0x6b, 0xff, 0x44, 0x56, 0x6b, 0xff,
  0x44, 0x56, 0x6b, 0xff, 0x44, 0x56, 0x6b, 0xff, 0x44, 0x56, 0x6b, 0xff,
  0x44, 0x56, 0x6b, 0xff, 0x44, 0x56, 0x6b, 0xff, 0x44, 0x56, 0x6b, 0xff,
  0x44, 0x56, 0x6b, 0xff, 0x44, 0x56, 0x6b, 0xff, 0x44, 0x56, 0x6b, 0xff,
  0x44, 0x56, 0x6b, 0xff, 0x44, 0x56, 0x6b, 0xff, 0x44, 0x56, 0x6b, 0xff,
  0x44, 0x56, 0x6a, 0xff, 0x44, 0x56, 0x6c, 0xff, 0x50, 0x65, 0x7d, 0xff,
  0x37, 0x48, 0x5b, 0xff, 0x39, 0x4b, 0x62, 0xff, 0x1b, 0x26, 0x33, 0xff,
  0x61, 0x56, 0x3a, 0xff, 0xfb, 0xe0, 0x97, 0xff, 0xfd, 0xe2, 0x98, 0xff,
  0xfd, 0xe2, 0x98, 0xff, 0xfd, 0xe2, 0x98, 0xff, 0xfd, 0xe2, 0x98, 0xff,
  0xfd, 0xe2, 0x98, 0xff, 0xfd, 0xe2, 0x98, 0xff, 0xfd, 0xe2, 0x98, 0xff,
  0xfd, 0xe2, 0x98, 0xff, 0xfd, 0xe2, 0x98, 0xff, 0xfd, 0xe2, 0x98, 0xff,
  0xfd, 0xe2, 0x98, 0xff, 0xfd, 0xe2, 0x98, 0xff, 0xfd, 0xe2, 0x98, 0xff,
  0xf8, 0xd3, 0x84, 0xff, 0xf7, 0xce, 0x7d, 0xff, 0xfc, 0xe0, 0x95, 0xff,
  0xfb, 0xdc, 0x90, 0xff, 0xf9, 0xd3, 0x83, 0xff, 0xf5, 0xca, 0x78, 0xff,
  0xb9, 0x92, 0x57, 0xff, 0x51, 0x36, 0x23, 0xff, 0x28, 0x17, 0x10, 0xff,
  0x3a, 0x24, 0x19, 0xff, 0x52, 0x33, 0x24, 0xff, 0x6d, 0x44, 0x2f, 0xff,
  0x85, 0x52, 0x39, 0xff, 0x8f, 0x58, 0x3d, 0xff, 0x90, 0x57, 0x3c, 0xff,
  0x8e, 0x56, 0x3b, 0xff, 0x8b, 0x54, 0x3a, 0xff, 0x7c, 0x4b, 0x34, 0xff,
  0x7a, 0x49, 0x33, 0xff, 0x81, 0x4e, 0x36, 0xff, 0x69, 0x3f, 0x2c, 0xff,
  0x35, 0x20, 0x16, 0xff, 0x3c, 0x27, 0x17, 0xff, 0x6c, 0x47, 0x29, 0xff,
  0x26, 0x1a, 0x0f, 0xff, 0x0f, 0x0d, 0x09, 0xff, 0x11, 0x0e, 0x0a, 0xff,
  0x11, 0x0e, 0x0a, 0xff, 0x11, 0x0e, 0x0b, 0xff, 0x44, 0x3d, 0x1e, 0xff,
  0xd5, 0xc4, 0x48, 0xff, 0x61, 0x59, 0x1f, 0xff, 0x0d, 0x13, 0x15, 0xff,
  0x7c, 0x9b, 0xa6, 0xff, 0xaf, 0xe4, 0xf8, 0xff, 0x8f, 0xd3, 0xf4, 0xff,
  0x7b, 0xc5, 0xec, 0xff, 0x66, 0xb2, 0xdf, 0xff, 0x63, 0xae, 0xdc, 0xff,
  0x68, 0xb4, 0xe0, 0xff, 0x79, 0xc6, 0xeb, 0xff, 0x8f, 0xda, 0xf6, 0xff,
  0x9e, 0xe4, 0xf9, 0xff, 0xb3, 0xf1, 0xfc, 0xff, 0xc1, 0xf5, 0xfd, 0xff,
  0xd3, 0xfa, 0xff, 0xff, 0xe2, 0xfe, 0xff, 0xff, 0xd8, 0xef, 0xf0, 0xff,
  0x96, 0xa6, 0xa7, 0xff, 0x28, 0x2c, 0x2c, 0xff, 0x04, 0x04, 0x04, 0xff,
  0x78, 0x78, 0x78, 0xff, 0xf6, 0xf6, 0xf6, 0xff, 0xff, 0xff, 0xff, 0xff,
  0xff, 0xff, 0xff, 0xff, 0xff, 0xff, 0xff, 0xff, 0xff, 0xff, 0xff, 0xff,
  0xff, 0xff, 0xff, 0xff, 0xff, 0xff, 0xff, 0xff, 0xff, 0xff, 0xff, 0xff,
  0xff, 0xff, 0xff, 0xff, 0xff, 0xff, 0xff, 0xff, 0xff, 0xff, 0xff, 0xff,
  0xff, 0xff, 0xff, 0xff, 0xff, 0xff, 0xff, 0xff, 0xff, 0xff, 0xff, 0xff,
  0xff, 0xff, 0xff, 0xff, 0xff, 0xff, 0xff, 0xff, 0xff, 0xff, 0xff, 0xff,
  0xff, 0xff, 0xff, 0xff, 0xff, 0xff, 0xff, 0xff, 0xff, 0xff, 0xff, 0xff,
  0xff, 0xff, 0xff, 0xff, 0xff, 0xff, 0xff, 0xff, 0xff, 0xff, 0xff, 0xff,
  0xff, 0xff, 0xff, 0xff, 0x88, 0x88, 0x88, 0xff, 0x04, 0x05, 0x06, 0xff,
  0x38, 0x46, 0x56, 0xff, 0x45, 0x57, 0x6d, 0xff, 0x44, 0x56, 0x6b, 0xff,
  0x44, 0x56, 0x6b, 0xff, 0x44, 0x56, 0x6b, 0xff, 0x44, 0x56, 0x6b, 0xff,
  0x44, 0x56, 0x6b, 0xff, 0x44, 0x56, 0x6b, 0xff, 0x44, 0x56, 0x6b, 0xff,
  0x44, 0x56, 0x6b, 0xff, 0x44, 0x56, 0x6b, 0xff, 0x44, 0x56, 0x6b, 0xff,
  0x44, 0x56, 0x6b, 0xff, 0x44, 0x56, 0x6b, 0xff, 0x44, 0x56, 0x6b, 0xff,
  0x44, 0x56, 0x6b, 0xff, 0x44, 0x56, 0x6b, 0xff, 0x43, 0x56, 0x6c, 0xff,
  0x40, 0x54, 0x6d, 0xff, 0x3f, 0x54, 0x6e, 0xff, 0x41, 0x55, 0x6d, 0xff,
  0x42, 0x56, 0x6d, 0xff, 0x43, 0x56, 0x6b, 0xff, 0x44, 0x56, 0x6b, 0xff,
  0x44, 0x56, 0x6b, 0xff, 0x44, 0x56, 0x6b, 0xff, 0x44, 0x56, 0x6b, 0xff,
  0x44, 0x56, 0x6b, 0xff, 0x44, 0x56, 0x6b, 0xff, 0x44, 0x56, 0x6b, 0xff,
  0x44, 0x56, 0x6b, 0xff, 0x4d, 0x61, 0x79, 0xff, 0x47, 0x5b, 0x72, 0xff,
  0x34, 0x45, 0x59, 0xff, 0x31, 0x42, 0x58, 0xff, 0x28, 0x26, 0x1f, 0xff,
  0xdb, 0xc4, 0x83, 0xff, 0xff, 0xe4, 0x99, 0xff, 0xfd, 0xe2, 0x98, 0xff,
  0xfd, 0xe2, 0x98, 0xff, 0xfd, 0xe2, 0x98, 0xff, 0xfd, 0xe2, 0x98, 0xff,
  0xfd, 0xe2, 0x98, 0xff, 0xfd, 0xe2, 0x98, 0xff, 0xfd, 0xe2, 0x98, 0xff,
  0xfd, 0xe2, 0x98, 0xff, 0xfd, 0xe2, 0x98, 0xff, 0xfd, 0xe2, 0x98, 0xff,
  0xfd, 0xe2, 0x98, 0xff, 0xfa, 0xda, 0x8d, 0xff, 0xf5, 0xca, 0x78, 0xff,
  0xf7, 0xd0, 0x7f, 0xff, 0xf8, 0xd2, 0x83, 0xff, 0xf7, 0xcc, 0x79, 0xff,
  0xed, 0xc2, 0x72, 0xff, 0x88, 0x6e, 0x41, 0xff, 0x21, 0x17, 0x0e, 0xff,
  0x2a, 0x1b, 0x13, 0xff, 0x71, 0x49, 0x32, 0xff, 0xad, 0x6f, 0x4c, 0xff,
  0xaf, 0x6f, 0x4d, 0xff, 0xa0, 0x63, 0x45, 0xff, 0x96, 0x5c, 0x3f, 0xff,
  0x93, 0x5a, 0x3e, 0xff, 0x92, 0x59, 0x3d, 0xff, 0x92, 0x59, 0x3d, 0xff,
  0x92, 0x59, 0x3d, 0xff, 0x93, 0x5a, 0x3d, 0xff, 0x93, 0x5a, 0x3d, 0xff,
  0x8f, 0x57, 0x3c, 0xff, 0x79, 0x49, 0x33, 0xff, 0x4c, 0x2e, 0x20, 0xff,
  0x09, 0x06, 0x03, 0xff, 0x1b, 0x11, 0x0a, 0xff, 0x07, 0x05, 0x04, 0xff,
  0x11, 0x0e, 0x0a, 0xff, 0x11, 0x0e, 0x0a, 0xff, 0x11, 0x0e, 0x0a, 0xff,
  0x11, 0x0e, 0x0b, 0xff, 0x42, 0x3b, 0x1b, 0xff, 0xed, 0xda, 0x4f, 0xff,
  0xef, 0xdf, 0x54, 0xff, 0x63, 0x5f, 0x26, 0xff, 0x16, 0x19, 0x18, 0xff,
  0x6c, 0x7d, 0x7f, 0xff, 0x9a, 0xb3, 0xb6, 0xff, 0xaf, 0xd0, 0xd7, 0xff,
  0xb3, 0xda, 0xe4, 0xff, 0xbc, 0xe6, 0xf2, 0xff, 0xc2, 0xeb, 0xf6, 0xff,
  0xc5, 0xed, 0xf8, 0xff, 0xcd, 0xf2, 0xfb, 0xff, 0xd4, 0xf6, 0xfc, 0xff,
  0xdb, 0xf7, 0xf9, 0xff, 0xd1, 0xe8, 0xe9, 0xff, 0xb7, 0xca, 0xcb, 0xff,
  0x83, 0x92, 0x92, 0xff, 0x3b, 0x42, 0x42, 0xff, 0x05, 0x06, 0x06, 0xff,
  0x1b, 0x1b, 0x1b, 0xff, 0x91, 0x91, 0x91, 0xff, 0xf7, 0xf7, 0xf7, 0xff,
  0xff, 0xff, 0xff, 0xff, 0xff, 0xff, 0xff, 0xff, 0xff, 0xff, 0xff, 0xff,
  0xff, 0xff, 0xff, 0xff, 0xff, 0xff, 0xff, 0xff, 0xff, 0xff, 0xff, 0xff,
  0xff, 0xff, 0xff, 0xff, 0xff, 0xff, 0xff, 0xff, 0xff, 0xff, 0xff, 0xff,
  0xff, 0xff, 0xff, 0xff, 0xff, 0xff, 0xff, 0xff, 0xff, 0xff, 0xff, 0xff,
  0xff, 0xff, 0xff, 0xff, 0xff, 0xff, 0xff, 0xff, 0xff, 0xff, 0xff, 0xff,
  0xff, 0xff, 0xff, 0xff, 0xff, 0xff, 0xff, 0xff, 0xff, 0xff, 0xff, 0xff,
  0xff, 0xff, 0xff, 0xff, 0xff, 0xff, 0xff, 0xff, 0xff, 0xff, 0xff, 0xff,
  0xff, 0xff, 0xff, 0xff, 0xff, 0xff, 0xff, 0xff, 0xff, 0xff, 0xff, 0xff,
  0xd9, 0xd9, 0xd9, 0xff, 0x1f, 0x1e, 0x1e, 0xff, 0x14, 0x1a, 0x21, 0xff,
  0x42, 0x54, 0x68, 0xff, 0x44, 0x56, 0x6b, 0xff, 0x44, 0x56, 0x6b, 0xff,
  0x44, 0x56, 0x6b, 0xff, 0x43, 0x56, 0x6b, 0xff, 0x43, 0x56, 0x6c, 0xff,
  0x43, 0x56, 0x6c, 0xff, 0x43, 0x56, 0x6c, 0xff, 0x42, 0x55, 0x6c, 0xff,
  0x41, 0x55, 0x6d, 0xff, 0x41, 0x55, 0x6d, 0xff, 0x41, 0x55, 0x6d, 0xff,
  0x41, 0x55, 0x6d, 0xff, 0x41, 0x55, 0x6d, 0xff, 0x41, 0x55, 0x6d, 0xff,
  0x41, 0x55, 0x6d, 0xff, 0x43, 0x57, 0x6d, 0xff, 0x80, 0x85, 0x5e, 0xff,
  0x8c, 0x8d, 0x5b, 0xff, 0x4b, 0x5d, 0x6b, 0xff, 0x3f, 0x54, 0x6e, 0xff,
  0x41, 0x55, 0x6e, 0xff, 0x42, 0x55, 0x6d, 0xff, 0x42, 0x56, 0x6c, 0xff,
  0x41, 0x55, 0x6d, 0xff, 0x41, 0x55, 0x6d, 0xff, 0x41, 0x55, 0x6d, 0xff,
  0x41, 0x55, 0x6d, 0xff, 0x41, 0x55, 0x6d, 0xff, 0x43, 0x55, 0x6b, 0xff,
  0x48, 0x5b, 0x71, 0xff, 0x52, 0x68, 0x81, 0xff, 0x35, 0x45, 0x58, 0xff,
  0x3e, 0x53, 0x6d, 0xff, 0x19, 0x21, 0x2a, 0xff, 0x9c, 0x8b, 0x5d, 0xff,
  0xff, 0xe6, 0x9a, 0xff, 0xfd, 0xe2, 0x98, 0xff, 0xfd, 0xe2, 0x98, 0xff,
  0xfd, 0xe2, 0x98, 0xff, 0xfd, 0xe2, 0x98, 0xff, 0xfd, 0xe2, 0x98, 0xff,
  0xfd, 0xe2, 0x98, 0xff, 0xfd, 0xe2, 0x98, 0xff, 0xfd, 0xe2, 0x98, 0xff,
  0xfd, 0xe2, 0x98, 0xff, 0xfd, 0xe2, 0x97, 0xff, 0xfa, 0xd9, 0x8c, 0xff,
  0xf6, 0xcc, 0x7a, 0xff, 0xf5, 0xc9, 0x76, 0xff, 0xf5, 0xca, 0x77, 0xff,
  0xf8, 0xcb, 0x77, 0xff, 0xe0, 0xb8, 0x6c, 0xff, 0x62, 0x51, 0x2f, 0xff,
  0x1b, 0x12, 0x0c, 0xff, 0x70, 0x49, 0x32, 0xff, 0xae, 0x71, 0x4e, 0xff,
  0xb6, 0x75, 0x50, 0xff, 0xab, 0x6c, 0x4a, 0xff, 0xa2, 0x64, 0x44, 0xff,
  0x9b, 0x5e, 0x40, 0xff, 0x95, 0x5b, 0x3e, 0xff, 0x92, 0x59, 0x3d, 0xff,
  0x92, 0x59, 0x3d, 0xff, 0x92, 0x59, 0x3d, 0xff, 0x92, 0x59, 0x3d, 0xff,
  0x92, 0x59, 0x3d, 0xff, 0x92, 0x59, 0x3d, 0xff, 0x90, 0x58, 0x3c, 0xff,
  0x73, 0x45, 0x2f, 0xff, 0x5b, 0x38, 0x28, 0xff, 0x14, 0x0c, 0x09, 0xff,
  0x00, 0x00, 0x00, 0xff, 0x05, 0x04, 0x03, 0xff, 0x11, 0x0e, 0x0a, 0xff,
  0x11, 0x0e, 0x0a, 0xff, 0x13, 0x10, 0x0b, 0xff, 0x15, 0x11, 0x0d, 0xff,
  0x49, 0x42, 0x1d, 0xff, 0xf2, 0xde, 0x50, 0xff, 0xff, 0xef, 0x5c, 0xff,
  0xec, 0xe3, 0x5f, 0xff, 0x62, 0x5e, 0x27, 0xff, 0x01, 0x01, 0x00, 0xff,
  0x07, 0x08, 0x08, 0xff, 0x19, 0x1c, 0x1c, 0xff, 0x2a, 0x30, 0x31, 0xff,
  0x48, 0x53, 0x54, 0xff, 0x5c, 0x68, 0x69, 0xff, 0x69, 0x75, 0x75, 0xff,
  0x68, 0x73, 0x74, 0xff, 0x5c, 0x65, 0x66, 0xff, 0x49, 0x52, 0x52, 0xff,
  0x27, 0x2c, 0x2c, 0xff, 0x0d, 0x0f, 0x0f, 0xff, 0x03, 0x03, 0x03, 0xff,
  0x1e, 0x1e, 0x1e, 0xff, 0x6d, 0x6d, 0x6d, 0xff, 0xd0, 0xd0, 0xd0, 0xff,
  0xff, 0xff, 0xff, 0xff, 0xff, 0xff, 0xff, 0xff, 0xff, 0xff, 0xff, 0xff,
  0xff, 0xff, 0xff, 0xff, 0xff, 0xff, 0xff, 0xff, 0xff, 0xff, 0xff, 0xff,
  0xff, 0xff, 0xff, 0xff, 0xff, 0xff, 0xff, 0xff, 0xff, 0xff, 0xff, 0xff,
  0xff, 0xff, 0xff, 0xff, 0xff, 0xff, 0xff, 0xff, 0xff, 0xff, 0xff, 0xff,
  0xff, 0xff, 0xff, 0xff, 0xff, 0xff, 0xff, 0xff, 0xff, 0xff, 0xff, 0xff,
  0xff, 0xff, 0xff, 0xff, 0xff, 0xff, 0xff, 0xff, 0xff, 0xff, 0xff, 0xff,
  0xff, 0xff, 0xff, 0xff, 0xff, 0xff, 0xff, 0xff, 0xff, 0xff, 0xff, 0xff,
  0xff, 0xff, 0xff, 0xff, 0xff, 0xff, 0xff, 0xff, 0xff, 0xff, 0xff, 0xff,
  0xff, 0xff, 0xff, 0xff, 0xff, 0xff, 0xff, 0xff, 0xfd, 0xfd, 0xfd, 0xff,
  0x67, 0x66, 0x66, 0xff, 0x03, 0x04, 0x06, 0xff, 0x36, 0x46, 0x58, 0xff,
  0x42, 0x56, 0x6e, 0xff, 0x40, 0x55, 0x6d, 0xff, 0x3f, 0x54, 0x6d, 0xff,
  0x3f, 0x54, 0x6d, 0xff, 0x3f, 0x54, 0x6d, 0xff, 0x3f, 0x54, 0x6d, 0xff,
  0x3f, 0x54, 0x6d, 0xff, 0x3f, 0x54, 0x6d, 0xff, 0x3e, 0x54, 0x6d, 0xff,
  0x3d, 0x53, 0x6d, 0xff, 0x41, 0x56, 0x6c, 0xff, 0x48, 0x5b, 0x6c, 0xff,
  0x3f, 0x55, 0x6e, 0xff, 0x40, 0x55, 0x6e, 0xff, 0x3f, 0x54, 0x6e, 0xff,
  0x4f, 0x60, 0x6a, 0xff, 0xd8, 0xc7, 0x48, 0xff, 0xfc, 0xe2, 0x40, 0xff,
  0x86, 0x8a, 0x5d, 0xff, 0x3d, 0x53, 0x6f, 0xff, 0x41, 0x56, 0x6e, 0xff,
  0x3f, 0x54, 0x6e, 0xff, 0x3f, 0x54, 0x6e, 0xff, 0x40, 0x55, 0x6e, 0xff,
  0x40, 0x55, 0x6e, 0xff, 0x40, 0x55, 0x6e, 0xff, 0x40, 0x55, 0x6e, 0xff,
  0x40, 0x55, 0x6e, 0xff, 0x40, 0x55, 0x6e, 0xff, 0x42, 0x56, 0x6e, 0xff,
  0x50, 0x67, 0x81, 0xff, 0x49, 0x5d, 0x74, 0xff, 0x3f, 0x53, 0x6d, 0xff,
  0x28, 0x38, 0x4c, 0xff, 0x53, 0x4a, 0x32, 0xff, 0xf6, 0xdb, 0x92, 0xff,
  0xfc, 0xde, 0x92, 0xff, 0xfc, 0xe0, 0x95, 0xff, 0xfd, 0xe2, 0x99, 0xff,
  0xfd, 0xe2, 0x98, 0xff, 0xfd, 0xe2, 0x97, 0xff, 0xfd, 0xe0, 0x95, 0xff,
  0xfc, 0xdf, 0x94, 0xff, 0xfc, 0xdf, 0x94, 0xff, 0xfb, 0xdc, 0x90, 0xff,
  0xf8, 0xd3, 0x83, 0xff, 0xf5, 0xca, 0x78, 0xff, 0xf5, 0xc9, 0x76, 0xff,
  0xf5, 0xc9, 0x76, 0xff, 0xf8, 0xcc, 0x77, 0xff, 0xd1, 0xac, 0x65, 0xff,
  0x4d, 0x3e, 0x25, 0xff, 0x34, 0x1f, 0x15, 0xff, 0x82, 0x51, 0x37, 0xff,
  0xb1, 0x71, 0x4d, 0xff, 0xa9, 0x69, 0x48, 0xff, 0xa0, 0x62, 0x42, 0xff,
  0x9e, 0x60, 0x41, 0xff, 0x9e, 0x60, 0x41, 0xff, 0x9e, 0x60, 0x41, 0xff,
  0x9c, 0x5f, 0x40, 0xff, 0x93, 0x5a, 0x3d, 0xff, 0x92, 0x59, 0x3d, 0xff,
  0x92, 0x59, 0x3d, 0xff, 0x92, 0x59, 0x3d, 0xff, 0x92, 0x59, 0x3d, 0xff,
  0x92, 0x59, 0x3d, 0xff, 0x90, 0x58, 0x3c, 0xff, 0x70, 0x43, 0x2e, 0xff,
  0x6d, 0x42, 0x2e, 0xff, 0x42, 0x29, 0x1e, 0xff, 0x00, 0x00, 0x00, 0xff,
  0x04, 0x04, 0x03, 0xff, 0x10, 0x0d, 0x0a, 0xff, 0x12, 0x0e, 0x0a, 0xff,
  0x17, 0x13, 0x0d, 0xff, 0x16, 0x12, 0x0d, 0xff, 0x5b, 0x52, 0x22, 0xff,
  0xf6, 0xe3, 0x52, 0xff, 0xfd, 0xeb, 0x56, 0xff, 0xfd, 0xf2, 0x62, 0xff,
  0xeb, 0xe3, 0x5f, 0xff, 0x53, 0x4e, 0x24, 0xff, 0x00, 0x00, 0x00, 0xff,
  0x05, 0x05, 0x05, 0xff, 0x26, 0x26, 0x26, 0xff, 0x20, 0x1f, 0x1f, 0xff,
  0x17, 0x16, 0x16, 0xff, 0x11, 0x10, 0x10, 0xff, 0x10, 0x10, 0x10, 0xff,
  0x16, 0x16, 0x16, 0xff, 0x1e, 0x1e, 0x1e, 0xff, 0x3a, 0x3a, 0x3a, 0xff,
  0x67, 0x67, 0x67, 0xff, 0xa3, 0xa3, 0xa3, 0xff, 0xdc, 0xdc, 0xdc, 0xff,
  0xfe, 0xfe, 0xfe, 0xff, 0xff, 0xff, 0xff, 0xff, 0xff, 0xff, 0xff, 0xff,
  0xff, 0xff, 0xff, 0xff, 0xff, 0xff, 0xff, 0xff, 0xff, 0xff, 0xff, 0xff,
  0xff, 0xff, 0xff, 0xff, 0xff, 0xff, 0xff, 0xff, 0xff, 0xff, 0xff, 0xff,
  0xff, 0xff, 0xff, 0xff, 0xff, 0xff, 0xff, 0xff, 0xff, 0xff, 0xff, 0xff,
  0xff, 0xff, 0xff, 0xff, 0xff, 0xff, 0xff, 0xff, 0xff, 0xff, 0xff, 0xff,
  0xff, 0xff, 0xff, 0xff, 0xff, 0xff, 0xff, 0xff, 0xff, 0xff, 0xff, 0xff,
  0xff, 0xff, 0xff, 0xff, 0xff, 0xff, 0xff, 0xff, 0xff, 0xff, 0xff, 0xff,
  0xff, 0xff, 0xff, 0xff, 0xff, 0xff, 0xff, 0xff, 0xff, 0xff, 0xff, 0xff,
  0xff, 0xff, 0xff, 0xff, 0xff, 0xff, 0xff, 0xff, 0xff, 0xff, 0xff, 0xff,
  0xff, 0xff, 0xff, 0xff, 0xff, 0xff, 0xff, 0xff, 0xbd, 0xbd, 0xbd, 0xff,
  0x0d, 0x0d, 0x0d, 0xff, 0x21, 0x2c, 0x39, 0xff, 0x40, 0x56, 0x6f, 0xff,
  0x3e, 0x54, 0x6d, 0xff, 0x3e, 0x54, 0x6d, 0xff, 0x3e, 0x54, 0x6c, 0xff,
  0x3e, 0x53, 0x6c, 0xff, 0x3e, 0x54, 0x6c, 0xff, 0x3e, 0x54, 0x6d, 0xff,
  0x3e, 0x54, 0x6d, 0xff, 0x3d, 0x53, 0x6d, 0xff, 0x48, 0x5c, 0x6a, 0xff,
  0xa6, 0xa1, 0x54, 0xff, 0xc2, 0xb6, 0x4d, 0xff, 0x59, 0x68, 0x67, 0xff,
  0x3f, 0x54, 0x6e, 0xff, 0x3f, 0x54, 0x6e, 0xff, 0x56, 0x65, 0x68, 0xff,
  0xe2, 0xce, 0x46, 0xff, 0xff, 0xe5, 0x3f, 0xff, 0x97, 0x96, 0x59, 0xff,
  0x49, 0x5c, 0x6b, 0xff, 0xa9, 0xa1, 0x51, 0xff, 0x8f, 0x8f, 0x58, 0xff,
  0x4b, 0x5d, 0x6b, 0xff, 0x3e, 0x53, 0x6f, 0xff, 0x40, 0x55, 0x6e, 0xff,
  0x40, 0x55, 0x6e, 0xff, 0x40, 0x55, 0x6e, 0xff, 0x40, 0x55, 0x6e, 0xff,
  0x40, 0x55, 0x6e, 0xff, 0x40, 0x55, 0x6e, 0xff, 0x47, 0x5d, 0x77, 0xff,
  0x4b, 0x61, 0x7a, 0xff, 0x3a, 0x4c, 0x63, 0xff, 0x3a, 0x4f, 0x69, 0xff,
  0x24, 0x25, 0x21, 0xff, 0xcc, 0xaa, 0x66, 0xff, 0xf8, 0xcd, 0x7b, 0xff,
  0xfa, 0xd9, 0x8b, 0xff, 0xfc, 0xdc, 0x8f, 0xff, 0xfb, 0xd9, 0x8b, 0xff,
  0xfb, 0xd7, 0x88, 0xff, 0xfd, 0xd7, 0x86, 0xff, 0xfc, 0xd5, 0x84, 0xff,
  0xfa, 0xd4, 0x82, 0xff, 0xfa, 0xcf, 0x7b, 0xff, 0xf8, 0xcb, 0x77, 0xff,
  0xf6, 0xca, 0x76, 0xff, 0xf7, 0xcb, 0x77, 0xff, 0xf1, 0xc6, 0x74, 0xff,
  0xbf, 0x9d, 0x5c, 0xff, 0x3e, 0x32, 0x1d, 0xff, 0x52, 0x31, 0x22, 0xff,
  0x97, 0x5c, 0x3e, 0xff, 0xa0, 0x61, 0x42, 0xff, 0x9e, 0x60, 0x41, 0xff,
  0x9d, 0x5f, 0x41, 0xff, 0x9e, 0x60, 0x41, 0xff, 0x9e, 0x60, 0x41, 0xff,
  0x9e, 0x60, 0x41, 0xff, 0x9e, 0x60, 0x41, 0xff, 0x99, 0x5d, 0x3f, 0xff,
  0x92, 0x59, 0x3d, 0xff, 0x92, 0x59, 0x3d, 0xff, 0x92, 0x59, 0x3d, 0xff,
  0x8f, 0x57, 0x3c, 0xff, 0x8d, 0x56, 0x3b, 0xff, 0x8e, 0x57, 0x3c, 0xff,
  0x8a, 0x54, 0x3a, 0xff, 0x6d, 0x42, 0x2d, 0xff, 0x69, 0x40, 0x2c, 0xff,
  0x54, 0x34, 0x25, 0xff, 0x02, 0x01, 0x01, 0xff, 0x03, 0x02, 0x02, 0xff,
  0x0f, 0x0d, 0x09, 0xff, 0x13, 0x10, 0x0b, 0xff, 0x19, 0x15, 0x0e, 0xff,
  0x15, 0x12, 0x0d, 0xff, 0x78, 0x6d, 0x2a, 0xff, 0xfd, 0xe9, 0x53, 0xff,
  0xfd, 0xe9, 0x54, 0xff, 0xfd, 0xeb, 0x57, 0xff, 0xfe, 0xf3, 0x63, 0xff,
  0xa4, 0x99, 0x49, 0xff, 0x1c, 0x17, 0x11, 0xff, 0x01, 0x01, 0x01, 0xff,
  0x60, 0x60, 0x60, 0xff, 0xdb, 0xdb, 0xdb, 0xff, 0xd8, 0xd8, 0xd8, 0xff,
  0xcc, 0xcc, 0xcc, 0xff, 0xcc, 0xcc, 0xcc, 0xff, 0xd6, 0xd6, 0xd6, 0xff,
  0xe3, 0xe3, 0xe3, 0xff, 0xf2, 0xf2, 0xf2, 0xff, 0xff, 0xff, 0xff, 0xff,
  0xff, 0xff, 0xff, 0xff, 0xff, 0xff, 0xff, 0xff, 0xff, 0xff, 0xff, 0xff,
  0xff, 0xff, 0xff, 0xff, 0xff, 0xff, 0xff, 0xff, 0xff, 0xff, 0xff, 0xff,
  0xff, 0xff, 0xff, 0xff, 0xff, 0xff, 0xff, 0xff, 0xff, 0xff, 0xff, 0xff,
  0xff, 0xff, 0xff, 0xff, 0xff, 0xff, 0xff, 0xff, 0xff, 0xff, 0xff, 0xff,
  0xff, 0xff, 0xff, 0xff, 0xff, 0xff, 0xff, 0xff, 0xff, 0xff, 0xff, 0xff,
  0xff, 0xff, 0xff, 0xff, 0xff, 0xff, 0xff, 0xff, 0xff, 0xff, 0xff, 0xff,
  0xff, 0xff, 0xff, 0xff, 0xff, 0xff, 0xff, 0xff, 0xff, 0xff, 0xff, 0xff,
  0xff, 0xff, 0xff, 0xff, 0xff, 0xff, 0xff, 0xff, 0xff, 0xff, 0xff, 0xff,
  0xff, 0xff, 0xff, 0xff, 0xff, 0xff, 0xff, 0xff, 0xff, 0xff, 0xff, 0xff,
  0xff, 0xff, 0xff, 0xff, 0xff, 0xff, 0xff, 0xff, 0xff, 0xff, 0xff, 0xff,
  0xff, 0xff, 0xff, 0xff, 0xf3, 0xf3, 0xf3, 0xff, 0x44, 0x44, 0x44, 0xff,
  0x0b, 0x10, 0x15, 0xff, 0x3b, 0x4f, 0x67, 0xff, 0x3e, 0x54, 0x6d, 0xff,
  0x3d, 0x53, 0x6b, 0xff, 0x3d, 0x52, 0x6a, 0xff, 0x3d, 0x52, 0x6a, 0xff,
  0x3d, 0x52, 0x6a, 0xff, 0x3d, 0x53, 0x6b, 0xff, 0x3c, 0x52, 0x6c, 0xff,
  0x47, 0x5a, 0x69, 0xff, 0xae, 0xa7, 0x52, 0xff, 0xfc, 0xe2, 0x3f, 0xff,
  0xff, 0xe5, 0x3e, 0xff, 0x97, 0x96, 0x58, 0xff, 0x3e, 0x54, 0x6e, 0xff,
  0x3e, 0x54, 0x6e, 0xff, 0x5c, 0x6a, 0x67, 0xff, 0xeb, 0xd5, 0x44, 0xff,
  0xfc, 0xe2, 0x40, 0xff, 0x8a, 0x8c, 0x5c, 0xff, 0x5d, 0x6a, 0x66, 0xff,
  0xee, 0xd4, 0x3e, 0xff, 0xfc, 0xde, 0x3a, 0xff, 0xc6, 0xb7, 0x49, 0xff,
  0x6d, 0x76, 0x62, 0xff, 0x41, 0x56, 0x6e, 0xff, 0x3f, 0x54, 0x6e, 0xff,
  0x40, 0x55, 0x6e, 0xff, 0x40, 0x55, 0x6e, 0xff, 0x40, 0x55, 0x6e, 0xff,
  0x40, 0x55, 0x6e, 0xff, 0x43, 0x59, 0x72, 0xff, 0x4b, 0x61, 0x7b, 0xff,
  0x38, 0x49, 0x5d, 0xff, 0x3f, 0x54, 0x6f, 0xff, 0x1e, 0x28, 0x35, 0xff,
  0x85, 0x6b, 0x3e, 0xff, 0xf7, 0xc9, 0x75, 0xff, 0xf7, 0xce, 0x7d, 0xff,
  0xf8, 0xcf, 0x7e, 0xff, 0xfa, 0xd1, 0x7f, 0xff, 0xf2, 0xcc, 0x7d, 0xff,
  0xbe, 0xa0, 0x62, 0xff, 0x7c, 0x68, 0x3f, 0xff, 0x6d, 0x5a, 0x35, 0xff,
  0x83, 0x6b, 0x3e, 0xff, 0xb5, 0x94, 0x57, 0xff, 0xe7, 0xbe, 0x6f, 0xff,
  0xcc, 0xa8, 0x62, 0xff, 0x5c, 0x4c, 0x2c, 0xff, 0x1e, 0x17, 0x0e, 0xff,
  0x45, 0x29, 0x1c, 0xff, 0x97, 0x5c, 0x3e, 0xff, 0x95, 0x5b, 0x3e, 0xff,
  0x95, 0x5b, 0x3e, 0xff, 0x96, 0x5c, 0x3e, 0xff, 0x96, 0x5b, 0x3e, 0xff,
  0x9c, 0x5f, 0x40, 0xff, 0x9e, 0x60, 0x41, 0xff, 0x9d, 0x5f, 0x41, 0xff,
  0x98, 0x5d, 0x3f, 0xff, 0x93, 0x59, 0x3d, 0xff, 0x92, 0x59, 0x3d, 0xff,
  0x92, 0x59, 0x3d, 0xff, 0x8e, 0x57, 0x3b, 0xff, 0x88, 0x53, 0x39, 0xff,
  0x88, 0x53, 0x39, 0xff, 0x88, 0x53, 0x39, 0xff, 0x84, 0x50, 0x37, 0xff,
  0x69, 0x3f, 0x2b, 0xff, 0x68, 0x3f, 0x2b, 0xff, 0x5b, 0x38, 0x29, 0xff,
  0x04, 0x03, 0x02, 0xff, 0x02, 0x01, 0x01, 0xff, 0x0f, 0x0c, 0x09, 0xff,
  0x14, 0x11, 0x0c, 0xff, 0x18, 0x15, 0x0e, 0xff, 0x21, 0x1c, 0x10, 0xff,
  0xb6, 0xa6, 0x38, 0xff, 0xff, 0xea, 0x4d, 0xff, 0xfd, 0xe9, 0x53, 0xff,
  0xfd, 0xe9, 0x54, 0xff, 0xfe, 0xed, 0x59, 0xff, 0xb1, 0xa4, 0x4b, 0xff,
  0x4b, 0x3e, 0x2c, 0xff, 0x17, 0x12, 0x0d, 0xff, 0x06, 0x07, 0x07, 0xff,
  0x89, 0x89, 0x89, 0xff, 0xff, 0xff, 0xff, 0xff, 0xff, 0xff, 0xff, 0xff,
  0xff, 0xff, 0xff, 0xff, 0xff, 0xff, 0xff, 0xff, 0xff, 0xff, 0xff, 0xff,
  0xff, 0xff, 0xff, 0xff, 0xff, 0xff, 0xff, 0xff, 0xff, 0xff, 0xff, 0xff,
  0xff, 0xff, 0xff, 0xff, 0xff, 0xff, 0xff, 0xff, 0xff, 0xff, 0xff, 0xff,
  0xff, 0xff, 0xff, 0xff, 0xff, 0xff, 0xff, 0xff, 0xff, 0xff, 0xff, 0xff,
  0xff, 0xff, 0xff, 0xff, 0xff, 0xff, 0xff, 0xff, 0xff, 0xff, 0xff, 0xff,
  0xff, 0xff, 0xff, 0xff, 0xff, 0xff, 0xff, 0xff, 0xff, 0xff, 0xff, 0xff,
  0xff, 0xff, 0xff, 0xff, 0xff, 0xff, 0xff, 0xff, 0xff, 0xff, 0xff, 0xff,
  0xff, 0xff, 0xff, 0xff, 0xff, 0xff, 0xff, 0xff, 0xff, 0xff, 0xff, 0xff,
  0xff, 0xff, 0xff, 0xff, 0xff, 0xff, 0xff, 0xff, 0xff, 0xff, 0xff, 0xff,
  0xff, 0xff, 0xff, 0xff, 0xff, 0xff, 0xff, 0xff, 0xff, 0xff, 0xff, 0xff,
  0xff, 0xff, 0xff, 0xff, 0xff, 0xff, 0xff, 0xff, 0xff, 0xff, 0xff, 0xff,
  0xff, 0xff, 0xff, 0xff, 0xff, 0xff, 0xff, 0xff, 0xff, 0xff, 0xff, 0xff,
  0xff, 0xff, 0xff, 0xff, 0x9b, 0x9b, 0x9b, 0xff, 0x05, 0x06, 0x07, 0xff,
  0x2e, 0x3e, 0x51, 0xff, 0x3f, 0x55, 0x6e, 0xff, 0x3d, 0x52, 0x6a, 0xff,
  0x3d, 0x52, 0x6a, 0xff, 0x3d, 0x52, 0x6a, 0xff, 0x3d, 0x52, 0x6a, 0xff,
  0x3c, 0x51, 0x6a, 0xff, 0x46, 0x59, 0x68, 0xff, 0xad, 0xa6, 0x50, 0xff,
  0xfc, 0xe0, 0x3c, 0xff, 0xff, 0xe4, 0x3e, 0xff, 0xd8, 0xc7, 0x48, 0xff,
  0x65, 0x71, 0x64, 0xff, 0x3e, 0x54, 0x6e, 0xff, 0x3d, 0x53, 0x6e, 0xff,
  0x5d, 0x6b, 0x66, 0xff, 0xed, 0xd7, 0x43, 0xff, 0xfa, 0xe0, 0x40, 0xff,
  0x80, 0x85, 0x5e, 0xff, 0x42, 0x57, 0x6d, 0xff, 0x99, 0x96, 0x55, 0xff,
  0xef, 0xd5, 0x3e, 0xff, 0xff, 0xe3, 0x39, 0xff, 0xee, 0xd4, 0x3e, 0xff,
  0xa2, 0x9d, 0x53, 0xff, 0x53, 0x63, 0x69, 0xff, 0x3e, 0x54, 0x6f, 0xff,
  0x40, 0x55, 0x6e, 0xff, 0x40, 0x55, 0x6e, 0xff, 0x40, 0x55, 0x6e, 0xff,
  0x41, 0x56, 0x6f, 0xff, 0x4a, 0x60, 0x7a, 0xff, 0x3d, 0x50, 0x65, 0xff,
  0x38, 0x4b, 0x62, 0xff, 0x30, 0x42, 0x59, 0xff, 0x43, 0x38, 0x24, 0xff,
  0xe9, 0xbe, 0x6e, 0xff, 0xf5, 0xc7, 0x74, 0xff, 0xf5, 0xc7, 0x74, 0xff,
  0xc8, 0xa4, 0x60, 0xff, 0x54, 0x46, 0x2a, 0xff, 0x28, 0x22, 0x19, 0xff,
  0x41, 0x3a, 0x33, 0xff, 0x55, 0x4c, 0x43, 0xff, 0x3d, 0x37, 0x31, 0xff,
  0x24, 0x1f, 0x18, 0xff, 0x35, 0x2c, 0x19, 0xff, 0x28, 0x1f, 0x13, 0xff,
  0x2e, 0x1a, 0x11, 0xff, 0x5f, 0x36, 0x24, 0xff, 0x84, 0x4f, 0x36, 0xff,
  0x8e, 0x56, 0x3b, 0xff, 0x8f, 0x57, 0x3c, 0xff, 0x8e, 0x57, 0x3c, 0xff,
  0x8e, 0x57, 0x3b, 0xff, 0x90, 0x58, 0x3c, 0xff, 0x94, 0x5a, 0x3e, 0xff,
  0x96, 0x5b, 0x3e, 0xff, 0x94, 0x5a, 0x3e, 0xff, 0x92, 0x59, 0x3d, 0xff,
  0x92, 0x59, 0x3d, 0xff, 0x92, 0x59, 0x3d, 0xff, 0x8f, 0x57, 0x3c, 0xff,
  0x89, 0x54, 0x39, 0xff, 0x88, 0x53, 0x39, 0xff, 0x88, 0x53, 0x39, 0xff,
  0x89, 0x53, 0x39, 0xff, 0x7f, 0x4d, 0x35, 0xff, 0x66, 0x3d, 0x2a, 0xff,
  0x68, 0x3e, 0x2b, 0xff, 0x5c, 0x39, 0x29, 0xff, 0x05, 0x03, 0x02, 0xff,
  0x01, 0x01, 0x01, 0xff, 0x0d, 0x0b, 0x08, 0xff, 0x14, 0x11, 0x0c, 0xff,
  0x16, 0x12, 0x0d, 0xff, 0x55, 0x4c, 0x1e, 0xff, 0xf1, 0xdc, 0x47, 0xff,
  0xfe, 0xe8, 0x4a, 0xff, 0xfd, 0xe8, 0x50, 0xff, 0xfd, 0xe9, 0x54, 0xff,
  0xfd, 0xe9, 0x54, 0xff, 0x86, 0x79, 0x37, 0xff, 0x45, 0x39, 0x2a, 0xff,
  0x49, 0x3c, 0x2b, 0xff, 0x11, 0x0e, 0x09, 0xff, 0x0b, 0x0b, 0x0c, 0xff,
  0x9b, 0x9b, 0x9b, 0xff, 0xff, 0xff, 0xff, 0xff, 0xff, 0xff, 0xff, 0xff,
  0xff, 0xff, 0xff, 0xff, 0xff, 0xff, 0xff, 0xff, 0xff, 0xff, 0xff, 0xff,
  0xff, 0xff, 0xff, 0xff, 0xff, 0xff, 0xff, 0xff, 0xff, 0xff, 0xff, 0xff,
  0xff, 0xff, 0xff, 0xff, 0xff, 0xff, 0xff, 0xff, 0xff, 0xff, 0xff, 0xff,
  0xff, 0xff, 0xff, 0xff, 0xff, 0xff, 0xff, 0xff, 0xff, 0xff, 0xff, 0xff,
  0xff, 0xff, 0xff, 0xff, 0xff, 0xff, 0xff, 0xff, 0xff, 0xff, 0xff, 0xff,
  0xff, 0xff, 0xff, 0xff, 0xff, 0xff, 0xff, 0xff, 0xff, 0xff, 0xff, 0xff,
  0xff, 0xff, 0xff, 0xff, 0xff, 0xff, 0xff, 0xff, 0xff, 0xff, 0xff, 0xff,
  0xff, 0xff, 0xff, 0xff, 0xff, 0xff, 0xff, 0xff, 0xff, 0xff, 0xff, 0xff,
  0xff, 0xff, 0xff, 0xff, 0xff, 0xff, 0xff, 0xff, 0xff, 0xff, 0xff, 0xff,
  0xff, 0xff, 0xff, 0xff, 0xff, 0xff, 0xff, 0xff, 0xff, 0xff, 0xff, 0xff,
  0xff, 0xff, 0xff, 0xff, 0xff, 0xff, 0xff, 0xff, 0xff, 0xff, 0xff, 0xff,
  0xff, 0xff, 0xff, 0xff, 0xff, 0xff, 0xff, 0xff, 0xff, 0xff, 0xff, 0xff,
  0xe1, 0xe1, 0xe1, 0xff, 0x27, 0x27, 0x27, 0xff, 0x1a, 0x23, 0x2d, 0xff,
  0x41, 0x56, 0x6f, 0xff, 0x3d, 0x52, 0x6a, 0xff, 0x3d, 0x52, 0x6a, 0xff,
  0x3d, 0x52, 0x6a, 0xff, 0x3d, 0x52, 0x6a, 0xff, 0x40, 0x55, 0x69, 0xff,
  0xa3, 0x9e, 0x52, 0xff, 0xfc, 0xde, 0x39, 0xff, 0xfe, 0xdf, 0x36, 0xff,
  0xd4, 0xc2, 0x47, 0xff, 0x62, 0x6f, 0x65, 0xff, 0x3c, 0x53, 0x6e, 0xff,
  0x3e, 0x54, 0x6d, 0xff, 0x3c, 0x52, 0x6d, 0xff, 0x61, 0x6e, 0x64, 0xff,
  0xef, 0xd8, 0x43, 0xff, 0xf8, 0xdf, 0x41, 0xff, 0x77, 0x7e, 0x60, 0xff,
  0x3d, 0x52, 0x6f, 0xff, 0x41, 0x56, 0x6e, 0xff, 0x71, 0x79, 0x60, 0xff,
  0xce, 0xbd, 0x47, 0xff, 0xfd, 0xdf, 0x3a, 0xff, 0xfe, 0xe0, 0x3a, 0xff,
  0xd4, 0xc1, 0x45, 0xff, 0x75, 0x7c, 0x5f, 0xff, 0x41, 0x56, 0x6e, 0xff,
  0x40, 0x55, 0x6e, 0xff, 0x40, 0x55, 0x6e, 0xff, 0x40, 0x55, 0x6e, 0xff,
  0x46, 0x5c, 0x75, 0xff, 0x45, 0x5a, 0x72, 0xff, 0x31, 0x41, 0x54, 0xff,
  0x40, 0x57, 0x72, 0xff, 0x22, 0x25, 0x28, 0xff, 0xba, 0x97, 0x56, 0xff,
  0xf6, 0xc5, 0x6e, 0xff, 0xd4, 0xaa, 0x5e, 0xff, 0x33, 0x29, 0x18, 0xff,
  0x50, 0x3e, 0x33, 0xff, 0xca, 0x9d, 0x82, 0xff, 0xf4, 0xc8, 0xa9, 0xff,
  0xfa, 0xcb, 0xab, 0xff, 0xf1, 0xc2, 0xa4, 0xff, 0xcb, 0xa2, 0x88, 0xff,
  0x6b, 0x53, 0x45, 0xff, 0x25, 0x1a, 0x14, 0xff, 0x59, 0x33, 0x22, 0xff,
  0x83, 0x4b, 0x32, 0xff, 0x85, 0x4e, 0x35, 0xff, 0x88, 0x53, 0x39, 0xff,
  0x88, 0x53, 0x39, 0xff, 0x88, 0x53, 0x39, 0xff, 0x88, 0x53, 0x39, 0xff,
  0x89, 0x53, 0x39, 0xff, 0x8d, 0x56, 0x3b, 0xff, 0x91, 0x58, 0x3c, 0xff,
  0x92, 0x59, 0x3d, 0xff, 0x92, 0x59, 0x3d, 0xff, 0x91, 0x58, 0x3d, 0xff,
  0x8d, 0x56, 0x3b, 0xff, 0x89, 0x53, 0x39, 0xff, 0x88, 0x53, 0x39, 0xff,
  0x88, 0x53, 0x39, 0xff, 0x88, 0x53, 0x39, 0xff, 0x88, 0x53, 0x39, 0xff,
  0x77, 0x48, 0x31, 0xff, 0x62, 0x3b, 0x28, 0xff, 0x65, 0x3d, 0x2b, 0xff,
  0x4e, 0x30, 0x23, 0xff, 0x04, 0x03, 0x02, 0xff, 0x00, 0x00, 0x00, 0xff,
  0x0b, 0x09, 0x06, 0xff, 0x13, 0x10, 0x0b, 0xff, 0x1b, 0x17, 0x0e, 0xff,
  0xa7, 0x97, 0x33, 0xff, 0xff, 0xea, 0x4b, 0xff, 0xfd, 0xe7, 0x4a, 0xff,
  0xfd, 0xe8, 0x4f, 0xff, 0xfd, 0xe9, 0x53, 0xff, 0xfc, 0xe8, 0x51, 0xff,
  0x7d, 0x6f, 0x32, 0xff, 0x37, 0x2d, 0x22, 0xff, 0x4a, 0x3e, 0x2c, 0xff,
  0x43, 0x38, 0x28, 0xff, 0x0a, 0x08, 0x05, 0xff, 0x16, 0x16, 0x17, 0xff,
  0xba, 0xba, 0xba, 0xff, 0xff, 0xff, 0xff, 0xff, 0xff, 0xff, 0xff, 0xff,
  0xff, 0xff, 0xff, 0xff, 0xff, 0xff, 0xff, 0xff, 0xff, 0xff, 0xff, 0xff,
  0xff, 0xff, 0xff, 0xff, 0xff, 0xff, 0xff, 0xff, 0xff, 0xff, 0xff, 0xff,
  0xff, 0xff, 0xff, 0xff, 0xff, 0xff, 0xff, 0xff, 0xff, 0xff, 0xff, 0xff,
  0xff, 0xff, 0xff, 0xff, 0xff, 0xff, 0xff, 0xff, 0xff, 0xff, 0xff, 0xff,
  0xff, 0xff, 0xff, 0xff, 0xff, 0xff, 0xff, 0xff, 0xff, 0xff, 0xff, 0xff,
  0xff, 0xff, 0xff, 0xff, 0xff, 0xff, 0xff, 0xff, 0xff, 0xff, 0xff, 0xff,
  0xff, 0xff, 0xff, 0xff, 0xff, 0xff, 0xff, 0xff, 0xff, 0xff, 0xff, 0xff,
  0xff, 0xff, 0xff, 0xff, 0xff, 0xff, 0xff, 0xff, 0xff, 0xff, 0xff, 0xff,
  0xff, 0xff, 0xff, 0xff, 0xff, 0xff, 0xff, 0xff, 0xff, 0xff, 0xff, 0xff,
  0xff, 0xff, 0xff, 0xff, 0xff, 0xff, 0xff, 0xff, 0xff, 0xff, 0xff, 0xff,
  0xff, 0xff, 0xff, 0xff, 0xff, 0xff, 0xff, 0xff, 0xff, 0xff, 0xff, 0xff,
  0xff, 0xff, 0xff, 0xff, 0xff, 0xff, 0xff, 0xff, 0xff, 0xff, 0xff, 0xff,
  0x75, 0x75, 0x75, 0xff, 0x05, 0x07, 0x09, 0xff, 0x3d, 0x4e, 0x60, 0xff,
  0x3f, 0x55, 0x6d, 0xff, 0x3d, 0x52, 0x6a, 0xff, 0x3d, 0x52, 0x6a, 0xff,
  0x3c, 0x51, 0x6a, 0xff, 0x4e, 0x5f, 0x66, 0xff, 0xdb, 0xc8, 0x44, 0xff,
  0xff, 0xe1, 0x35, 0xff, 0xfc, 0xde, 0x37, 0xff, 0xa8, 0xa1, 0x50, 0xff,
  0x46, 0x59, 0x6b, 0xff, 0x3c, 0x53, 0x6e, 0xff, 0x3e, 0x54, 0x6d, 0xff,
  0x3c, 0x52, 0x6d, 0xff, 0x67, 0x72, 0x61, 0xff, 0xf1, 0xda, 0x42, 0xff,
  0xf7, 0xde, 0x41, 0xff, 0x71, 0x79, 0x62, 0xff, 0x3d, 0x53, 0x6f, 0xff,
  0x40, 0x55, 0x6e, 0xff, 0x3e, 0x53, 0x6f, 0xff, 0x4f, 0x60, 0x6a, 0xff,
  0xaa, 0xa3, 0x51, 0xff, 0xfb, 0xde, 0x3b, 0xff, 0xff, 0xe1, 0x39, 0xff,
  0xe4, 0xcd, 0x41, 0xff, 0x5c, 0x69, 0x66, 0xff, 0x3e, 0x54, 0x6e, 0xff,
  0x40, 0x55, 0x6e, 0xff, 0x40, 0x55, 0x6e, 0xff, 0x43, 0x58, 0x71, 0xff,
  0x4b, 0x61, 0x7b, 0xff, 0x31, 0x41, 0x53, 0xff, 0x42, 0x59, 0x72, 0xff,
  0x28, 0x37, 0x48, 0xff, 0x72, 0x5a, 0x31, 0xff, 0xdf, 0xb1, 0x61, 0xff,
  0x7e, 0x64, 0x36, 0xff, 0x41, 0x32, 0x28, 0xff, 0xe6, 0xaf, 0x8e, 0xff,
  0xfd, 0xb7, 0x92, 0xff, 0xd5, 0x92, 0x75, 0xff, 0xc1, 0x89, 0x6e, 0xff,
  0xdd, 0xa7, 0x88, 0xff, 0xff, 0xc6, 0xa3, 0xff, 0xfc, 0xc3, 0xa0, 0xff,
  0xcb, 0x9d, 0x81, 0xff, 0x74, 0x57, 0x46, 0xff, 0x5b, 0x36, 0x26, 0xff,
  0x7a, 0x47, 0x2f, 0xff, 0x82, 0x4e, 0x35, 0xff, 0x88, 0x53, 0x39, 0xff,
  0x88, 0x53, 0x39, 0xff, 0x88, 0x53, 0x39, 0xff, 0x88, 0x53, 0x39, 0xff,
  0x88, 0x53, 0x39, 0xff, 0x8a, 0x54, 0x3a, 0xff, 0x8c, 0x55, 0x3a, 0xff,
  0x8b, 0x55, 0x3a, 0xff, 0x8a, 0x54, 0x3a, 0xff, 0x88, 0x53, 0x39, 0xff,
  0x88, 0x53, 0x39, 0xff, 0x86, 0x52, 0x38, 0xff, 0x84, 0x50, 0x37, 0xff,
  0x83, 0x4f, 0x36, 0xff, 0x80, 0x4d, 0x35, 0xff, 0x66, 0x3c, 0x29, 0xff,
  0x5f, 0x38, 0x26, 0xff, 0x58, 0x35, 0x26, 0xff, 0x10, 0x0a, 0x07, 0xff,
  0x00, 0x00, 0x00, 0xff, 0x00, 0x00, 0x00, 0xff, 0x06, 0x05, 0x04, 0xff,
  0x0e, 0x0b, 0x09, 0xff, 0x50, 0x48, 0x1c, 0xff, 0xea, 0xd6, 0x45, 0xff,
  0xfe, 0xe8, 0x4a, 0xff, 0xfd, 0xe7, 0x4a, 0xff, 0xfd, 0xe7, 0x4a, 0xff,
  0xfd, 0xe8, 0x4c, 0xff, 0xfa, 0xe4, 0x4a, 0xff, 0x78, 0x6a, 0x30, 0xff,
  0x37, 0x2d, 0x22, 0xff, 0x3c, 0x32, 0x24, 0xff, 0x4f, 0x41, 0x2f, 0xff,
  0x3f, 0x34, 0x25, 0xff, 0x0a, 0x08, 0x04, 0xff, 0x2c, 0x2c, 0x2d, 0xff,
  0xd6, 0xd6, 0xd6, 0xff, 0xff, 0xff, 0xff, 0xff, 0xff, 0xff, 0xff, 0xff,
  0xff, 0xff, 0xff, 0xff, 0xff, 0xff, 0xff, 0xff, 0xff, 0xff, 0xff, 0xff,
  0xff, 0xff, 0xff, 0xff, 0xff, 0xff, 0xff, 0xff, 0xff, 0xff, 0xff, 0xff,
  0xff, 0xff, 0xff, 0xff, 0xff, 0xff, 0xff, 0xff, 0xff, 0xff, 0xff, 0xff,
  0xff, 0xff, 0xff, 0xff, 0xff, 0xff, 0xff, 0xff, 0xff, 0xff, 0xff, 0xff,
  0xff, 0xff, 0xff, 0xff, 0xff, 0xff, 0xff, 0xff, 0xff, 0xff, 0xff, 0xff,
  0xff, 0xff, 0xff, 0xff, 0xff, 0xff, 0xff, 0xff, 0xff, 0xff, 0xff, 0xff,
  0xff, 0xff, 0xff, 0xff, 0xff, 0xff, 0xff, 0xff, 0xff, 0xff, 0xff, 0xff,
  0xff, 0xff, 0xff, 0xff, 0xff, 0xff, 0xff, 0xff, 0xff, 0xff, 0xff, 0xff,
  0xff, 0xff, 0xff, 0xff, 0xff, 0xff, 0xff, 0xff, 0xff, 0xff, 0xff, 0xff,
  0xff, 0xff, 0xff, 0xff, 0xff, 0xff, 0xff, 0xff, 0xff, 0xff, 0xff, 0xff,
  0xff, 0xff, 0xff, 0xff, 0xff, 0xff, 0xff, 0xff, 0xff, 0xff, 0xff, 0xff,
  0xff, 0xff, 0xff, 0xff, 0xff, 0xff, 0xff, 0xff, 0xc8, 0xc8, 0xc8, 0xff,
  0x13, 0x12, 0x12, 0xff, 0x24, 0x2e, 0x38, 0xff, 0x44, 0x59, 0x71, 0xff,
  0x3d, 0x52, 0x6a, 0xff, 0x3d, 0x52, 0x6a, 0xff, 0x3d, 0x52, 0x6a, 0xff,
  0x3e, 0x53, 0x6a, 0xff, 0x82, 0x86, 0x5a, 0xff, 0xe6, 0xcf, 0x40, 0xff,
  0xff, 0xe1, 0x36, 0xff, 0xf8, 0xda, 0x37, 0xff, 0xbb, 0xae, 0x49, 0xff,
  0x5d, 0x6a, 0x64, 0xff, 0x3c, 0x52, 0x6d, 0xff, 0x3b, 0x51, 0x6c, 0xff,
  0x70, 0x79, 0x5f, 0xff, 0xf5, 0xdc, 0x42, 0xff, 0xf6, 0xdd, 0x42, 0xff,
  0x6d, 0x76, 0x63, 0xff, 0x3d, 0x53, 0x6f, 0xff, 0x40, 0x55, 0x6e, 0xff,
  0x3e, 0x54, 0x6f, 0xff, 0x50, 0x60, 0x6a, 0xff, 0xb7, 0xac, 0x4d, 0xff,
  0xfc, 0xde, 0x3a, 0xff, 0xff, 0xe1, 0x39, 0xff, 0xd8, 0xc4, 0x44, 0xff,
  0x55, 0x64, 0x68, 0xff, 0x3f, 0x54, 0x6e, 0xff, 0x40, 0x55, 0x6e, 0xff,
  0x40, 0x55, 0x6e, 0xff, 0x41, 0x56, 0x6f, 0xff, 0x4a, 0x61, 0x7b, 0xff,
  0x3a, 0x4c, 0x60, 0xff, 0x38, 0x4a, 0x60, 0xff, 0x3e, 0x54, 0x6c, 0xff,
  0x19, 0x16, 0x11, 0xff, 0x38, 0x27, 0x12, 0xff, 0x16, 0x0f, 0x07, 0xff,
  0x91, 0x64, 0x50, 0xff, 0xf4, 0xa7, 0x84, 0xff, 0x9a, 0x65, 0x50, 0xff,
  0x80, 0x62, 0x51, 0xff, 0xcb, 0xa7, 0x8c, 0xff, 0xf0, 0xc8, 0xa8, 0xff,
  0xfa, 0xcc, 0xaa, 0xff, 0xfd, 0xc5, 0xa2, 0xff, 0xff, 0xc7, 0xa3, 0xff,
  0xf9, 0xbf, 0x9d, 0xff, 0xa4, 0x6f, 0x57, 0xff, 0x4f, 0x2e, 0x20, 0xff,
  0x6e, 0x41, 0x2c, 0xff, 0x85, 0x51, 0x38, 0xff, 0x88, 0x53, 0x39, 0xff,
  0x88, 0x53, 0x39, 0xff, 0x88, 0x53, 0x39, 0xff, 0x88, 0x53, 0x39, 0xff,
  0x88, 0x53, 0x39, 0xff, 0x88, 0x53, 0x39, 0xff, 0x88, 0x53, 0x39, 0xff,
  0x88, 0x53, 0x39, 0xff, 0x88, 0x53, 0x39, 0xff, 0x88, 0x53, 0x39, 0xff,
  0x81, 0x4e, 0x35, 0xff, 0x79, 0x49, 0x31, 0xff, 0x80, 0x4d, 0x35, 0xff,
  0x72, 0x44, 0x2f, 0xff, 0x5c, 0x36, 0x25, 0xff, 0x60, 0x39, 0x27, 0xff,
  0x54, 0x33, 0x24, 0xff, 0x04, 0x03, 0x02, 0xff, 0x00, 0x00, 0x00, 0xff,
  0x00, 0x00, 0x00, 0xff, 0x00, 0x00, 0x00, 0xff, 0x26, 0x22, 0x0e, 0xff,
  0xc4, 0xb2, 0x3b, 0xff, 0xff, 0xea, 0x4b, 0xff, 0xfd, 0xe7, 0x4a, 0xff,
  0xfd, 0xe7, 0x4a, 0xff, 0xfd, 0xe7, 0x4a, 0xff, 0xfe, 0xe7, 0x4a, 0xff,
  0xf5, 0xdf, 0x48, 0xff, 0x6d, 0x60, 0x2d, 0xff, 0x37, 0x2d, 0x22, 0xff,
  0x3a, 0x30, 0x23, 0xff, 0x3f, 0x34, 0x26, 0xff, 0x57, 0x49, 0x32, 0xff,
  0x71, 0x67, 0x31, 0xff, 0x0c, 0x0b, 0x03, 0xff, 0x51, 0x51, 0x52, 0xff,
  0xef, 0xef, 0xef, 0xff, 0xff, 0xff, 0xff, 0xff, 0xff, 0xff, 0xff, 0xff,
  0xff, 0xff, 0xff, 0xff, 0xff, 0xff, 0xff, 0xff, 0xff, 0xff, 0xff, 0xff,
  0xff, 0xff, 0xff, 0xff, 0xff, 0xff, 0xff, 0xff, 0xff, 0xff, 0xff, 0xff,
  0xff, 0xff, 0xff, 0xff, 0xff, 0xff, 0xff, 0xff, 0xff, 0xff, 0xff, 0xff,
  0xff, 0xff, 0xff, 0xff, 0xff, 0xff, 0xff, 0xff, 0xff, 0xff, 0xff, 0xff,
  0xff, 0xff, 0xff, 0xff, 0xff, 0xff, 0xff, 0xff, 0xff, 0xff, 0xff, 0xff,
  0xff, 0xff, 0xff, 0xff, 0xff, 0xff, 0xff, 0xff, 0xff, 0xff, 0xff, 0xff,
  0xff, 0xff, 0xff, 0xff, 0xff, 0xff, 0xff, 0xff, 0xff, 0xff, 0xff, 0xff,
  0xff, 0xff, 0xff, 0xff, 0xff, 0xff, 0xff, 0xff, 0xff, 0xff, 0xff, 0xff,
  0xff, 0xff, 0xff, 0xff, 0xff, 0xff, 0xff, 0xff, 0xff, 0xff, 0xff, 0xff,
  0xff, 0xff, 0xff, 0xff, 0xff, 0xff, 0xff, 0xff, 0xff, 0xff, 0xff, 0xff,
  0xff, 0xff, 0xff, 0xff, 0xff, 0xff, 0xff, 0xff, 0xff, 0xff, 0xff, 0xff,
  0xff, 0xff, 0xff, 0xff, 0xf8, 0xf8, 0xf8, 0xff, 0x52, 0x52, 0x51, 0xff,
  0x0b, 0x0e, 0x11, 0xff, 0x46, 0x57, 0x6c, 0xff, 0x3e, 0x53, 0x6b, 0xff,
  0x3d, 0x52, 0x6a, 0xff, 0x3d, 0x52, 0x6a, 0xff, 0x3d, 0x52, 0x6a, 0xff,
  0x3c, 0x51, 0x6a, 0xff, 0x63, 0x6f, 0x61, 0xff, 0xbf, 0xb3, 0x4a, 0xff,
  0xf9, 0xdc, 0x38, 0xff, 0xff, 0xe1, 0x35, 0xff, 0xdf, 0xc8, 0x3e, 0xff,
  0x7e, 0x81, 0x59, 0xff, 0x3c, 0x51, 0x6a, 0xff, 0x7d, 0x82, 0x5c, 0xff,
  0xf9, 0xe0, 0x41, 0xff, 0xf3, 0xdb, 0x42, 0xff, 0x69, 0x74, 0x64, 0xff,
  0x3d, 0x53, 0x6f, 0xff, 0x3f, 0x54, 0x6e, 0xff, 0x5b, 0x69, 0x66, 0xff,
  0xc5, 0xb6, 0x4a, 0xff, 0xfd, 0xdf, 0x3a, 0xff, 0xff, 0xe1, 0x39, 0xff,
  0xda, 0xc5, 0x44, 0xff, 0x6b, 0x74, 0x62, 0xff, 0x3f, 0x54, 0x6e, 0xff,
  0x40, 0x55, 0x6e, 0xff, 0x40, 0x55, 0x6e, 0xff, 0x40, 0x55, 0x6e, 0xff,
  0x40, 0x55, 0x6e, 0xff, 0x43, 0x58, 0x72, 0xff, 0x40, 0x54, 0x6b, 0xff,
  0x2c, 0x3b, 0x4c, 0xff, 0x48, 0x61, 0x7d, 0xff, 0x19, 0x20, 0x28, 0xff,
  0x44, 0x31, 0x13, 0xff, 0x1a, 0x13, 0x08, 0xff, 0x81, 0x50, 0x40, 0xff,
  0x96, 0x5c, 0x49, 0xff, 0x60, 0x46, 0x39, 0xff, 0xe9, 0xb2, 0x91, 0xff,
  0xff, 0xc2, 0x9d, 0xff, 0xfc, 0xc1, 0x9d, 0xff, 0xfd, 0xc3, 0xa0, 0xff,
  0xfc, 0xbf, 0x9d, 0xff, 0xfa, 0xc0, 0x9d, 0xff, 0xfe, 0xc5, 0xa2, 0xff,
  0xf8, 0xb6, 0x93, 0xff, 0xa1, 0x64, 0x4d, 0xff, 0x4e, 0x2e, 0x20, 0xff,
  0x7c, 0x4b, 0x33, 0xff, 0x88, 0x53, 0x39, 0xff, 0x87, 0x53, 0x39, 0xff,
  0x86, 0x52, 0x38, 0xff, 0x84, 0x50, 0x37, 0xff, 0x86, 0x52, 0x38, 0xff,
  0x88, 0x53, 0x39, 0xff, 0x88, 0x53, 0x39, 0xff, 0x88, 0x53, 0x39, 0xff,
  0x87, 0x53, 0x39, 0xff, 0x7d, 0x4c, 0x34, 0xff, 0x69, 0x3f, 0x2b, 0xff,
  0x71, 0x44, 0x2e, 0xff, 0x79, 0x49, 0x32, 0xff, 0x61, 0x39, 0x27, 0xff,
  0x5c, 0x36, 0x25, 0xff, 0x67, 0x3e, 0x2b, 0xff, 0x4a, 0x2d, 0x20, 0xff,
  0x02, 0x01, 0x01, 0xff, 0x00, 0x00, 0x00, 0xff, 0x00, 0x00, 0x00, 0xff,
  0x1b, 0x17, 0x05, 0xff, 0xb2, 0x9f, 0x2f, 0xff, 0xfd, 0xe7, 0x4a, 0xff,
  0xfd, 0xe7, 0x4a, 0xff, 0xfd, 0xe7, 0x4a, 0xff, 0xfd, 0xe7, 0x4a, 0xff,
  0xfd, 0xe7, 0x4a, 0xff, 0xfe, 0xe8, 0x4a, 0xff, 0xe8, 0xd3, 0x45, 0xff,
  0x51, 0x47, 0x24, 0xff, 0x32, 0x2a, 0x1e, 0xff, 0x35, 0x2d, 0x20, 0xff,
  0x37, 0x2e, 0x21, 0xff, 0x3f, 0x34, 0x26, 0xff, 0x94, 0x87, 0x40, 0xff,
  0x72, 0x6c, 0x2b, 0xff, 0x02, 0x02, 0x02, 0xff, 0x85, 0x85, 0x85, 0xff,
  0xfe, 0xfe, 0xfe, 0xff, 0xff, 0xff, 0xff, 0xff, 0xff, 0xff, 0xff, 0xff,
  0xff, 0xff, 0xff, 0xff, 0xff, 0xff, 0xff, 0xff, 0xff, 0xff, 0xff, 0xff,
  0xff, 0xff, 0xff, 0xff, 0xff, 0xff, 0xff, 0xff, 0xff, 0xff, 0xff, 0xff,
  0xff, 0xff, 0xff, 0xff, 0xff, 0xff, 0xff, 0xff, 0xff, 0xff, 0xff, 0xff,
  0xff, 0xff, 0xff, 0xff, 0xff, 0xff, 0xff, 0xff, 0xff, 0xff, 0xff, 0xff,
  0xff, 0xff, 0xff, 0xff, 0xff, 0xff, 0xff, 0xff, 0xff, 0xff, 0xff, 0xff,
  0xff, 0xff, 0xff, 0xff, 0xff, 0xff, 0xff, 0xff, 0xff, 0xff, 0xff, 0xff,
  0xff, 0xff, 0xff, 0xff, 0xff, 0xff, 0xff, 0xff, 0xff, 0xff, 0xff, 0xff,
  0xff, 0xff, 0xff, 0xff, 0xff, 0xff, 0xff, 0xff, 0xff, 0xff, 0xff, 0xff,
  0xff, 0xff, 0xff, 0xff, 0xff, 0xff, 0xff, 0xff, 0xff, 0xff, 0xff, 0xff,
  0xff, 0xff, 0xff, 0xff, 0xff, 0xff, 0xff, 0xff, 0xff, 0xff, 0xff, 0xff,
  0xff, 0xff, 0xff, 0xff, 0xff, 0xff, 0xff, 0xff, 0xff, 0xff, 0xff, 0xff,
  0xff, 0xff, 0xff, 0xff, 0xa9, 0xa9, 0xa9, 0xff, 0x07, 0x07, 0x08, 0xff,
  0x36, 0x41, 0x4f, 0xff, 0x43, 0x58, 0x70, 0xff, 0x3d, 0x52, 0x6a, 0xff,
  0x3d, 0x52, 0x6a, 0xff, 0x3d, 0x52, 0x6a, 0xff, 0x3d, 0x52, 0x6a, 0xff,
  0x3b, 0x50, 0x6b, 0xff, 0x46, 0x59, 0x68, 0xff, 0x87, 0x88, 0x57, 0xff,
  0xdc, 0xc6, 0x3f, 0xff, 0xff, 0xe1, 0x35, 0xff, 0xe4, 0xcc, 0x3d, 0xff,
  0x4f, 0x5f, 0x65, 0xff, 0x87, 0x8a, 0x5a, 0xff, 0xfe, 0xe3, 0x40, 0xff,
  0xeb, 0xd5, 0x44, 0xff, 0x61, 0x6d, 0x66, 0xff, 0x3e, 0x53, 0x6e, 0xff,
  0x3f, 0x54, 0x6e, 0xff, 0xad, 0xa4, 0x50, 0xff, 0xff, 0xe2, 0x39, 0xff,
  0xff, 0xe1, 0x39, 0xff, 0xd2, 0xc0, 0x46, 0xff, 0x63, 0x6e, 0x64, 0xff,
  0x3e, 0x54, 0x6f, 0xff, 0x40, 0x55, 0x6e, 0xff, 0x40, 0x55, 0x6e, 0xff,
  0x40, 0x55, 0x6e, 0xff, 0x40, 0x55, 0x6e, 0xff, 0x40, 0x55, 0x6e, 0xff,
  0x40, 0x55, 0x6e, 0xff, 0x3f, 0x54, 0x6c, 0xff, 0x28, 0x35, 0x45, 0xff,
  0x42, 0x59, 0x73, 0xff, 0x2e, 0x3e, 0x4f, 0xff, 0x21, 0x1a, 0x0c, 0xff,
  0x15, 0x11, 0x09, 0xff, 0x17, 0x0e, 0x0b, 0xff, 0x29, 0x1c, 0x16, 0xff,
  0xc4, 0x92, 0x76, 0xff, 0xff, 0xbf, 0x99, 0xff, 0xfc, 0xbc, 0x97, 0xff,
  0xf9, 0xb6, 0x91, 0xff, 0xd9, 0x96, 0x77, 0xff, 0xba, 0x82, 0x68, 0xff,
  0xdc, 0xa5, 0x86, 0xff, 0xfd, 0xc3, 0xa1, 0xff, 0xfd, 0xc4, 0xa1, 0xff,
  0xf0, 0xa7, 0x84, 0xff, 0x7b, 0x4a, 0x37, 0xff, 0x52, 0x31, 0x22, 0xff,
  0x79, 0x4a, 0x33, 0xff, 0x82, 0x4f, 0x36, 0xff, 0x82, 0x4e, 0x35, 0xff,
  0x81, 0x4e, 0x35, 0xff, 0x81, 0x4e, 0x35, 0xff, 0x84, 0x50, 0x37, 0xff,
  0x87, 0x52, 0x38, 0xff, 0x88, 0x53, 0x39, 0xff, 0x7b, 0x4a, 0x33, 0xff,
  0x64, 0x3b, 0x28, 0xff, 0x6d, 0x41, 0x2c, 0xff, 0x79, 0x49, 0x31, 0xff,
  0x64, 0x3b, 0x29, 0xff, 0x5b, 0x35, 0x24, 0xff, 0x65, 0x3e, 0x2c, 0xff,
  0x5c, 0x3a, 0x2a, 0xff, 0x21, 0x14, 0x0e, 0xff, 0x00, 0x00, 0x00, 0xff,
  0x00, 0x00, 0x00, 0xff, 0x1a, 0x16, 0x05, 0xff, 0xac, 0x92, 0x22, 0xff,
  0xfe, 0xde, 0x3b, 0xff, 0xfd, 0xe7, 0x4a, 0xff, 0xfd, 0xe7, 0x4a, 0xff,
  0xfd, 0xe7, 0x4a, 0xff, 0xfd, 0xe7, 0x4a, 0xff, 0xfd, 0xe7, 0x4a, 0xff,
  0xff, 0xea, 0x4b, 0xff, 0xb8, 0xa7, 0x3a, 0xff, 0x33, 0x2c, 0x1c, 0xff,
  0x2f, 0x28, 0x1b, 0xff, 0x30, 0x29, 0x1c, 0xff, 0x31, 0x29, 0x1c, 0xff,
  0x33, 0x2b, 0x20, 0xff, 0x6c, 0x61, 0x33, 0xff, 0xdc, 0xd0, 0x54, 0xff,
  0x42, 0x3e, 0x19, 0xff, 0x12, 0x12, 0x14, 0xff, 0xbe, 0xbe, 0xbe, 0xff,
  0xff, 0xff, 0xff, 0xff, 0xff, 0xff, 0xff, 0xff, 0xff, 0xff, 0xff, 0xff,
  0xff, 0xff, 0xff, 0xff, 0xff, 0xff, 0xff, 0xff, 0xff, 0xff, 0xff, 0xff,
  0xff, 0xff, 0xff, 0xff, 0xff, 0xff, 0xff, 0xff, 0xff, 0xff, 0xff, 0xff,
  0xff, 0xff, 0xff, 0xff, 0xff, 0xff, 0xff, 0xff, 0xff, 0xff, 0xff, 0xff,
  0xff, 0xff, 0xff, 0xff, 0xff, 0xff, 0xff, 0xff, 0xff, 0xff, 0xff, 0xff,
  0xff, 0xff, 0xff, 0xff, 0xff, 0xff, 0xff, 0xff, 0xff, 0xff, 0xff, 0xff,
  0xff, 0xff, 0xff, 0xff, 0xff, 0xff, 0xff, 0xff, 0xff, 0xff, 0xff, 0xff,
  0xff, 0xff, 0xff, 0xff, 0xff, 0xff, 0xff, 0xff, 0xff, 0xff, 0xff, 0xff,
  0xff, 0xff, 0xff, 0xff, 0xff, 0xff, 0xff, 0xff, 0xff, 0xff, 0xff, 0xff,
  0xff, 0xff, 0xff, 0xff, 0xff, 0xff, 0xff, 0xff, 0xff, 0xff, 0xff, 0xff,
  0xff, 0xff, 0xff, 0xff, 0xff, 0xff, 0xff, 0xff, 0xff, 0xff, 0xff, 0xff,
  0xff, 0xff, 0xff, 0xff, 0xff, 0xff, 0xff, 0xff, 0xff, 0xff, 0xff, 0xff,
  0xea, 0xea, 0xea, 0xff, 0x32, 0x32, 0x32, 0xff, 0x17, 0x1b, 0x21, 0xff,
  0x49, 0x5b, 0x72, 0xff, 0x3d, 0x52, 0x6a, 0xff, 0x3d, 0x51, 0x69, 0xff,
  0x3c, 0x51, 0x69, 0xff, 0x3c, 0x50, 0x68, 0xff, 0x3c, 0x50, 0x68, 0xff,
  0x3c, 0x51, 0x6a, 0xff, 0x3b, 0x51, 0x6b, 0xff, 0x56, 0x64, 0x63, 0xff,
  0xa8, 0xa0, 0x4d, 0xff, 0xb9, 0xac, 0x48, 0xff, 0x47, 0x59, 0x67, 0xff,
  0x8a, 0x8c, 0x59, 0xff, 0xff, 0xe6, 0x3f, 0xff, 0xe6, 0xd1, 0x45, 0xff,
  0x58, 0x67, 0x67, 0xff, 0x3c, 0x52, 0x6c, 0xff, 0x3c, 0x51, 0x6b, 0xff,
  0x8f, 0x8e, 0x55, 0xff, 0xf3, 0xd8, 0x3c, 0xff, 0xc4, 0xb5, 0x4a, 0xff,
  0x5b, 0x68, 0x67, 0xff, 0x3e, 0x54, 0x6f, 0xff, 0x40, 0x55, 0x6e, 0xff,
  0x3f, 0x53, 0x6c, 0xff, 0x3d, 0x51, 0x69, 0xff, 0x3c, 0x4f, 0x66, 0xff,
  0x3b, 0x4e, 0x66, 0xff, 0x3c, 0x4f, 0x67, 0xff, 0x3e, 0x52, 0x6b, 0xff,
  0x40, 0x55, 0x6e, 0xff, 0x2a, 0x37, 0x48, 0xff, 0x33, 0x44, 0x58, 0xff,
  0x41, 0x58, 0x71, 0xff, 0x0f, 0x16, 0x1c, 0xff, 0x27, 0x36, 0x45, 0xff,
  0x06, 0x0b, 0x0f, 0xff, 0x24, 0x16, 0x11, 0xff, 0xdf, 0x9c, 0x7b, 0xff,
  0xfd, 0xbc, 0x96, 0xff, 0xf9, 0xb3, 0x8f, 0xff, 0xc7, 0x85, 0x69, 0xff,
  0x7d, 0x58, 0x47, 0xff, 0xd4, 0xa3, 0x86, 0xff, 0xfb, 0xc2, 0x9f, 0xff,
  0xfd, 0xc4, 0xa1, 0xff, 0xfd, 0xc5, 0xa2, 0xff, 0xfb, 0xbc, 0x99, 0xff,
  0xc7, 0x7c, 0x5e, 0xff, 0x46, 0x2a, 0x1e, 0xff, 0x60, 0x3a, 0x28, 0xff,
  0x75, 0x47, 0x30, 0xff, 0x80, 0x4d, 0x35, 0xff, 0x81, 0x4e, 0x35, 0xff,
  0x81, 0x4e, 0x35, 0xff, 0x81, 0x4e, 0x35, 0xff, 0x82, 0x4f, 0x36, 0xff,
  0x84, 0x50, 0x37, 0xff, 0x7e, 0x4c, 0x34, 0xff, 0x7b, 0x4a, 0x32, 0xff,
  0x75, 0x46, 0x30, 0xff, 0x63, 0x3a, 0x28, 0xff, 0x5b, 0x35, 0x25, 0xff,
  0x60, 0x3a, 0x28, 0xff, 0x6e, 0x49, 0x36, 0xff, 0x1f, 0x15, 0x10, 0xff,
  0x00, 0x00, 0x00, 0xff, 0x00, 0x00, 0x00, 0xff, 0x22, 0x1d, 0x07, 0xff,
  0xb0, 0x96, 0x24, 0xff, 0xfe, 0xd8, 0x33, 0xff, 0xfd, 0xd8, 0x34, 0xff,
  0xfd, 0xe3, 0x44, 0xff, 0xfd, 0xe7, 0x4a, 0xff, 0xfd, 0xe7, 0x4a, 0xff,
  0xfd, 0xe7, 0x4a, 0xff, 0xfe, 0xe8, 0x4a, 0xff, 0xf5, 0xe0, 0x48, 0xff,
  0x67, 0x5c, 0x25, 0xff, 0x23, 0x1d, 0x15, 0xff, 0x28, 0x22, 0x17, 0xff,
  0x2d, 0x27, 0x1a, 0xff, 0x30, 0x29, 0x1c, 0xff, 0x2f, 0x27, 0x1c, 0xff,
  0x62, 0x57, 0x2c, 0xff, 0xf5, 0xe5, 0x5c, 0xff, 0xc1, 0xb9, 0x56, 0xff,
  0x10, 0x10, 0x06, 0xff, 0x40, 0x40, 0x41, 0xff, 0xec, 0xec, 0xec, 0xff,
  0xff, 0xff, 0xff, 0xff, 0xff, 0xff, 0xff, 0xff, 0xff, 0xff, 0xff, 0xff,
  0xff, 0xff, 0xff, 0xff, 0xff, 0xff, 0xff, 0xff, 0xff, 0xff, 0xff, 0xff,
  0xff, 0xff, 0xff, 0xff, 0xff, 0xff, 0xff, 0xff, 0xff, 0xff, 0xff, 0xff,
  0xff, 0xff, 0xff, 0xff, 0xff, 0xff, 0xff, 0xff, 0xff, 0xff, 0xff, 0xff,
  0xff, 0xff, 0xff, 0xff, 0xff, 0xff, 0xff, 0xff, 0xff, 0xff, 0xff, 0xff,
  0xff, 0xff, 0xff, 0xff, 0xff, 0xff, 0xff, 0xff, 0xff, 0xff, 0xff, 0xff,
  0xff, 0xff, 0xff, 0xff, 0xff, 0xff, 0xff, 0xff, 0xff, 0xff, 0xff, 0xff,
  0xff, 0xff, 0xff, 0xff, 0xff, 0xff, 0xff, 0xff, 0xff, 0xff, 0xff, 0xff,
  0xff, 0xff, 0xff, 0xff, 0xff, 0xff, 0xff, 0xff, 0xff, 0xff, 0xff, 0xff,
  0xff, 0xff, 0xff, 0xff, 0xff, 0xff, 0xff, 0xff, 0xff, 0xff, 0xff, 0xff,
  0xff, 0xff, 0xff, 0xff, 0xff, 0xff, 0xff, 0xff, 0xff, 0xff, 0xff, 0xff,
  0xff, 0xff, 0xff, 0xff, 0xff, 0xff, 0xff, 0xff, 0xff, 0xff, 0xff, 0xff,
  0x87, 0x87, 0x87, 0xff, 0x04, 0x05, 0x06, 0xff, 0x40, 0x4e, 0x5f, 0xff,
  0x43, 0x57, 0x6e, 0xff, 0x39, 0x4c, 0x63, 0xff, 0x39, 0x4c, 0x63, 0xff,
  0x39, 0x4b, 0x62, 0xff, 0x39, 0x4b, 0x62, 0xff, 0x3a, 0x4d, 0x64, 0xff,
  0x3b, 0x4f, 0x66, 0xff, 0x3a, 0x4f, 0x69, 0xff, 0x3e, 0x52, 0x68, 0xff,
  0x44, 0x56, 0x67, 0xff, 0x3b, 0x50, 0x6a, 0xff, 0x60, 0x6c, 0x62, 0xff,
  0xcd, 0xbf, 0x4a, 0xff, 0xbb, 0xb1, 0x4e, 0xff, 0x4a, 0x5c, 0x68, 0xff,
  0x3c, 0x51, 0x6a, 0xff, 0x3d, 0x52, 0x6a, 0xff, 0x42, 0x54, 0x65, 0xff,
  0x68, 0x6f, 0x59, 0xff, 0x4e, 0x5d, 0x64, 0xff, 0x3c, 0x50, 0x6a, 0xff,
  0x3d, 0x51, 0x69, 0xff, 0x3b, 0x4e, 0x65, 0xff, 0x3a, 0x4c, 0x63, 0xff,
  0x39, 0x4b, 0x62, 0xff, 0x39, 0x4b, 0x62, 0xff, 0x39, 0x4b, 0x62, 0xff,
  0x39, 0x4b, 0x62, 0xff, 0x39, 0x4c, 0x63, 0xff, 0x3c, 0x50, 0x68, 0xff,
  0x2b, 0x38, 0x4a, 0xff, 0x22, 0x2d, 0x3b, 0xff, 0x48, 0x61, 0x7d, 0xff,
  0x1c, 0x26, 0x31, 0xff, 0x30, 0x43, 0x54, 0xff, 0x2d, 0x3f, 0x4f, 0xff,
  0x15, 0x0e, 0x0c, 0xff, 0xad, 0x69, 0x50, 0xff, 0xeb, 0x95, 0x73, 0xff,
  0xdc, 0x87, 0x67, 0xff, 0x5d, 0x3a, 0x2d, 0xff, 0xb2, 0x86, 0x6d, 0xff,
  0xff, 0xc1, 0x9d, 0xff, 0xfc, 0xbe, 0x9b, 0xff, 0xfd, 0xc0, 0x9d, 0xff,
  0xfd, 0xc3, 0xa0, 0xff, 0xf9, 0xba, 0x97, 0xff, 0xe2, 0x8e, 0x6c, 0xff,
  0x67, 0x3d, 0x2c, 0xff, 0x53, 0x30, 0x21, 0xff, 0x74, 0x46, 0x2f, 0xff,
  0x81, 0x4e, 0x35, 0xff, 0x82, 0x4e, 0x35, 0xff, 0x82, 0x4e, 0x35, 0xff,
  0x82, 0x4e, 0x35, 0xff, 0x81, 0x4e, 0x35, 0xff, 0x7d, 0x4c, 0x33, 0xff,
  0x76, 0x47, 0x30, 0xff, 0x69, 0x3e, 0x2b, 0xff, 0x5e, 0x37, 0x26, 0xff,
  0x5b, 0x35, 0x25, 0xff, 0x5f, 0x39, 0x27, 0xff, 0x73, 0x4b, 0x37, 0xff,
  0x52, 0x38, 0x2a, 0xff, 0x04, 0x02, 0x02, 0xff, 0x00, 0x00, 0x00, 0xff,
  0x38, 0x30, 0x0b, 0xff, 0xc6, 0xa8, 0x28, 0xff, 0xff, 0xd9, 0x33, 0xff,
  0xfd, 0xd7, 0x33, 0xff, 0xfd, 0xd7, 0x33, 0xff, 0xfd, 0xdc, 0x3a, 0xff,
  0xfd, 0xe6, 0x49, 0xff, 0xfd, 0xe7, 0x4a, 0xff, 0xfd, 0xe7, 0x4a, 0xff,
  0xff, 0xea, 0x4b, 0xff, 0xc6, 0xb5, 0x3d, 0xff, 0x32, 0x2b, 0x18, 0xff,
  0x24, 0x1e, 0x15, 0xff, 0x25, 0x1f, 0x15, 0xff, 0x27, 0x21, 0x16, 0xff,
  0x2e, 0x27, 0x1b, 0xff, 0x2d, 0x26, 0x1b, 0xff, 0x67, 0x5c, 0x2a, 0xff,
  0xf8, 0xe3, 0x52, 0xff, 0xfb, 0xf0, 0x6d, 0xff, 0x7a, 0x76, 0x3a, 0xff,
  0x03, 0x02, 0x02, 0xff, 0x8a, 0x8a, 0x8a, 0xff, 0xff, 0xff, 0xff, 0xff,
  0xff, 0xff, 0xff, 0xff, 0xff, 0xff, 0xff, 0xff, 0xff, 0xff, 0xff, 0xff,
  0xff, 0xff, 0xff, 0xff, 0xff, 0xff, 0xff, 0xff, 0xff, 0xff, 0xff, 0xff,
  0xff, 0xff, 0xff, 0xff, 0xff, 0xff, 0xff, 0xff, 0xff, 0xff, 0xff, 0xff,
  0xff, 0xff, 0xff, 0xff, 0xff, 0xff, 0xff, 0xff, 0xff, 0xff, 0xff, 0xff,
  0xff, 0xff, 0xff, 0xff, 0xff, 0xff, 0xff, 0xff, 0xff, 0xff, 0xff, 0xff,
  0xff, 0xff, 0xff, 0xff, 0xff, 0xff, 0xff, 0xff, 0xff, 0xff, 0xff, 0xff,
  0xff, 0xff, 0xff, 0xff, 0xff, 0xff, 0xff, 0xff, 0xff, 0xff, 0xff, 0xff,
  0xff, 0xff, 0xff, 0xff, 0xff, 0xff, 0xff, 0xff, 0xff, 0xff, 0xff, 0xff,
  0xff, 0xff, 0xff, 0xff, 0xff, 0xff, 0xff, 0xff, 0xff, 0xff, 0xff, 0xff,
  0xff, 0xff, 0xff, 0xff, 0xff, 0xff, 0xff, 0xff, 0xff, 0xff, 0xff, 0xff,
  0xff, 0xff, 0xff, 0xff, 0xff, 0xff, 0xff, 0xff, 0xff, 0xff, 0xff, 0xff,
  0xff, 0xff, 0xff, 0xff, 0xff, 0xff, 0xff, 0xff, 0xd6, 0xd6, 0xd6, 0xff,
  0x1b, 0x1b, 0x1a, 0xff, 0x24, 0x2b, 0x34, 0xff, 0x51, 0x62, 0x79, 0xff,
  0x39, 0x4b, 0x63, 0xff, 0x39, 0x4b, 0x62, 0xff, 0x39, 0x4b, 0x62, 0xff,
  0x39, 0x4b, 0x62, 0xff, 0x39, 0x4b, 0x62, 0xff, 0x39, 0x4b, 0x62, 0xff,
  0x39, 0x4c, 0x63, 0xff, 0x39, 0x4c, 0x63, 0xff, 0x39, 0x4b, 0x63, 0xff,
  0x3a, 0x4c, 0x64, 0xff, 0x3a, 0x4d, 0x65, 0xff, 0x46, 0x58, 0x65, 0xff,
  0x46, 0x57, 0x65, 0xff, 0x3b, 0x4f, 0x66, 0xff, 0x3b, 0x4f, 0x66, 0xff,
  0x3b, 0x4f, 0x66, 0xff, 0x39, 0x4b, 0x63, 0xff, 0x37, 0x49, 0x62, 0xff,
  0x38, 0x4a, 0x62, 0xff, 0x39, 0x4b, 0x62, 0xff, 0x39, 0x4b, 0x62, 0xff,
  0x39, 0x4b, 0x62, 0xff, 0x39, 0x4b, 0x62, 0xff, 0x39, 0x4b, 0x62, 0xff,
  0x39, 0x4b, 0x62, 0xff, 0x39, 0x4b, 0x62, 0xff, 0x39, 0x4b, 0x62, 0xff,
  0x39, 0x4b, 0x62, 0xff, 0x39, 0x4b, 0x62, 0xff, 0x2b, 0x38, 0x49, 0xff,
  0x1b, 0x23, 0x2e, 0xff, 0x3d, 0x52, 0x6b, 0xff, 0x2b, 0x3a, 0x4c, 0xff,
  0x23, 0x31, 0x3c, 0xff, 0x3d, 0x56, 0x6b, 0xff, 0x10, 0x17, 0x1d, 0xff,
  0x27, 0x16, 0x10, 0xff, 0x72, 0x43, 0x32, 0xff, 0x5c, 0x36, 0x28, 0xff,
  0x3e, 0x29, 0x20, 0xff, 0xec, 0xac, 0x8b, 0xff, 0xfd, 0xbe, 0x9b, 0xff,
  0xfc, 0xbc, 0x99, 0xff, 0xfa, 0xb6, 0x93, 0xff, 0xf2, 0xa7, 0x84, 0xff,
  0xea, 0x94, 0x71, 0xff, 0xe7, 0x8a, 0x68, 0xff, 0x83, 0x4e, 0x39, 0xff,
  0x4f, 0x2d, 0x1f, 0xff, 0x5f, 0x37, 0x26, 0xff, 0x6e, 0x42, 0x2d, 0xff,
  0x73, 0x45, 0x2f, 0xff, 0x72, 0x44, 0x2e, 0xff, 0x70, 0x42, 0x2d, 0xff,
  0x6b, 0x3f, 0x2b, 0xff, 0x62, 0x3a, 0x27, 0xff, 0x5c, 0x36, 0x25, 0xff,
  0x5b, 0x35, 0x24, 0xff, 0x5a, 0x35, 0x24, 0xff, 0x61, 0x3a, 0x29, 0xff,
  0x6c, 0x47, 0x34, 0xff, 0x4c, 0x33, 0x27, 0xff, 0x0d, 0x08, 0x08, 0xff,
  0x07, 0x05, 0x01, 0xff, 0x62, 0x53, 0x14, 0xff, 0xdd, 0xbc, 0x2d, 0xff,
  0xff, 0xda, 0x34, 0xff, 0xfd, 0xd7, 0x33, 0xff, 0xfd, 0xd7, 0x33, 0xff,
  0xfd, 0xd7, 0x33, 0xff, 0xfd, 0xd7, 0x34, 0xff, 0xfd, 0xe1, 0x41, 0xff,
  0xfd, 0xe7, 0x4a, 0xff, 0xfd, 0xe7, 0x4a, 0xff, 0xfa, 0xe4, 0x49, 0xff,
  0x78, 0x6b, 0x29, 0xff, 0x22, 0x1c, 0x14, 0xff, 0x25, 0x1f, 0x15, 0xff,
  0x25, 0x1f, 0x15, 0xff, 0x25, 0x1f, 0x15, 0xff, 0x2a, 0x24, 0x18, 0xff,
  0x2d, 0x26, 0x1b, 0xff, 0x70, 0x64, 0x2c, 0xff, 0xf9, 0xe3, 0x4d, 0xff,
  0xff, 0xed, 0x5e, 0xff, 0xe7, 0xe0, 0x75, 0xff, 0x3a, 0x39, 0x1e, 0xff,
  0x1f, 0x20, 0x21, 0xff, 0xd6, 0xd6, 0xd6, 0xff, 0xff, 0xff, 0xff, 0xff,
  0xff, 0xff, 0xff, 0xff, 0xff, 0xff, 0xff, 0xff, 0xff, 0xff, 0xff, 0xff,
  0xff, 0xff, 0xff, 0xff, 0xff, 0xff, 0xff, 0xff, 0xff, 0xff, 0xff, 0xff,
  0xff, 0xff, 0xff, 0xff, 0xff, 0xff, 0xff, 0xff, 0xff, 0xff, 0xff, 0xff,
  0xff, 0xff, 0xff, 0xff, 0xff, 0xff, 0xff, 0xff, 0xff, 0xff, 0xff, 0xff,
  0xff, 0xff, 0xff, 0xff, 0xff, 0xff, 0xff, 0xff, 0xff, 0xff, 0xff, 0xff,
  0xff, 0xff, 0xff, 0xff, 0xff, 0xff, 0xff, 0xff, 0xff, 0xff, 0xff, 0xff,
  0xff, 0xff, 0xff, 0xff, 0xff, 0xff, 0xff, 0xff, 0xff, 0xff, 0xff, 0xff,
  0xff, 0xff, 0xff, 0xff, 0xff, 0xff, 0xff, 0xff, 0xff, 0xff, 0xff, 0xff,
  0xff, 0xff, 0xff, 0xff, 0xff, 0xff, 0xff, 0xff, 0xff, 0xff, 0xff, 0xff,
  0xff, 0xff, 0xff, 0xff, 0xff, 0xff, 0xff, 0xff, 0xff, 0xff, 0xff, 0xff,
  0xff, 0xff, 0xff, 0xff, 0xff, 0xff, 0xff, 0xff, 0xff, 0xff, 0xff, 0xff,
  0xff, 0xff, 0xff, 0xff, 0xfd, 0xfd, 0xfd, 0xff, 0x66, 0x66, 0x66, 0xff,
  0x07, 0x09, 0x0b, 0xff, 0x48, 0x57, 0x6a, 0xff, 0x3c, 0x4e, 0x64, 0xff,
  0x39, 0x4b, 0x62, 0xff, 0x39, 0x4c, 0x63, 0xff, 0x39, 0x4b, 0x62, 0xff,
  0x39, 0x4b, 0x62, 0xff, 0x39, 0x4b, 0x62, 0xff, 0x39, 0x4b, 0x62, 0xff,
  0x39, 0x4b, 0x62, 0xff, 0x39, 0x4b, 0x62, 0xff, 0x39, 0x4b, 0x62, 0xff,
  0x39, 0x4b, 0x62, 0xff, 0x38, 0x4b, 0x62, 0xff, 0x39, 0x4b, 0x62, 0xff,
  0x39, 0x4b, 0x62, 0xff, 0x39, 0x4b, 0x62, 0xff, 0x39, 0x4b, 0x62, 0xff,
  0x39, 0x4b, 0x62, 0xff, 0x39, 0x4b, 0x62, 0xff, 0x39, 0x4b, 0x62, 0xff,
  0x39, 0x4b, 0x62, 0xff, 0x39, 0x4b, 0x62, 0xff, 0x39, 0x4b, 0x62, 0xff,
  0x39, 0x4b, 0x62, 0xff, 0x39, 0x4b, 0x62, 0xff, 0x39, 0x4b, 0x62, 0xff,
  0x39, 0x4b, 0x62, 0xff, 0x39, 0x4b, 0x62, 0xff, 0x39, 0x4b, 0x62, 0xff,
  0x38, 0x4a, 0x61, 0xff, 0x29, 0x35, 0x46, 0xff, 0x1c, 0x24, 0x2f, 0xff,
  0x2c, 0x3b, 0x4e, 0xff, 0x39, 0x4d, 0x66, 0xff, 0x14, 0x1c, 0x23, 0xff,
  0x29, 0x38, 0x44, 0xff, 0x0f, 0x14, 0x18, 0xff, 0x00, 0x00, 0x00, 0xff,
  0x00, 0x00, 0x01, 0xff, 0x00, 0x00, 0x02, 0xff, 0x24, 0x16, 0x10, 0xff,
  0xce, 0x86, 0x68, 0xff, 0xf6, 0xa9, 0x85, 0xff, 0xf0, 0xa0, 0x7d, 0xff,
  0xc0, 0x78, 0x5c, 0xff, 0x73, 0x44, 0x33, 0xff, 0x9e, 0x5e, 0x46, 0xff,
  0x9a, 0x5c, 0x45, 0xff, 0x58, 0x34, 0x25, 0xff, 0x55, 0x31, 0x21, 0xff,
  0x57, 0x32, 0x22, 0xff, 0x57, 0x32, 0x22, 0xff, 0x58, 0x33, 0x22, 0xff,
  0x58, 0x32, 0x22, 0xff, 0x57, 0x32, 0x22, 0xff, 0x57, 0x32, 0x22, 0xff,
  0x57, 0x32, 0x22, 0xff, 0x58, 0x32, 0x22, 0xff, 0x5c, 0x36, 0x25, 0xff,
  0x5e, 0x38, 0x27, 0xff, 0x64, 0x41, 0x30, 0xff, 0x2e, 0x1f, 0x18, 0xff,
  0x08, 0x05, 0x02, 0xff, 0x32, 0x22, 0x06, 0xff, 0x97, 0x70, 0x17, 0xff,
  0xf4, 0xcd, 0x30, 0xff, 0xff, 0xd9, 0x34, 0xff, 0xfd, 0xd7, 0x33, 0xff,
  0xfd, 0xd7, 0x33, 0xff, 0xfd, 0xd7, 0x33, 0xff, 0xfd, 0xd7, 0x33, 0xff,
  0xfd, 0xd7, 0x33, 0xff, 0xfd, 0xda, 0x37, 0xff, 0xfd, 0xe5, 0x47, 0xff,
  0xff, 0xea, 0x4b, 0xff, 0xd4, 0xc1, 0x3f, 0xff, 0x39, 0x32, 0x1a, 0xff,
  0x23, 0x1e, 0x15, 0xff, 0x24, 0x1e, 0x14, 0xff, 0x24, 0x1f, 0x15, 0xff,
  0x25, 0x1f, 0x15, 0xff, 0x27, 0x21, 0x16, 0xff, 0x2c, 0x25, 0x1b, 0xff,
  0x80, 0x73, 0x30, 0xff, 0xfc, 0xe6, 0x4f, 0xff, 0xfd, 0xe8, 0x51, 0xff,
  0xff, 0xf6, 0x79, 0xff, 0xa8, 0xa4, 0x5c, 0xff, 0x04, 0x04, 0x01, 0xff,
  0x70, 0x70, 0x71, 0xff, 0xfe, 0xfe, 0xfe, 0xff, 0xff, 0xff, 0xff, 0xff,
  0xff, 0xff, 0xff, 0xff, 0xff, 0xff, 0xff, 0xff, 0xff, 0xff, 0xff, 0xff,
  0xff, 0xff, 0xff, 0xff, 0xff, 0xff, 0xff, 0xff, 0xff, 0xff, 0xff, 0xff,
  0xff, 0xff, 0xff, 0xff, 0xff, 0xff, 0xff, 0xff, 0xff, 0xff, 0xff, 0xff,
  0xff, 0xff, 0xff, 0xff, 0xff, 0xff, 0xff, 0xff, 0xff, 0xff, 0xff, 0xff,
  0xff, 0xff, 0xff, 0xff, 0xff, 0xff, 0xff, 0xff, 0xff, 0xff, 0xff, 0xff,
  0xff, 0xff, 0xff, 0xff, 0xff, 0xff, 0xff, 0xff, 0xff, 0xff, 0xff, 0xff,
  0xff, 0xff, 0xff, 0xff, 0xff, 0xff, 0xff, 0xff, 0xff, 0xff, 0xff, 0xff,
  0xff, 0xff, 0xff, 0xff, 0xff, 0xff, 0xff, 0xff, 0xff, 0xff, 0xff, 0xff,
  0xff, 0xff, 0xff, 0xff, 0xff, 0xff, 0xff, 0xff, 0xff, 0xff, 0xff, 0xff,
  0xff, 0xff, 0xff, 0xff, 0xff, 0xff, 0xff, 0xff, 0xff, 0xff, 0xff, 0xff,
  0xff, 0xff, 0xff, 0xff, 0xff, 0xff, 0xff, 0xff, 0xff, 0xff, 0xff, 0xff,
  0xff, 0xff, 0xff, 0xff, 0xc4, 0xc4, 0xc4, 0xff, 0x13, 0x13, 0x12, 0xff,
  0x26, 0x2e, 0x39, 0xff, 0x2f, 0x3b, 0x4b, 0xff, 0x2a, 0x37, 0x48, 0xff,
  0x33, 0x43, 0x57, 0xff, 0x35, 0x45, 0x5b, 0xff, 0x35, 0x46, 0x5b, 0xff,
  0x36, 0x46, 0x5c, 0xff, 0x36, 0x47, 0x5d, 0xff, 0x37, 0x48, 0x5e, 0xff,
  0x37, 0x48, 0x5f, 0xff, 0x38, 0x49, 0x60, 0xff, 0x38, 0x4a, 0x60, 0xff,
  0x38, 0x4a, 0x61, 0xff, 0x38, 0x4a, 0x61, 0xff, 0x39, 0x4a, 0x61, 0xff,
  0x39, 0x4a, 0x61, 0xff, 0x39, 0x4b, 0x61, 0xff, 0x39, 0x4b, 0x62, 0xff,
  0x39, 0x4b, 0x62, 0xff, 0x39, 0x4b, 0x62, 0xff, 0x39, 0x4b, 0x62, 0xff,
  0x39, 0x4b, 0x62, 0xff, 0x39, 0x4b, 0x62, 0xff, 0x39, 0x4b, 0x62, 0xff,
  0x39, 0x4b, 0x62, 0xff, 0x39, 0x4b, 0x62, 0xff, 0x39, 0x4b, 0x62, 0xff,
  0x39, 0x4b, 0x62, 0xff, 0x38, 0x4a, 0x60, 0xff, 0x33, 0x42, 0x57, 0xff,
  0x26, 0x30, 0x40, 0xff, 0x21, 0x2a, 0x37, 0xff, 0x1d, 0x27, 0x34, 0xff,
  0x3b, 0x4f, 0x6a, 0xff, 0x19, 0x21, 0x2b, 0xff, 0x29, 0x35, 0x3f, 0xff,
  0x2a, 0x36, 0x41, 0xff, 0x23, 0x2d, 0x37, 0xff, 0x30, 0x3d, 0x4c, 0xff,
  0x27, 0x32, 0x3f, 0xff, 0x0a, 0x0c, 0x10, 0xff, 0x3b, 0x22, 0x18, 0xff,
  0x7a, 0x49, 0x36, 0xff, 0x6f, 0x41, 0x30, 0xff, 0x29, 0x1b, 0x17, 0xff,
  0x0b, 0x0f, 0x15, 0xff, 0x0e, 0x0f, 0x12, 0xff, 0x09, 0x06, 0x05, 0xff,
  0x35, 0x1e, 0x14, 0xff, 0x57, 0x32, 0x22, 0xff, 0x57, 0x32, 0x22, 0xff,
  0x57, 0x32, 0x22, 0xff, 0x57, 0x32, 0x22, 0xff, 0x57, 0x32, 0x22, 0xff,
  0x57, 0x32, 0x22, 0xff, 0x58, 0x33, 0x23, 0xff, 0x5d, 0x37, 0x26, 0xff,
  0x69, 0x41, 0x2e, 0xff, 0x5b, 0x3a, 0x2a, 0xff, 0x30, 0x1d, 0x16, 0xff,
  0x1f, 0x14, 0x0c, 0xff, 0x3d, 0x2b, 0x08, 0xff, 0x91, 0x64, 0x13, 0xff,
  0xd2, 0x94, 0x1d, 0xff, 0xf5, 0xc2, 0x2b, 0xff, 0xfe, 0xd8, 0x33, 0xff,
  0xfd, 0xd7, 0x33, 0xff, 0xfd, 0xd7, 0x33, 0xff, 0xfd, 0xd7, 0x33, 0xff,
  0xfd, 0xd7, 0x33, 0xff, 0xfd, 0xd7, 0x33, 0xff, 0xfd, 0xd7, 0x33, 0xff,
  0xfd, 0xd7, 0x33, 0xff, 0xfe, 0xdf, 0x3d, 0xff, 0xf0, 0xdb, 0x45, 0xff,
  0x63, 0x5a, 0x1f, 0xff, 0x1f, 0x1a, 0x12, 0xff, 0x1f, 0x1a, 0x12, 0xff,
  0x1c, 0x18, 0x11, 0xff, 0x1d, 0x19, 0x11, 0xff, 0x22, 0x1d, 0x14, 0xff,
  0x25, 0x1f, 0x15, 0xff, 0x28, 0x21, 0x18, 0xff, 0x94, 0x86, 0x34, 0xff,
  0xff, 0xe9, 0x50, 0xff, 0xfd, 0xe7, 0x4e, 0xff, 0xff, 0xee, 0x63, 0xff,
  0xde, 0xd7, 0x76, 0xff, 0x20, 0x1e, 0x11, 0xff, 0x18, 0x18, 0x19, 0xff,
  0xcf, 0xcf, 0xcf, 0xff, 0xff, 0xff, 0xff, 0xff, 0xff, 0xff, 0xff, 0xff,
  0xff, 0xff, 0xff, 0xff, 0xff, 0xff, 0xff, 0xff, 0xff, 0xff, 0xff, 0xff,
  0xff, 0xff, 0xff, 0xff, 0xff, 0xff, 0xff, 0xff, 0xff, 0xff, 0xff, 0xff,
  0xff, 0xff, 0xff, 0xff, 0xff, 0xff, 0xff, 0xff, 0xff, 0xff, 0xff, 0xff,
  0xff, 0xff, 0xff, 0xff, 0xff, 0xff, 0xff, 0xff, 0xff, 0xff, 0xff, 0xff,
  0xff, 0xff, 0xff, 0xff, 0xff, 0xff, 0xff, 0xff, 0xff, 0xff, 0xff, 0xff,
  0xff, 0xff, 0xff, 0xff, 0xff, 0xff, 0xff, 0xff, 0xff, 0xff, 0xff, 0xff,
  0xff, 0xff, 0xff, 0xff, 0xff, 0xff, 0xff, 0xff, 0xff, 0xff, 0xff, 0xff,
  0xff, 0xff, 0xff, 0xff, 0xff, 0xff, 0xff, 0xff, 0xff, 0xff, 0xff, 0xff,
  0xff, 0xff, 0xff, 0xff, 0xff, 0xff, 0xff, 0xff, 0xff, 0xff, 0xff, 0xff,
  0xff, 0xff, 0xff, 0xff, 0xff, 0xff, 0xff, 0xff, 0xff, 0xff, 0xff, 0xff,
  0xff, 0xff, 0xff, 0xff, 0xff, 0xff, 0xff, 0xff, 0xff, 0xff, 0xff, 0xff,
  0xfa, 0xfa, 0xfa, 0xff, 0x5e, 0x5e, 0x5d, 0xff, 0x04, 0x06, 0x09, 0xff,
  0x17, 0x1d, 0x26, 0xff, 0x14, 0x1a, 0x24, 0xff, 0x18, 0x1e, 0x29, 0xff,
  0x19, 0x21, 0x2c, 0xff, 0x1a, 0x21, 0x2d, 0xff, 0x1a, 0x22, 0x2e, 0xff,
  0x1b, 0x23, 0x2f, 0xff, 0x1c, 0x24, 0x30, 0xff, 0x1e, 0x26, 0x33, 0xff,
  0x1f, 0x29, 0x36, 0xff, 0x21, 0x2b, 0x39, 0xff, 0x22, 0x2c, 0x3b, 0xff,
  0x24, 0x2f, 0x3e, 0xff, 0x25, 0x30, 0x40, 0xff, 0x25, 0x30, 0x40, 0xff,
  0x26, 0x31, 0x41, 0xff, 0x26, 0x31, 0x41, 0xff, 0x26, 0x31, 0x41, 0xff,
  0x26, 0x31, 0x42, 0xff, 0x26, 0x32, 0x42, 0xff, 0x26, 0x32, 0x42, 0xff,
  0x27, 0x32, 0x42, 0xff, 0x27, 0x32, 0x43, 0xff, 0x27, 0x32, 0x43, 0xff,
  0x27, 0x33, 0x44, 0xff, 0x29, 0x35, 0x46, 0xff, 0x29, 0x35, 0x46, 0xff,
  0x26, 0x31, 0x41, 0xff, 0x24, 0x2e, 0x3d, 0xff, 0x24, 0x2e, 0x3c, 0xff,
  0x23, 0x2d, 0x3b, 0xff, 0x18, 0x20, 0x2b, 0xff, 0x2c, 0x3c, 0x51, 0xff,
  0x18, 0x20, 0x2c, 0xff, 0x1f, 0x27, 0x30, 0xff, 0x4a, 0x5e, 0x74, 0xff,
  0x4a, 0x5f, 0x74, 0xff, 0x3f, 0x50, 0x63, 0xff, 0x2d, 0x39, 0x45, 0xff,
  0x24, 0x2b, 0x33, 0xff, 0x19, 0x20, 0x28, 0xff, 0x0e, 0x14, 0x1b, 0xff,
  0x11, 0x19, 0x22, 0xff, 0x1f, 0x2b, 0x3b, 0xff, 0x2a, 0x39, 0x4c, 0xff,
  0x28, 0x36, 0x49, 0xff, 0x15, 0x1d, 0x27, 0xff, 0x07, 0x05, 0x04, 0xff,
  0x1e, 0x11, 0x0c, 0xff, 0x28, 0x17, 0x10, 0xff, 0x52, 0x32, 0x24, 0xff,
  0x66, 0x40, 0x2e, 0xff, 0x6a, 0x43, 0x30, 0xff, 0x6b, 0x43, 0x30, 0xff,
  0x68, 0x42, 0x2f, 0xff, 0x60, 0x3d, 0x2d, 0xff, 0x3c, 0x27, 0x1e, 0xff,
  0x18, 0x10, 0x09, 0xff, 0x41, 0x2d, 0x08, 0xff, 0x99, 0x6a, 0x14, 0xff,
  0xd6, 0x94, 0x1d, 0xff, 0xea, 0xab, 0x24, 0xff, 0xf5, 0xc8, 0x30, 0xff,
  0xfd, 0xd8, 0x35, 0xff, 0xfd, 0xd8, 0x34, 0xff, 0xfd, 0xd7, 0x33, 0xff,
  0xfd, 0xd7, 0x33, 0xff, 0xfd, 0xd7, 0x33, 0xff, 0xfd, 0xd7, 0x33, 0xff,
  0xfd, 0xd7, 0x33, 0xff, 0xfd, 0xd7, 0x33, 0xff, 0xfe, 0xd7, 0x33, 0xff,
  0xfc, 0xd7, 0x34, 0xff, 0x87, 0x78, 0x22, 0xff, 0x16, 0x13, 0x0c, 0xff,
  0x1b, 0x17, 0x10, 0xff, 0x1b, 0x17, 0x10, 0xff, 0x1b, 0x17, 0x10, 0xff,
  0x1b, 0x17, 0x10, 0xff, 0x1e, 0x19, 0x11, 0xff, 0x24, 0x1e, 0x15, 0xff,
  0x29, 0x22, 0x16, 0xff, 0xb3, 0xa3, 0x3b, 0xff, 0xff, 0xea, 0x50, 0xff,
  0xfd, 0xe7, 0x4f, 0xff, 0xfe, 0xe9, 0x54, 0xff, 0xe8, 0xdc, 0x6a, 0xff,
  0x4a, 0x41, 0x25, 0xff, 0x00, 0x00, 0x00, 0xff, 0x75, 0x75, 0x75, 0xff,
  0xff, 0xff, 0xff, 0xff, 0xff, 0xff, 0xff, 0xff, 0xff, 0xff, 0xff, 0xff,
  0xff, 0xff, 0xff, 0xff, 0xff, 0xff, 0xff, 0xff, 0xff, 0xff, 0xff, 0xff,
  0xff, 0xff, 0xff, 0xff, 0xff, 0xff, 0xff, 0xff, 0xff, 0xff, 0xff, 0xff,
  0xff, 0xff, 0xff, 0xff, 0xff, 0xff, 0xff, 0xff, 0xff, 0xff, 0xff, 0xff,
  0xff, 0xff, 0xff, 0xff, 0xff, 0xff, 0xff, 0xff, 0xff, 0xff, 0xff, 0xff,
  0xff, 0xff, 0xff, 0xff, 0xff, 0xff, 0xff, 0xff, 0xff, 0xff, 0xff, 0xff,
  0xff, 0xff, 0xff, 0xff, 0xff, 0xff, 0xff, 0xff, 0xff, 0xff, 0xff, 0xff,
  0xff, 0xff, 0xff, 0xff, 0xff, 0xff, 0xff, 0xff, 0xff, 0xff, 0xff, 0xff,
  0xff, 0xff, 0xff, 0xff, 0xff, 0xff, 0xff, 0xff, 0xff, 0xff, 0xff, 0xff,
  0xff, 0xff, 0xff, 0xff, 0xff, 0xff, 0xff, 0xff, 0xff, 0xff, 0xff, 0xff,
  0xff, 0xff, 0xff, 0xff, 0xff, 0xff, 0xff, 0xff, 0xff, 0xff, 0xff, 0xff,
  0xff, 0xff, 0xff, 0xff, 0xff, 0xff, 0xff, 0xff, 0xff, 0xff, 0xff, 0xff,
  0xb9, 0xb9, 0xb9, 0xff, 0x0b, 0x0b, 0x0b, 0xff, 0x11, 0x15, 0x1a, 0xff,
  0x2c, 0x34, 0x3e, 0xff, 0x27, 0x2f, 0x38, 0xff, 0x22, 0x29, 0x32, 0xff,
  0x1e, 0x25, 0x2d, 0xff, 0x1c, 0x22, 0x2a, 0xff, 0x1b, 0x21, 0x29, 0xff,
  0x1b, 0x20, 0x28, 0xff, 0x18, 0x1e, 0x25, 0xff, 0x16, 0x1a, 0x22, 0xff,
  0x13, 0x18, 0x1f, 0xff, 0x12, 0x17, 0x1e, 0xff, 0x12, 0x16, 0x1e, 0xff,
  0x11, 0x15, 0x1d, 0xff, 0x12, 0x16, 0x1e, 0xff, 0x12, 0x17, 0x1f, 0xff,
  0x12, 0x17, 0x1f, 0xff, 0x13, 0x18, 0x21, 0xff, 0x13, 0x19, 0x22, 0xff,
  0x14, 0x1a, 0x23, 0xff, 0x15, 0x1b, 0x25, 0xff, 0x15, 0x1b, 0x25, 0xff,
  0x15, 0x1a, 0x25, 0xff, 0x15, 0x1a, 0x25, 0xff, 0x15, 0x1a, 0x25, 0xff,
  0x17, 0x1d, 0x28, 0xff, 0x1a, 0x22, 0x2d, 0xff, 0x1b, 0x23, 0x2e, 0xff,
  0x1c, 0x24, 0x30, 0xff, 0x1e, 0x26, 0x33, 0xff, 0x1e, 0x27, 0x34, 0xff,
  0x17, 0x1f, 0x29, 0xff, 0x1e, 0x2a, 0x39, 0xff, 0x0c, 0x11, 0x17, 0xff,
  0x12, 0x17, 0x1d, 0xff, 0x2d, 0x39, 0x45, 0xff, 0x33, 0x3f, 0x4b, 0xff,
  0x46, 0x53, 0x62, 0xff, 0x5c, 0x6c, 0x81, 0xff, 0x64, 0x78, 0x91, 0xff,
  0x53, 0x68, 0x82, 0xff, 0x40, 0x53, 0x6c, 0xff, 0x32, 0x43, 0x59, 0xff,
  0x2c, 0x3b, 0x4f, 0xff, 0x28, 0x35, 0x48, 0xff, 0x1e, 0x29, 0x37, 0xff,
  0x0c, 0x12, 0x1a, 0xff, 0x13, 0x0d, 0x03, 0xff, 0x2f, 0x1f, 0x04, 0xff,
  0x0f, 0x0a, 0x02, 0xff, 0x11, 0x0b, 0x09, 0xff, 0x1f, 0x14, 0x10, 0xff,
  0x2a, 0x1b, 0x15, 0xff, 0x29, 0x1a, 0x14, 0xff, 0x1c, 0x12, 0x0e, 0xff,
  0x19, 0x11, 0x08, 0xff, 0x40, 0x2c, 0x08, 0xff, 0x97, 0x69, 0x14, 0xff,
  0xd7, 0x95, 0x1d, 0xff, 0xe9, 0xa8, 0x23, 0xff, 0xf1, 0xbf, 0x2d, 0xff,
  0xfa, 0xd5, 0x37, 0xff, 0xfd, 0xdd, 0x3a, 0xff, 0xfd, 0xdc, 0x3a, 0xff,
  0xfd, 0xda, 0x38, 0xff, 0xfd, 0xd7, 0x34, 0xff, 0xfd, 0xd7, 0x33, 0xff,
  0xfd, 0xd7, 0x33, 0xff, 0xfd, 0xd7, 0x33, 0xff, 0xfd, 0xd7, 0x33, 0xff,
  0xfe, 0xd8, 0x33, 0xff, 0xfd, 0xd7, 0x33, 0xff, 0x9b, 0x83, 0x1f, 0xff,
  0x0e, 0x0c, 0x03, 0xff, 0x0b, 0x0a, 0x07, 0xff, 0x1a, 0x17, 0x10, 0xff,
  0x1b, 0x17, 0x10, 0xff, 0x1b, 0x17, 0x10, 0xff, 0x1b, 0x17, 0x10, 0xff,
  0x1b, 0x17, 0x10, 0xff, 0x20, 0x1b, 0x13, 0xff, 0x3c, 0x35, 0x1b, 0xff,
  0xdc, 0xc9, 0x46, 0xff, 0xff, 0xe9, 0x50, 0xff, 0xfd, 0xe7, 0x4f, 0xff,
  0xfd, 0xe8, 0x51, 0xff, 0xe4, 0xd5, 0x58, 0xff, 0x5c, 0x50, 0x2d, 0xff,
  0x13, 0x0e, 0x0a, 0xff, 0x23, 0x24, 0x24, 0xff, 0xde, 0xde, 0xde, 0xff,
  0xff, 0xff, 0xff, 0xff, 0xff, 0xff, 0xff, 0xff, 0xff, 0xff, 0xff, 0xff,
  0xff, 0xff, 0xff, 0xff, 0xff, 0xff, 0xff, 0xff, 0xff, 0xff, 0xff, 0xff,
  0xff, 0xff, 0xff, 0xff, 0xff, 0xff, 0xff, 0xff, 0xff, 0xff, 0xff, 0xff,
  0xff, 0xff, 0xff, 0xff, 0xff, 0xff, 0xff, 0xff, 0xff, 0xff, 0xff, 0xff,
  0xff, 0xff, 0xff, 0xff, 0xff, 0xff, 0xff, 0xff, 0xff, 0xff, 0xff, 0xff,
  0xff, 0xff, 0xff, 0xff, 0xff, 0xff, 0xff, 0xff, 0xff, 0xff, 0xff, 0xff,
  0xff, 0xff, 0xff, 0xff, 0xff, 0xff, 0xff, 0xff, 0xff, 0xff, 0xff, 0xff,
  0xff, 0xff, 0xff, 0xff, 0xff, 0xff, 0xff, 0xff, 0xff, 0xff, 0xff, 0xff,
  0xff, 0xff, 0xff, 0xff, 0xff, 0xff, 0xff, 0xff, 0xff, 0xff, 0xff, 0xff,
  0xff, 0xff, 0xff, 0xff, 0xff, 0xff, 0xff, 0xff, 0xff, 0xff, 0xff, 0xff,
  0xff, 0xff, 0xff, 0xff, 0xff, 0xff, 0xff, 0xff, 0xff, 0xff, 0xff, 0xff,
  0xff, 0xff, 0xff, 0xff, 0xff, 0xff, 0xff, 0xff, 0xdf, 0xdf, 0xdf, 0xff,
  0x1d, 0x1d, 0x1d, 0xff, 0x2a, 0x35, 0x40, 0xff, 0x5d, 0x73, 0x8b, 0xff,
  0x59, 0x6d, 0x83, 0xff, 0x59, 0x6c, 0x82, 0xff, 0x59, 0x6c, 0x81, 0xff,
  0x59, 0x6b, 0x81, 0xff, 0x59, 0x6c, 0x81, 0xff, 0x58, 0x6b, 0x80, 0xff,
  0x52, 0x64, 0x77, 0xff, 0x4e, 0x5e, 0x71, 0xff, 0x52, 0x62, 0x73, 0xff,
  0x4f, 0x5f, 0x6f, 0xff, 0x4d, 0x5c, 0x6c, 0xff, 0x4b, 0x59, 0x69, 0xff,
  0x49, 0x58, 0x67, 0xff, 0x44, 0x51, 0x60, 0xff, 0x3d, 0x49, 0x57, 0xff,
  0x3e, 0x4a, 0x57, 0xff, 0x38, 0x43, 0x4f, 0xff, 0x34, 0x3f, 0x4b, 0xff,
  0x32, 0x3c, 0x48, 0xff, 0x2f, 0x39, 0x44, 0xff, 0x2f, 0x38, 0x43, 0xff,
  0x30, 0x39, 0x44, 0xff, 0x30, 0x39, 0x44, 0xff, 0x2c, 0x34, 0x3e, 0xff,
  0x28, 0x30, 0x39, 0xff, 0x26, 0x2d, 0x36, 0xff, 0x25, 0x2c, 0x35, 0xff,
  0x25, 0x2d, 0x37, 0xff, 0x27, 0x2f, 0x3a, 0xff, 0x26, 0x2e, 0x38, 0xff,
  0x27, 0x2e, 0x37, 0xff, 0x46, 0x4e, 0x57, 0xff, 0x36, 0x3d, 0x44, 0xff,
  0x36, 0x40, 0x4d, 0xff, 0x57, 0x69, 0x7f, 0xff, 0x5a, 0x6f, 0x86, 0xff,
  0x5a, 0x70, 0x8a, 0xff, 0x47, 0x5c, 0x77, 0xff, 0x40, 0x55, 0x70, 0xff,
  0x38, 0x4c, 0x64, 0xff, 0x26, 0x34, 0x46, 0xff, 0x13, 0x1a, 0x23, 0xff,
  0x08, 0x0b, 0x0f, 0xff, 0x01, 0x01, 0x02, 0xff, 0x26, 0x18, 0x03, 0xff,
  0x9f, 0x69, 0x11, 0xff, 0xcf, 0x8a, 0x16, 0xff, 0xab, 0x71, 0x12, 0xff,
  0x71, 0x4b, 0x0b, 0xff, 0x50, 0x35, 0x08, 0xff, 0x52, 0x38, 0x09, 0xff,
  0x5d, 0x40, 0x0c, 0xff, 0x7d, 0x57, 0x10, 0xff, 0xac, 0x77, 0x17, 0xff,
  0xd7, 0x94, 0x1c, 0xff, 0xe8, 0xa6, 0x22, 0xff, 0xf0, 0xbc, 0x2c, 0xff,
  0xf9, 0xd4, 0x36, 0xff, 0xfd, 0xdd, 0x3a, 0xff, 0xfd, 0xdc, 0x3a, 0xff,
  0xfd, 0xdc, 0x3a, 0xff, 0xfd, 0xdc, 0x3a, 0xff, 0xfd, 0xdc, 0x3a, 0xff,
  0xfd, 0xd9, 0x36, 0xff, 0xfd, 0xd7, 0x33, 0xff, 0xfd, 0xd7, 0x33, 0xff,
  0xfd, 0xd7, 0x33, 0xff, 0xfe, 0xd8, 0x33, 0xff, 0xfc, 0xd6, 0x33, 0xff,
  0x9d, 0x85, 0x20, 0xff, 0x13, 0x10, 0x04, 0xff, 0x00, 0x00, 0x00, 0xff,
  0x01, 0x01, 0x01, 0xff, 0x0f, 0x0d, 0x09, 0xff, 0x1b, 0x17, 0x10, 0xff,
  0x1b, 0x17, 0x10, 0xff, 0x1b, 0x17, 0x10, 0xff, 0x1b, 0x17, 0x10, 0xff,
  0x1a, 0x15, 0x10, 0xff, 0x5f, 0x55, 0x24, 0xff, 0xf6, 0xe0, 0x4d, 0xff,
  0xfe, 0xe7, 0x4f, 0xff, 0xfd, 0xe7, 0x4f, 0xff, 0xfe, 0xe8, 0x50, 0xff,
  0xe0, 0xd0, 0x52, 0xff, 0x50, 0x47, 0x27, 0xff, 0x30, 0x27, 0x1b, 0xff,
  0x04, 0x03, 0x02, 0xff, 0x97, 0x97, 0x97, 0xff, 0xff, 0xff, 0xff, 0xff,
  0xff, 0xff, 0xff, 0xff, 0xff, 0xff, 0xff, 0xff, 0xff, 0xff, 0xff, 0xff,
  0xff, 0xff, 0xff, 0xff, 0xff, 0xff, 0xff, 0xff, 0xff, 0xff, 0xff, 0xff,
  0xff, 0xff, 0xff, 0xff, 0xff, 0xff, 0xff, 0xff, 0xff, 0xff, 0xff, 0xff,
  0xff, 0xff, 0xff, 0xff, 0xff, 0xff, 0xff, 0xff, 0xff, 0xff, 0xff, 0xff,
  0xff, 0xff, 0xff, 0xff, 0xff, 0xff, 0xff, 0xff, 0xff, 0xff, 0xff, 0xff,
  0xff, 0xff, 0xff, 0xff, 0xff, 0xff, 0xff, 0xff, 0xff, 0xff, 0xff, 0xff,
  0xff, 0xff, 0xff, 0xff, 0xff, 0xff, 0xff, 0xff, 0xff, 0xff, 0xff, 0xff,
  0xff, 0xff, 0xff, 0xff, 0xff, 0xff, 0xff, 0xff, 0xff, 0xff, 0xff, 0xff,
  0xff, 0xff, 0xff, 0xff, 0xff, 0xff, 0xff, 0xff, 0xff, 0xff, 0xff, 0xff,
  0xff, 0xff, 0xff, 0xff, 0xff, 0xff, 0xff, 0xff, 0xff, 0xff, 0xff, 0xff,
  0xff, 0xff, 0xff, 0xff, 0xff, 0xff, 0xff, 0xff, 0xff, 0xff, 0xff, 0xff,
  0xff, 0xff, 0xff, 0xff, 0xf3, 0xf3, 0xf3, 0xff, 0x44, 0x44, 0x43, 0xff,
  0x0a, 0x0f, 0x14, 0xff, 0x3e, 0x50, 0x65, 0xff, 0x3b, 0x4d, 0x63, 0xff,
  0x3b, 0x4c, 0x62, 0xff, 0x3c, 0x4e, 0x65, 0xff, 0x3d, 0x50, 0x67, 0xff,
  0x3e, 0x51, 0x68, 0xff, 0x3f, 0x52, 0x69, 0xff, 0x40, 0x53, 0x6b, 0xff,
  0x42, 0x55, 0x6e, 0xff, 0x47, 0x5b, 0x73, 0xff, 0x49, 0x5d, 0x75, 0xff,
  0x4a, 0x5e, 0x76, 0xff, 0x4a, 0x5e, 0x77, 0xff, 0x48, 0x5c, 0x75, 0xff,
  0x48, 0x5b, 0x74, 0xff, 0x48, 0x5c, 0x74, 0xff, 0x49, 0x5d, 0x75, 0xff,
  0x4a, 0x5e, 0x76, 0xff, 0x49, 0x5c, 0x73, 0xff, 0x48, 0x5b, 0x72, 0xff,
  0x4a, 0x5c, 0x74, 0xff, 0x4c, 0x5f, 0x77, 0xff, 0x4e, 0x61, 0x79, 0xff,
  0x4e, 0x61, 0x79, 0xff, 0x4d, 0x5f, 0x76, 0xff, 0x4b, 0x5d, 0x73, 0xff,
  0x49, 0x5b, 0x72, 0xff, 0x4a, 0x5c, 0x72, 0xff, 0x4b, 0x5d, 0x73, 0xff,
  0x4d, 0x5f, 0x75, 0xff, 0x4e, 0x60, 0x76, 0xff, 0x5c, 0x6f, 0x84, 0xff,
  0x89, 0x9d, 0xb4, 0xff, 0x6c, 0x7e, 0x91, 0xff, 0x23, 0x2d, 0x39, 0xff,
  0x2c, 0x3b, 0x4f, 0xff, 0x37, 0x48, 0x5d, 0xff, 0x3d, 0x50, 0x66, 0xff,
  0x2c, 0x3c, 0x50, 0xff, 0x1b, 0x25, 0x31, 0xff, 0x0b, 0x0f, 0x14, 0xff,
  0x02, 0x03, 0x04, 0xff, 0x00, 0x00, 0x00, 0xff, 0x06, 0x02, 0x00, 0xff,
  0x36, 0x1f, 0x04, 0xff, 0xa7, 0x6d, 0x11, 0xff, 0xdf, 0x94, 0x17, 0xff,
  0xdd, 0x92, 0x17, 0xff, 0xde, 0x93, 0x17, 0xff, 0xde, 0x93, 0x17, 0xff,
  0xdc, 0x92, 0x17, 0xff, 0xe0, 0x99, 0x1c, 0xff, 0xe2, 0x9c, 0x1e, 0xff,
  0xe4, 0x9f, 0x1f, 0xff, 0xe8, 0xa7, 0x22, 0xff, 0xef, 0xba, 0x2b, 0xff,
  0xf8, 0xd2, 0x35, 0xff, 0xfd, 0xdc, 0x3a, 0xff, 0xfd, 0xdd, 0x3a, 0xff,
  0xfd, 0xdc, 0x3a, 0xff, 0xfd, 0xdc, 0x3a, 0xff, 0xfd, 0xdc, 0x3a, 0xff,
  0xfd, 0xdc, 0x3a, 0xff, 0xfd, 0xdc, 0x3a, 0xff, 0xfd, 0xdb, 0x39, 0xff,
  0xfd, 0xd7, 0x34, 0xff, 0xfd, 0xd7, 0x33, 0xff, 0xff, 0xd9, 0x34, 0xff,
  0xf4, 0xd0, 0x31, 0xff, 0x8d, 0x78, 0x1c, 0xff, 0x10, 0x0d, 0x03, 0xff,
  0x00, 0x00, 0x00, 0xff, 0x00, 0x00, 0x00, 0xff, 0x00, 0x00, 0x00, 0xff,
  0x02, 0x01, 0x01, 0xff, 0x11, 0x0e, 0x0a, 0xff, 0x1b, 0x17, 0x10, 0xff,
  0x1b, 0x17, 0x10, 0xff, 0x1b, 0x17, 0x10, 0xff, 0x19, 0x15, 0x0f, 0xff,
  0x92, 0x84, 0x31, 0xff, 0xff, 0xe9, 0x50, 0xff, 0xfd, 0xe7, 0x4f, 0xff,
  0xfd, 0xe7, 0x4f, 0xff, 0xfe, 0xe9, 0x51, 0xff, 0xdc, 0xcd, 0x52, 0xff,
  0x41, 0x3a, 0x21, 0xff, 0x3e, 0x32, 0x23, 0xff, 0x0c, 0x09, 0x05, 0xff,
  0x48, 0x49, 0x49, 0xff, 0xf6, 0xf6, 0xf6, 0xff, 0xff, 0xff, 0xff, 0xff,
  0xff, 0xff, 0xff, 0xff, 0xff, 0xff, 0xff, 0xff, 0xff, 0xff, 0xff, 0xff,
  0xff, 0xff, 0xff, 0xff, 0xff, 0xff, 0xff, 0xff, 0xff, 0xff, 0xff, 0xff,
  0xff, 0xff, 0xff, 0xff, 0xff, 0xff, 0xff, 0xff, 0xff, 0xff, 0xff, 0xff,
  0xff, 0xff, 0xff, 0xff, 0xff, 0xff, 0xff, 0xff, 0xff, 0xff, 0xff, 0xff,
  0xff, 0xff, 0xff, 0xff, 0xff, 0xff, 0xff, 0xff, 0xff, 0xff, 0xff, 0xff,
  0xff, 0xff, 0xff, 0xff, 0xff, 0xff, 0xff, 0xff, 0xff, 0xff, 0xff, 0xff,
  0xff, 0xff, 0xff, 0xff, 0xff, 0xff, 0xff, 0xff, 0xff, 0xff, 0xff, 0xff,
  0xff, 0xff, 0xff, 0xff, 0xff, 0xff, 0xff, 0xff, 0xff, 0xff, 0xff, 0xff,
  0xff, 0xff, 0xff, 0xff, 0xff, 0xff, 0xff, 0xff, 0xff, 0xff, 0xff, 0xff,
  0xff, 0xff, 0xff, 0xff, 0xff, 0xff, 0xff, 0xff, 0xff, 0xff, 0xff, 0xff,
  0xff, 0xff, 0xff, 0xff, 0xff, 0xff, 0xff, 0xff, 0xff, 0xff, 0xff, 0xff,
  0xff, 0xff, 0xff, 0xff, 0xb7, 0xb7, 0xb7, 0xff, 0x1c, 0x1c, 0x1c, 0xff,
  0x04, 0x06, 0x09, 0xff, 0x08, 0x0b, 0x10, 0xff, 0x0a, 0x0e, 0x12, 0xff,
  0x0d, 0x11, 0x17, 0xff, 0x0e, 0x13, 0x1a, 0xff, 0x11, 0x17, 0x1e, 0xff,
  0x16, 0x1c, 0x24, 0xff, 0x1b, 0x23, 0x2d, 0xff, 0x20, 0x29, 0x34, 0xff,
  0x21, 0x2b, 0x37, 0xff, 0x20, 0x2b, 0x39, 0xff, 0x25, 0x31, 0x41, 0xff,
  0x2b, 0x39, 0x4a, 0xff, 0x2b, 0x37, 0x49, 0xff, 0x2c, 0x39, 0x4c, 0xff,
  0x2e, 0x3c, 0x4f, 0xff, 0x30, 0x3e, 0x52, 0xff, 0x31, 0x40, 0x54, 0xff,
  0x31, 0x40, 0x55, 0xff, 0x32, 0x41, 0x56, 0xff, 0x32, 0x41, 0x56, 0xff,
  0x32, 0x41, 0x56, 0xff, 0x32, 0x41, 0x57, 0xff, 0x33, 0x42, 0x57, 0xff,
  0x33, 0x43, 0x59, 0xff, 0x34, 0x44, 0x5a, 0xff, 0x35, 0x45, 0x5c, 0xff,
  0x36, 0x46, 0x5d, 0xff, 0x37, 0x47, 0x5e, 0xff, 0x37, 0x48, 0x5e, 0xff,
  0x37, 0x47, 0x5e, 0xff, 0x3d, 0x4e, 0x65, 0xff, 0x72, 0x88, 0xa1, 0xff,
  0x64, 0x76, 0x8a, 0xff, 0x19, 0x20, 0x29, 0xff, 0x21, 0x2d, 0x3c, 0xff,
  0x16, 0x1e, 0x28, 0xff, 0x0c, 0x10, 0x16, 0xff, 0x03, 0x05, 0x06, 0xff,
  0x00, 0x00, 0x00, 0xff, 0x00, 0x00, 0x00, 0xff, 0x00, 0x00, 0x00, 0xff,
  0x11, 0x09, 0x01, 0xff, 0x55, 0x34, 0x08, 0xff, 0xb2, 0x74, 0x12, 0xff,
  0xdd, 0x92, 0x17, 0xff, 0xdd, 0x93, 0x18, 0xff, 0xe0, 0x9b, 0x1b, 0xff,
  0xe1, 0x9e, 0x1c, 0xff, 0xe1, 0x9e, 0x1d, 0xff, 0xe3, 0xa2, 0x1f, 0xff,
  0xea, 0xb1, 0x27, 0xff, 0xed, 0xb8, 0x2a, 0xff, 0xf3, 0xc5, 0x30, 0xff,
  0xf9, 0xd3, 0x36, 0xff, 0xfd, 0xdc, 0x3a, 0xff, 0xfd, 0xdd, 0x3a, 0xff,
  0xfd, 0xdc, 0x3a, 0xff, 0xfd, 0xdc, 0x3a, 0xff, 0xfd, 0xdc, 0x3a, 0xff,
  0xfd, 0xdc, 0x3a, 0xff, 0xfd, 0xdb, 0x39, 0xff, 0xfd, 0xdb, 0x39, 0xff,
  0xfd, 0xdc, 0x3a, 0xff, 0xfd, 0xdb, 0x38, 0xff, 0xfe, 0xd8, 0x33, 0xff,
  0xff, 0xd9, 0x33, 0xff, 0xd8, 0xb8, 0x2c, 0xff, 0x60, 0x51, 0x13, 0xff,
  0x06, 0x05, 0x01, 0xff, 0x00, 0x00, 0x00, 0xff, 0x00, 0x00, 0x00, 0xff,
  0x00, 0x00, 0x00, 0xff, 0x00, 0x00, 0x00, 0xff, 0x00, 0x00, 0x00, 0xff,
  0x02, 0x02, 0x01, 0xff, 0x12, 0x0f, 0x0b, 0xff, 0x1b, 0x17, 0x10, 0xff,
  0x19, 0x15, 0x0f, 0xff, 0x28, 0x24, 0x11, 0xff, 0xd2, 0xbf, 0x42, 0xff,
  0xff, 0xe9, 0x50, 0xff, 0xfd, 0xe7, 0x4f, 0xff, 0xfd, 0xe7, 0x4f, 0xff,
  0xff, 0xe9, 0x50, 0xff, 0xd3, 0xc3, 0x4c, 0xff, 0x35, 0x30, 0x1c, 0xff,
  0x3e, 0x32, 0x22, 0xff, 0x22, 0x1c, 0x12, 0xff, 0x15, 0x15, 0x15, 0xff,
  0xd0, 0xd0, 0xd0, 0xff, 0xff, 0xff, 0xff, 0xff, 0xff, 0xff, 0xff, 0xff,
  0xff, 0xff, 0xff, 0xff, 0xff, 0xff, 0xff, 0xff, 0xff, 0xff, 0xff, 0xff,
  0xff, 0xff, 0xff, 0xff, 0xff, 0xff, 0xff, 0xff, 0xff, 0xff, 0xff, 0xff,
  0xff, 0xff, 0xff, 0xff, 0xff, 0xff, 0xff, 0xff, 0xff, 0xff, 0xff, 0xff,
  0xff, 0xff, 0xff, 0xff, 0xff, 0xff, 0xff, 0xff, 0xff, 0xff, 0xff, 0xff,
  0xff, 0xff, 0xff, 0xff, 0xff, 0xff, 0xff, 0xff, 0xff, 0xff, 0xff, 0xff,
  0xff, 0xff, 0xff, 0xff, 0xff, 0xff, 0xff, 0xff, 0xff, 0xff, 0xff, 0xff,
  0xff, 0xff, 0xff, 0xff, 0xff, 0xff, 0xff, 0xff, 0xff, 0xff, 0xff, 0xff,
  0xff, 0xff, 0xff, 0xff, 0xff, 0xff, 0xff, 0xff, 0xff, 0xff, 0xff, 0xff,
  0xff, 0xff, 0xff, 0xff, 0xff, 0xff, 0xff, 0xff, 0xff, 0xff, 0xff, 0xff,
  0xff, 0xff, 0xff, 0xff, 0xff, 0xff, 0xff, 0xff, 0xff, 0xff, 0xff, 0xff,
  0xff, 0xff, 0xff, 0xff, 0xff, 0xff, 0xff, 0xff, 0xff, 0xff, 0xff, 0xff,
  0xff, 0xff, 0xff, 0xff, 0xcb, 0xcb, 0xcb, 0xff, 0x7d, 0x7d, 0x7d, 0xff,
  0x62, 0x62, 0x61, 0xff, 0x4c, 0x4c, 0x4c, 0xff, 0x37, 0x36, 0x36, 0xff,
  0x2f, 0x2e, 0x2e, 0xff, 0x29, 0x29, 0x29, 0xff, 0x13, 0x13, 0x13, 0xff,
  0x00, 0x00, 0x00, 0xff, 0x01, 0x00, 0x00, 0xff, 0x03, 0x02, 0x00, 0xff,
  0x27, 0x20, 0x0c, 0xff, 0x27, 0x20, 0x0d, 0xff, 0x10, 0x0d, 0x07, 0xff,
  0x00, 0x02, 0x05, 0xff, 0x02, 0x04, 0x07, 0xff, 0x05, 0x07, 0x0a, 0xff,
  0x07, 0x0a, 0x0d, 0xff, 0x09, 0x0c, 0x10, 0xff, 0x0b, 0x0e, 0x13, 0xff,
  0x0b, 0x0f, 0x14, 0xff, 0x0c, 0x0f, 0x14, 0xff, 0x0c, 0x10, 0x15, 0xff,
  0x0d, 0x11, 0x17, 0xff, 0x0f, 0x13, 0x1a, 0xff, 0x11, 0x15, 0x1d, 0xff,
  0x13, 0x18, 0x21, 0xff, 0x16, 0x1c, 0x26, 0xff, 0x18, 0x1f, 0x2a, 0xff,
  0x19, 0x20, 0x2b, 0xff, 0x1a, 0x22, 0x2d, 0xff, 0x1b, 0x23, 0x30, 0xff,
  0x1e, 0x27, 0x34, 0xff, 0x35, 0x40, 0x4f, 0xff, 0x23, 0x2a, 0x31, 0xff,
  0x02, 0x03, 0x04, 0xff, 0x03, 0x04, 0x05, 0xff, 0x00, 0x00, 0x00, 0xff,
  0x00, 0x00, 0x00, 0xff, 0x00, 0x00, 0x00, 0xff, 0x00, 0x00, 0x00, 0xff,
  0x14, 0x0e, 0x03, 0xff, 0x4c, 0x35, 0x09, 0xff, 0x9d, 0x6a, 0x13, 0xff,
  0xd4, 0x91, 0x19, 0xff, 0xde, 0x94, 0x18, 0xff, 0xdf, 0x98, 0x1a, 0xff,
  0xef, 0xbc, 0x2b, 0xff, 0xf9, 0xd3, 0x36, 0xff, 0xfa, 0xd5, 0x37, 0xff,
  0xfa, 0xd6, 0x37, 0xff, 0xfb, 0xd8, 0x38, 0xff, 0xfc, 0xdb, 0x39, 0xff,
  0xfd, 0xdd, 0x3a, 0xff, 0xfd, 0xdd, 0x3a, 0xff, 0xfd, 0xdd, 0x3a, 0xff,
  0xfd, 0xdc, 0x3a, 0xff, 0xfd, 0xdc, 0x3a, 0xff, 0xfd, 0xdc, 0x3a, 0xff,
  0xfd, 0xdc, 0x3a, 0xff, 0xfd, 0xdc, 0x3a, 0xff, 0xfd, 0xdc, 0x3a, 0xff,
  0xfd, 0xda, 0x38, 0xff, 0xfd, 0xda, 0x37, 0xff, 0xfd, 0xdc, 0x3a, 0xff,
  0xff, 0xdb, 0x36, 0xff, 0xf6, 0xd1, 0x32, 0xff, 0xa3, 0x8a, 0x21, 0xff,
  0x29, 0x23, 0x08, 0xff, 0x00, 0x00, 0x00, 0xff, 0x00, 0x00, 0x00, 0xff,
  0x00, 0x00, 0x00, 0xff, 0x00, 0x00, 0x00, 0xff, 0x00, 0x00, 0x00, 0xff,
  0x00, 0x00, 0x00, 0xff, 0x00, 0x00, 0x00, 0xff, 0x00, 0x00, 0x00, 0xff,
  0x03, 0x03, 0x02, 0xff, 0x12, 0x10, 0x0b, 0xff, 0x0b, 0x09, 0x07, 0xff,
  0x64, 0x5a, 0x1e, 0xff, 0xf9, 0xe3, 0x4e, 0xff, 0xfd, 0xe7, 0x4f, 0xff,
  0xfd, 0xe7, 0x4f, 0xff, 0xfd, 0xe7, 0x4f, 0xff, 0xff, 0xea, 0x50, 0xff,
  0xb6, 0xa7, 0x42, 0xff, 0x27, 0x23, 0x17, 0xff, 0x37, 0x2d, 0x1f, 0xff,
  0x36, 0x2b, 0x1d, 0xff, 0x03, 0x03, 0x02, 0xff, 0x98, 0x98, 0x98, 0xff,
  0xff, 0xff, 0xff, 0xff, 0xff, 0xff, 0xff, 0xff, 0xff, 0xff, 0xff, 0xff,
  0xff, 0xff, 0xff, 0xff, 0xff, 0xff, 0xff, 0xff, 0xff, 0xff, 0xff, 0xff,
  0xff, 0xff, 0xff, 0xff, 0xff, 0xff, 0xff, 0xff, 0xff, 0xff, 0xff, 0xff,
  0xff, 0xff, 0xff, 0xff, 0xff, 0xff, 0xff, 0xff, 0xff, 0xff, 0xff, 0xff,
  0xff, 0xff, 0xff, 0xff, 0xff, 0xff, 0xff, 0xff, 0xff, 0xff, 0xff, 0xff,
  0xff, 0xff, 0xff, 0xff, 0xff, 0xff, 0xff, 0xff, 0xff, 0xff, 0xff, 0xff,
  0xff, 0xff, 0xff, 0xff, 0xff, 0xff, 0xff, 0xff, 0xff, 0xff, 0xff, 0xff,
  0xff, 0xff, 0xff, 0xff, 0xff, 0xff, 0xff, 0xff, 0xff, 0xff, 0xff, 0xff,
  0xff, 0xff, 0xff, 0xff, 0xff, 0xff, 0xff, 0xff, 0xff, 0xff, 0xff, 0xff,
  0xff, 0xff, 0xff, 0xff, 0xff, 0xff, 0xff, 0xff, 0xff, 0xff, 0xff, 0xff,
  0xff, 0xff, 0xff, 0xff, 0xff, 0xff, 0xff, 0xff, 0xff, 0xff, 0xff, 0xff,
  0xff, 0xff, 0xff, 0xff, 0xff, 0xff, 0xff, 0xff, 0xff, 0xff, 0xff, 0xff,
  0xff, 0xff, 0xff, 0xff, 0xff, 0xff, 0xff, 0xff, 0xfe, 0xfe, 0xfe, 0xff,
  0xf8, 0xf8, 0xf8, 0xff, 0xf2, 0xf2, 0xf2, 0xff, 0xef, 0xef, 0xef, 0xff,
  0xdd, 0xdd, 0xdd, 0xff, 0x41, 0x41, 0x41, 0xff, 0x07, 0x03, 0x01, 0xff,
  0x2a, 0x18, 0x10, 0xff, 0x0a, 0x08, 0x04, 0xff, 0x9f, 0x85, 0x32, 0xff,
  0xdd, 0xb7, 0x42, 0xff, 0xaf, 0x81, 0x1e, 0xff, 0x66, 0x47, 0x0d, 0xff,
  0x2a, 0x1e, 0x05, 0xff, 0x09, 0x06, 0x01, 0xff, 0x00, 0x00, 0x00, 0xff,
  0x00, 0x00, 0x00, 0xff, 0x00, 0x00, 0x00, 0xff, 0x00, 0x00, 0x00, 0xff,
  0x00, 0x00, 0x00, 0xff, 0x00, 0x00, 0x00, 0xff, 0x00, 0x00, 0x00, 0xff,
  0x00, 0x00, 0x00, 0xff, 0x00, 0x00, 0x00, 0xff, 0x00, 0x00, 0x00, 0xff,
  0x00, 0x00, 0x00, 0xff, 0x00, 0x00, 0x00, 0xff, 0x00, 0x00, 0x00, 0xff,
  0x00, 0x00, 0x00, 0xff, 0x00, 0x00, 0x00, 0xff, 0x00, 0x00, 0x01, 0xff,
  0x00, 0x00, 0x00, 0xff, 0x00, 0x00, 0x00, 0xff, 0x00, 0x00, 0x00, 0xff,
  0x00, 0x00, 0x00, 0xff, 0x00, 0x00, 0x00, 0xff, 0x0c, 0x08, 0x02, 0xff,
  0x36, 0x25, 0x07, 0xff, 0x79, 0x54, 0x0f, 0xff, 0xb7, 0x7f, 0x17, 0xff,
  0xdc, 0x98, 0x1b, 0xff, 0xe4, 0x9e, 0x1c, 0xff, 0xe1, 0x9c, 0x1c, 0xff,
  0xe3, 0xa1, 0x1e, 0xff, 0xf3, 0xc5, 0x2f, 0xff, 0xfd, 0xdc, 0x3a, 0xff,
  0xfd, 0xdd, 0x3a, 0xff, 0xfd, 0xdc, 0x3a, 0xff, 0xfd, 0xdc, 0x3a, 0xff,
  0xfd, 0xdc, 0x3a, 0xff, 0xfd, 0xdc, 0x3a, 0xff, 0xff, 0xde, 0x3b, 0xff,
  0xff, 0xdf, 0x3b, 0xff, 0xff, 0xdf, 0x3b, 0xff, 0xff, 0xdf, 0x3b, 0xff,
  0xff, 0xdf, 0x3b, 0xff, 0xff, 0xdf, 0x3b, 0xff, 0xff, 0xdf, 0x3b, 0xff,
  0xfe, 0xdd, 0x3a, 0xff, 0xfd, 0xdb, 0x39, 0xff, 0xfd, 0xd8, 0x35, 0xff,
  0xff, 0xda, 0x35, 0xff, 0xfc, 0xd7, 0x35, 0xff, 0xc6, 0xa9, 0x29, 0xff,
  0x58, 0x4b, 0x12, 0xff, 0x0b, 0x09, 0x02, 0xff, 0x00, 0x00, 0x00, 0xff,
  0x00, 0x00, 0x00, 0xff, 0x00, 0x00, 0x00, 0xff, 0x00, 0x00, 0x00, 0xff,
  0x00, 0x00, 0x00, 0xff, 0x00, 0x00, 0x00, 0xff, 0x00, 0x00, 0x00, 0xff,
  0x00, 0x00, 0x00, 0xff, 0x00, 0x00, 0x00, 0xff, 0x00, 0x00, 0x00, 0xff,
  0x00, 0x00, 0x00, 0xff, 0x16, 0x12, 0x05, 0xff, 0xc5, 0xa7, 0x2b, 0xff,
  0xff, 0xe5, 0x48, 0xff, 0xfd, 0xe7, 0x4f, 0xff, 0xfd, 0xe7, 0x4f, 0xff,
  0xfd, 0xe7, 0x4f, 0xff, 0xfe, 0xe9, 0x51, 0xff, 0x8a, 0x7f, 0x35, 0xff,
  0x20, 0x1c, 0x14, 0xff, 0x2f, 0x28, 0x1b, 0xff, 0x40, 0x34, 0x23, 0xff,
  0x07, 0x05, 0x02, 0xff, 0x5e, 0x5e, 0x5e, 0xff, 0xfd, 0xfd, 0xfd, 0xff,
  0xff, 0xff, 0xff, 0xff, 0xff, 0xff, 0xff, 0xff, 0xff, 0xff, 0xff, 0xff,
  0xff, 0xff, 0xff, 0xff, 0xff, 0xff, 0xff, 0xff, 0xff, 0xff, 0xff, 0xff,
  0xff, 0xff, 0xff, 0xff, 0xff, 0xff, 0xff, 0xff, 0xff, 0xff, 0xff, 0xff,
  0xff, 0xff, 0xff, 0xff, 0xff, 0xff, 0xff, 0xff, 0xff, 0xff, 0xff, 0xff,
  0xff, 0xff, 0xff, 0xff, 0xff, 0xff, 0xff, 0xff, 0xff, 0xff, 0xff, 0xff,
  0xff, 0xff, 0xff, 0xff, 0xff, 0xff, 0xff, 0xff, 0xff, 0xff, 0xff, 0xff,
  0xff, 0xff, 0xff, 0xff, 0xff, 0xff, 0xff, 0xff, 0xff, 0xff, 0xff, 0xff,
  0xff, 0xff, 0xff, 0xff, 0xff, 0xff, 0xff, 0xff, 0xff, 0xff, 0xff, 0xff,
  0xff, 0xff, 0xff, 0xff, 0xff, 0xff, 0xff, 0xff, 0xff, 0xff, 0xff, 0xff,
  0xff, 0xff, 0xff, 0xff, 0xff, 0xff, 0xff, 0xff, 0xff, 0xff, 0xff, 0xff,
  0xff, 0xff, 0xff, 0xff, 0xff, 0xff, 0xff, 0xff, 0xff, 0xff, 0xff, 0xff,
  0xff, 0xff, 0xff, 0xff, 0xff, 0xff, 0xff, 0xff, 0xff, 0xff, 0xff, 0xff,
  0xff, 0xff, 0xff, 0xff, 0xff, 0xff, 0xff, 0xff, 0xff, 0xff, 0xff, 0xff,
  0xff, 0xff, 0xff, 0xff, 0xff, 0xff, 0xff, 0xff, 0xba, 0xba, 0xba, 0xff,
  0x0e, 0x0d, 0x0d, 0xff, 0x31, 0x1d, 0x13, 0xff, 0x55, 0x32, 0x22, 0xff,
  0x10, 0x08, 0x06, 0xff, 0x6a, 0x5a, 0x22, 0xff, 0xf7, 0xcf, 0x4d, 0xff,
  0xf0, 0xb7, 0x33, 0xff, 0xe7, 0xa3, 0x1e, 0xff, 0xd3, 0x95, 0x1c, 0xff,
  0xaa, 0x78, 0x17, 0xff, 0x78, 0x55, 0x10, 0xff, 0x4a, 0x34, 0x0a, 0xff,
  0x2a, 0x1d, 0x06, 0xff, 0x13, 0x0d, 0x03, 0xff, 0x08, 0x06, 0x01, 0xff,
  0x01, 0x01, 0x00, 0xff, 0x00, 0x00, 0x00, 0xff, 0x00, 0x00, 0x00, 0xff,
  0x00, 0x00, 0x00, 0xff, 0x00, 0x00, 0x00, 0xff, 0x00, 0x00, 0x00, 0xff,
  0x00, 0x00, 0x00, 0xff, 0x00, 0x00, 0x00, 0xff, 0x00, 0x00, 0x00, 0xff,
  0x00, 0x00, 0x00, 0xff, 0x03, 0x02, 0x00, 0xff, 0x0d, 0x09, 0x02, 0xff,
  0x19, 0x12, 0x03, 0xff, 0x34, 0x25, 0x07, 0xff, 0x57, 0x3d, 0x0c, 0xff,
  0x83, 0x5c, 0x11, 0xff, 0xab, 0x77, 0x15, 0xff, 0xd4, 0x93, 0x1a, 0xff,
  0xe4, 0x9e, 0x1c, 0xff, 0xe4, 0x9e, 0x1c, 0xff, 0xe1, 0x9c, 0x1c, 0xff,
  0xe1, 0x9b, 0x1c, 0xff, 0xe6, 0xa8, 0x22, 0xff, 0xf6, 0xcc, 0x32, 0xff,
  0xfd, 0xdd, 0x3a, 0xff, 0xfd, 0xdc, 0x3a, 0xff, 0xfd, 0xdc, 0x3a, 0xff,
  0xfe, 0xdd, 0x3a, 0xff, 0xff, 0xdf, 0x3b, 0xff, 0xff, 0xdf, 0x3b, 0xff,
  0xfa, 0xda, 0x39, 0xff, 0xce, 0xb3, 0x2f, 0xff, 0xb7, 0xa0, 0x2a, 0xff,
  0xc6, 0xac, 0x2d, 0xff, 0xb1, 0x9b, 0x28, 0xff, 0x98, 0x85, 0x22, 0xff,
  0xab, 0x95, 0x27, 0xff, 0xcd, 0xb3, 0x2f, 0xff, 0xf2, 0xd3, 0x38, 0xff,
  0xff, 0xde, 0x3a, 0xff, 0xff, 0xda, 0x35, 0xff, 0xdc, 0xbb, 0x2d, 0xff,
  0x75, 0x64, 0x18, 0xff, 0x17, 0x14, 0x05, 0xff, 0x00, 0x00, 0x00, 0xff,
  0x00, 0x00, 0x00, 0xff, 0x00, 0x00, 0x00, 0xff, 0x00, 0x00, 0x00, 0xff,
  0x00, 0x00, 0x00, 0xff, 0x00, 0x00, 0x00, 0xff, 0x00, 0x00, 0x00, 0xff,
  0x00, 0x00, 0x00, 0xff, 0x00, 0x00, 0x00, 0xff, 0x00, 0x00, 0x00, 0xff,
  0x00, 0x00, 0x00, 0xff, 0x00, 0x00, 0x00, 0xff, 0x00, 0x00, 0x00, 0xff,
  0x78, 0x65, 0x19, 0xff, 0xfb, 0xd3, 0x33, 0xff, 0xfd, 0xd9, 0x3a, 0xff,
  0xfd, 0xe5, 0x4b, 0xff, 0xfd, 0xe7, 0x4f, 0xff, 0xfe, 0xe8, 0x4f, 0xff,
  0xef, 0xdb, 0x4d, 0xff, 0x55, 0x4e, 0x24, 0xff, 0x20, 0x1c, 0x14, 0xff,
  0x2a, 0x24, 0x19, 0xff, 0x44, 0x37, 0x26, 0xff, 0x12, 0x0e, 0x08, 0xff,
  0x34, 0x34, 0x34, 0xff, 0xee, 0xee, 0xee, 0xff, 0xff, 0xff, 0xff, 0xff,
  0xff, 0xff, 0xff, 0xff, 0xff, 0xff, 0xff, 0xff, 0xff, 0xff, 0xff, 0xff,
  0xff, 0xff, 0xff, 0xff, 0xff, 0xff, 0xff, 0xff, 0xff, 0xff, 0xff, 0xff,
  0xff, 0xff, 0xff, 0xff, 0xff, 0xff, 0xff, 0xff, 0xff, 0xff, 0xff, 0xff,
  0xff, 0xff, 0xff, 0xff, 0xff, 0xff, 0xff, 0xff, 0xff, 0xff, 0xff, 0xff,
  0xff, 0xff, 0xff, 0xff, 0xff, 0xff, 0xff, 0xff, 0xff, 0xff, 0xff, 0xff,
  0xff, 0xff, 0xff, 0xff, 0xff, 0xff, 0xff, 0xff, 0xff, 0xff, 0xff, 0xff,
  0xff, 0xff, 0xff, 0xff, 0xff, 0xff, 0xff, 0xff, 0xff, 0xff, 0xff, 0xff,
  0xff, 0xff, 0xff, 0xff, 0xff, 0xff, 0xff, 0xff, 0xff, 0xff, 0xff, 0xff,
  0xff, 0xff, 0xff, 0xff, 0xff, 0xff, 0xff, 0xff, 0xff, 0xff, 0xff, 0xff,
  0xff, 0xff, 0xff, 0xff, 0xff, 0xff, 0xff, 0xff, 0xff, 0xff, 0xff, 0xff,
  0xff, 0xff, 0xff, 0xff, 0xff, 0xff, 0xff, 0xff, 0xff, 0xff, 0xff, 0xff,
  0xff, 0xff, 0xff, 0xff, 0xff, 0xff, 0xff, 0xff, 0xff, 0xff, 0xff, 0xff,
  0xff, 0xff, 0xff, 0xff, 0xff, 0xff, 0xff, 0xff, 0xff, 0xff, 0xff, 0xff,
  0xfd, 0xfd, 0xfd, 0xff, 0x64, 0x65, 0x65, 0xff, 0x14, 0x0b, 0x07, 0xff,
  0x63, 0x3c, 0x2a, 0xff, 0x60, 0x39, 0x26, 0xff, 0x2b, 0x18, 0x11, 0xff,
  0x2d, 0x27, 0x0f, 0xff, 0xe1, 0xc2, 0x4d, 0xff, 0xf4, 0xc6, 0x45, 0xff,
  0xe8, 0xa5, 0x22, 0xff, 0xe8, 0xa4, 0x1f, 0xff, 0xea, 0xa5, 0x1f, 0xff,
  0xea, 0xa5, 0x1f, 0xff, 0xe3, 0xa0, 0x1e, 0xff, 0xd3, 0x95, 0x1c, 0xff,
  0xc0, 0x87, 0x1a, 0xff, 0xa8, 0x76, 0x17, 0xff, 0x8e, 0x64, 0x13, 0xff,
  0x84, 0x5d, 0x12, 0xff, 0x79, 0x55, 0x10, 0xff, 0x6a, 0x4b, 0x0e, 0xff,
  0x62, 0x45, 0x0d, 0xff, 0x60, 0x44, 0x0d, 0xff, 0x64, 0x46, 0x0d, 0xff,
  0x6f, 0x4e, 0x0f, 0xff, 0x7f, 0x5a, 0x11, 0xff, 0x87, 0x5f, 0x12, 0xff,
  0x97, 0x6b, 0x14, 0xff, 0xb5, 0x7f, 0x18, 0xff, 0xc6, 0x8c, 0x1b, 0xff,
  0xdb, 0x9a, 0x1d, 0xff, 0xe5, 0xa2, 0x1f, 0xff, 0xea, 0xa5, 0x1f, 0xff,
  0xe7, 0xa1, 0x1e, 0xff, 0xe2, 0x9d, 0x1c, 0xff, 0xe1, 0x9b, 0x1c, 0xff,
  0xe1, 0x9b, 0x1c, 0xff, 0xe4, 0xa2, 0x1f, 0xff, 0xee, 0xb9, 0x29, 0xff,
  0xf9, 0xd4, 0x36, 0xff, 0xfd, 0xdd, 0x3a, 0xff, 0xfd, 0xdc, 0x3a, 0xff,
  0xfd, 0xdc, 0x3a, 0xff, 0xff, 0xde, 0x3b, 0xff, 0xe8, 0xca, 0x35, 0xff,
  0xb9, 0xa1, 0x2a, 0xff, 0x8e, 0x7c, 0x20, 0xff, 0x5f, 0x53, 0x15, 0xff,
  0x24, 0x1c, 0x0b, 0xff, 0x22, 0x17, 0x0d, 0xff, 0x25, 0x1b, 0x0d, 0xff,
  0x2b, 0x1c, 0x10, 0xff, 0x33, 0x1f, 0x15, 0xff, 0x2c, 0x1c, 0x12, 0xff,
  0x26, 0x1d, 0x0c, 0xff, 0x48, 0x3e, 0x11, 0xff, 0x94, 0x81, 0x22, 0xff,
  0x8d, 0x79, 0x1e, 0xff, 0x2a, 0x24, 0x09, 0xff, 0x00, 0x00, 0x00, 0xff,
  0x00, 0x00, 0x00, 0xff, 0x00, 0x00, 0x00, 0xff, 0x00, 0x00, 0x00, 0xff,
  0x00, 0x00, 0x00, 0xff, 0x00, 0x00, 0x00, 0xff, 0x00, 0x00, 0x00, 0xff,
  0x00, 0x00, 0x00, 0xff, 0x00, 0x00, 0x00, 0xff, 0x00, 0x00, 0x00, 0xff,
  0x00, 0x00, 0x00, 0xff, 0x00, 0x00, 0x00, 0xff, 0x00, 0x00, 0x00, 0xff,
  0x00, 0x00, 0x00, 0xff, 0x41, 0x37, 0x0d, 0xff, 0xe6, 0xc2, 0x2f, 0xff,
  0xff, 0xd6, 0x34, 0xff, 0xfd, 0xd5, 0x34, 0xff, 0xfd, 0xdb, 0x3e, 0xff,
  0xfd, 0xe6, 0x4e, 0xff, 0xff, 0xea, 0x50, 0xff, 0xba, 0xaa, 0x3d, 0xff,
  0x2b, 0x26, 0x17, 0xff, 0x22, 0x1e, 0x15, 0xff, 0x27, 0x22, 0x17, 0xff,
  0x44, 0x37, 0x25, 0xff, 0x20, 0x19, 0x11, 0xff, 0x16, 0x16, 0x16, 0xff,
  0xd6, 0xd6, 0xd6, 0xff, 0xff, 0xff, 0xff, 0xff, 0xff, 0xff, 0xff, 0xff,
  0xff, 0xff, 0xff, 0xff, 0xff, 0xff, 0xff, 0xff, 0xff, 0xff, 0xff, 0xff,
  0xff, 0xff, 0xff, 0xff, 0xff, 0xff, 0xff, 0xff, 0xff, 0xff, 0xff, 0xff,
  0xff, 0xff, 0xff, 0xff, 0xff, 0xff, 0xff, 0xff, 0xff, 0xff, 0xff, 0xff,
  0xff, 0xff, 0xff, 0xff, 0xff, 0xff, 0xff, 0xff, 0xff, 0xff, 0xff, 0xff,
  0xff, 0xff, 0xff, 0xff, 0xff, 0xff, 0xff, 0xff, 0xff, 0xff, 0xff, 0xff,
  0xff, 0xff, 0xff, 0xff, 0xff, 0xff, 0xff, 0xff, 0xff, 0xff, 0xff, 0xff,
  0xff, 0xff, 0xff, 0xff, 0xff, 0xff, 0xff, 0xff, 0xff, 0xff, 0xff, 0xff,
  0xff, 0xff, 0xff, 0xff, 0xff, 0xff, 0xff, 0xff, 0xff, 0xff, 0xff, 0xff,
  0xff, 0xff, 0xff, 0xff, 0xff, 0xff, 0xff, 0xff, 0xff, 0xff, 0xff, 0xff,
  0xff, 0xff, 0xff, 0xff, 0xff, 0xff, 0xff, 0xff, 0xff, 0xff, 0xff, 0xff,
  0xff, 0xff, 0xff, 0xff, 0xff, 0xff, 0xff, 0xff, 0xff, 0xff, 0xff, 0xff,
  0xff, 0xff, 0xff, 0xff, 0xff, 0xff, 0xff, 0xff, 0xff, 0xff, 0xff, 0xff,
  0xff, 0xff, 0xff, 0xff, 0xff, 0xff, 0xff, 0xff, 0xe5, 0xe5, 0xe5, 0xff,
  0x2a, 0x2a, 0x2a, 0xff, 0x37, 0x21, 0x17, 0xff, 0x72, 0x45, 0x30, 0xff,
  0x5f, 0x38, 0x26, 0xff, 0x48, 0x2a, 0x1c, 0xff, 0x0a, 0x07, 0x04, 0xff,
  0x96, 0x82, 0x35, 0xff, 0xfb, 0xd9, 0x57, 0xff, 0xed, 0xb5, 0x32, 0xff,
  0xe7, 0xa2, 0x1e, 0xff, 0xe7, 0xa3, 0x1f, 0xff, 0xe7, 0xa3, 0x1f, 0xff,
  0xe7, 0xa3, 0x1f, 0xff, 0xe8, 0xa4, 0x1f, 0xff, 0xea, 0xa5, 0x1f, 0xff,
  0xea, 0xa5, 0x1f, 0xff, 0xeb, 0xa6, 0x20, 0xff, 0xeb, 0xa6, 0x20, 0xff,
  0xea, 0xa5, 0x1f, 0xff, 0xe8, 0xa4, 0x1f, 0xff, 0xe7, 0xa3, 0x1f, 0xff,
  0xe7, 0xa3, 0x1f, 0xff, 0xe7, 0xa3, 0x1f, 0xff, 0xe9, 0xa4, 0x1f, 0xff,
  0xeb, 0xa6, 0x20, 0xff, 0xeb, 0xa6, 0x20, 0xff, 0xeb, 0xa6, 0x1f, 0xff,
  0xea, 0xa5, 0x1f, 0xff, 0xe9, 0xa5, 0x1f, 0xff, 0xe8, 0xa4, 0x1f, 0xff,
  0xe7, 0xa3, 0x1f, 0xff, 0xe7, 0xa3, 0x1f, 0xff, 0xe7, 0xa2, 0x1f, 0xff,
  0xe6, 0xa4, 0x1f, 0xff, 0xe8, 0xab, 0x23, 0xff, 0xee, 0xb9, 0x2a, 0xff,
  0xf8, 0xcf, 0x34, 0xff, 0xfd, 0xdc, 0x3a, 0xff, 0xfd, 0xdc, 0x3a, 0xff,
  0xfd, 0xdc, 0x3a, 0xff, 0xfd, 0xdc, 0x3a, 0xff, 0xfa, 0xd9, 0x39, 0xff,
  0xa6, 0x91, 0x26, 0xff, 0x36, 0x2f, 0x0c, 0xff, 0x18, 0x11, 0x08, 0xff,
  0x2e, 0x1c, 0x13, 0xff, 0x53, 0x33, 0x24, 0xff, 0x7d, 0x4d, 0x35, 0xff,
  0x91, 0x5a, 0x3d, 0xff, 0x89, 0x54, 0x39, 0xff, 0x90, 0x58, 0x3c, 0xff,
  0x96, 0x5c, 0x3e, 0xff, 0x92, 0x59, 0x3d, 0xff, 0x82, 0x4f, 0x36, 0xff,
  0x5f, 0x39, 0x28, 0xff, 0x2f, 0x1d, 0x13, 0xff, 0x05, 0x04, 0x02, 0xff,
  0x00, 0x00, 0x00, 0xff, 0x00, 0x00, 0x00, 0xff, 0x00, 0x00, 0x00, 0xff,
  0x00, 0x00, 0x00, 0xff, 0x00, 0x00, 0x00, 0xff, 0x00, 0x00, 0x00, 0xff,
  0x00, 0x00, 0x00, 0xff, 0x00, 0x00, 0x00, 0xff, 0x00, 0x00, 0x00, 0xff,
  0x00, 0x00, 0x00, 0xff, 0x00, 0x00, 0x00, 0xff, 0x00, 0x00, 0x00, 0xff,
  0x00, 0x00, 0x00, 0xff, 0x00, 0x00, 0x00, 0xff, 0x23, 0x1d, 0x07, 0xff,
  0xca, 0xaa, 0x29, 0xff, 0xff, 0xd7, 0x35, 0xff, 0xfd, 0xd5, 0x34, 0xff,
  0xfd, 0xd5, 0x34, 0xff, 0xfd, 0xd5, 0x34, 0xff, 0xfd, 0xde, 0x41, 0xff,
  0xf9, 0xe3, 0x4d, 0xff, 0x6d, 0x63, 0x29, 0xff, 0x20, 0x1c, 0x14, 0xff,
  0x23, 0x1f, 0x15, 0xff, 0x25, 0x21, 0x16, 0xff, 0x42, 0x36, 0x25, 0xff,
  0x26, 0x1e, 0x14, 0xff, 0x0b, 0x0b, 0x0c, 0xff, 0xc1, 0xc1, 0xc1, 0xff,
  0xff, 0xff, 0xff, 0xff, 0xff, 0xff, 0xff, 0xff, 0xff, 0xff, 0xff, 0xff,
  0xff, 0xff, 0xff, 0xff, 0xff, 0xff, 0xff, 0xff, 0xff, 0xff, 0xff, 0xff,
  0xff, 0xff, 0xff, 0xff, 0xff, 0xff, 0xff, 0xff, 0xff, 0xff, 0xff, 0xff,
  0xff, 0xff, 0xff, 0xff, 0xff, 0xff, 0xff, 0xff, 0xff, 0xff, 0xff, 0xff,
  0xff, 0xff, 0xff, 0xff, 0xff, 0xff, 0xff, 0xff, 0xff, 0xff, 0xff, 0xff,
  0xff, 0xff, 0xff, 0xff, 0xff, 0xff, 0xff, 0xff, 0xff, 0xff, 0xff, 0xff,
  0xff, 0xff, 0xff, 0xff, 0xff, 0xff, 0xff, 0xff, 0xff, 0xff, 0xff, 0xff,
  0xff, 0xff, 0xff, 0xff, 0xff, 0xff, 0xff, 0xff, 0xff, 0xff, 0xff, 0xff,
  0xff, 0xff, 0xff, 0xff, 0xff, 0xff, 0xff, 0xff, 0xff, 0xff, 0xff, 0xff,
  0xff, 0xff, 0xff, 0xff, 0xff, 0xff, 0xff, 0xff, 0xff, 0xff, 0xff, 0xff,
  0xff, 0xff, 0xff, 0xff, 0xff, 0xff, 0xff, 0xff, 0xff, 0xff, 0xff, 0xff,
  0xff, 0xff, 0xff, 0xff, 0xff, 0xff, 0xff, 0xff, 0xff, 0xff, 0xff, 0xff,
  0xff, 0xff, 0xff, 0xff, 0xff, 0xff, 0xff, 0xff, 0xff, 0xff, 0xff, 0xff,
  0xff, 0xff, 0xff, 0xff, 0xbf, 0xbf, 0xbf, 0xff, 0x0a, 0x0a, 0x0a, 0xff,
  0x33, 0x1f, 0x15, 0xff, 0x80, 0x4e, 0x36, 0xff, 0x60, 0x39, 0x26, 0xff,
  0x59, 0x34, 0x23, 0xff, 0x1a, 0x0f, 0x0a, 0xff, 0x32, 0x2b, 0x11, 0xff,
  0xe2, 0xc5, 0x51, 0xff, 0xf7, 0xcd, 0x4b, 0xff, 0xe8, 0xa7, 0x24, 0xff,
  0xe7, 0xa3, 0x1f, 0xff, 0xe7, 0xa3, 0x1f, 0xff, 0xe7, 0xa3, 0x1f, 0xff,
  0xe7, 0xa3, 0x1f, 0xff, 0xe7, 0xa3, 0x1f, 0xff, 0xe7, 0xa3, 0x1f, 0xff,
  0xe7, 0xa3, 0x1f, 0xff, 0xe7, 0xa3, 0x1f, 0xff, 0xe7, 0xa3, 0x1f, 0xff,
  0xe7, 0xa3, 0x1f, 0xff, 0xe7, 0xa3, 0x1f, 0xff, 0xe7, 0xa3, 0x1f, 0xff,
  0xe7, 0xa3, 0x1f, 0xff, 0xe7, 0xa3, 0x1f, 0xff, 0xe7, 0xa3, 0x1f, 0xff,
  0xe7, 0xa3, 0x1f, 0xff, 0xe7, 0xa3, 0x1f, 0xff, 0xe7, 0xa3, 0x1f, 0xff,
  0xe7, 0xa3, 0x1f, 0xff, 0xe7, 0xa2, 0x1f, 0xff, 0xe7, 0xa4, 0x20, 0xff,
  0xea, 0xab, 0x23, 0xff, 0xf0, 0xb9, 0x2a, 0xff, 0xf7, 0xca, 0x32, 0xff,
  0xfc, 0xd5, 0x37, 0xff, 0xfd, 0xda, 0x3a, 0xff, 0xfd, 0xdc, 0x3a, 0xff,
  0xfd, 0xdb, 0x3a, 0xff, 0xfd, 0xd9, 0x39, 0xff, 0xfd, 0xd9, 0x39, 0xff,
  0xff, 0xdc, 0x3a, 0xff, 0xa6, 0x90, 0x26, 0xff, 0x1f, 0x17, 0x09, 0xff,
  0x50, 0x2f, 0x20, 0xff, 0x83, 0x51, 0x37, 0xff, 0x9a, 0x60, 0x41, 0xff,
  0xa2, 0x64, 0x44, 0xff, 0xa2, 0x64, 0x44, 0xff, 0x9f, 0x62, 0x42, 0xff,
  0x9a, 0x5e, 0x40, 0xff, 0x98, 0x5d, 0x3f, 0xff, 0x98, 0x5d, 0x3f, 0xff,
  0x98, 0x5d, 0x3f, 0xff, 0x99, 0x5e, 0x40, 0xff, 0x9a, 0x5e, 0x40, 0xff,
  0x92, 0x59, 0x3c, 0xff, 0x42, 0x29, 0x1c, 0xff, 0x01, 0x01, 0x00, 0xff,
  0x00, 0x00, 0x00, 0xff, 0x00, 0x00, 0x00, 0xff, 0x00, 0x00, 0x00, 0xff,
  0x00, 0x00, 0x00, 0xff, 0x00, 0x00, 0x00, 0xff, 0x00, 0x00, 0x00, 0xff,
  0x00, 0x00, 0x00, 0xff, 0x00, 0x00, 0x00, 0xff, 0x00, 0x00, 0x00, 0xff,
  0x00, 0x00, 0x00, 0xff, 0x00, 0x00, 0x00, 0xff, 0x00, 0x00, 0x00, 0xff,
  0x15, 0x12, 0x04, 0xff, 0xad, 0x92, 0x24, 0xff, 0xff, 0xd7, 0x34, 0xff,
  0xfd, 0xd5, 0x34, 0xff, 0xfd, 0xd5, 0x34, 0xff, 0xfd, 0xd5, 0x34, 0xff,
  0xfd, 0xd5, 0x34, 0xff, 0xff, 0xd8, 0x36, 0xff, 0xc3, 0xac, 0x38, 0xff,
  0x33, 0x2e, 0x1a, 0xff, 0x22, 0x1e, 0x15, 0xff, 0x23, 0x1f, 0x15, 0xff,
  0x25, 0x20, 0x16, 0xff, 0x44, 0x37, 0x25, 0xff, 0x3c, 0x33, 0x1d, 0xff,
  0x05, 0x05, 0x04, 0xff, 0xa7, 0xa7, 0xa7, 0xff, 0xff, 0xff, 0xff, 0xff,
  0xff, 0xff, 0xff, 0xff, 0xff, 0xff, 0xff, 0xff, 0xff, 0xff, 0xff, 0xff,
  0xff, 0xff, 0xff, 0xff, 0xff, 0xff, 0xff, 0xff, 0xff, 0xff, 0xff, 0xff,
  0xff, 0xff, 0xff, 0xff, 0xff, 0xff, 0xff, 0xff, 0xff, 0xff, 0xff, 0xff,
  0xff, 0xff, 0xff, 0xff, 0xff, 0xff, 0xff, 0xff, 0xff, 0xff, 0xff, 0xff,
  0xff, 0xff, 0xff, 0xff, 0xff, 0xff, 0xff, 0xff, 0xff, 0xff, 0xff, 0xff,
  0xff, 0xff, 0xff, 0xff, 0xff, 0xff, 0xff, 0xff, 0xff, 0xff, 0xff, 0xff,
  0xff, 0xff, 0xff, 0xff, 0xff, 0xff, 0xff, 0xff, 0xff, 0xff, 0xff, 0xff,
  0xff, 0xff, 0xff, 0xff, 0xff, 0xff, 0xff, 0xff, 0xff, 0xff, 0xff, 0xff,
  0xff, 0xff, 0xff, 0xff, 0xff, 0xff, 0xff, 0xff, 0xff, 0xff, 0xff, 0xff,
  0xff, 0xff, 0xff, 0xff, 0xff, 0xff, 0xff, 0xff, 0xff, 0xff, 0xff, 0xff,
  0xff, 0xff, 0xff, 0xff, 0xff, 0xff, 0xff, 0xff, 0xff, 0xff, 0xff, 0xff,
  0xff, 0xff, 0xff, 0xff, 0xff, 0xff, 0xff, 0xff, 0xff, 0xff, 0xff, 0xff,
  0xff, 0xff, 0xff, 0xff, 0xff, 0xff, 0xff, 0xff, 0xff, 0xff, 0xff, 0xff,
  0x9c, 0x9c, 0x9c, 0xff, 0x02, 0x02, 0x02, 0xff, 0x54, 0x34, 0x23, 0xff,
  0x8b, 0x55, 0x3b, 0xff, 0x64, 0x3b, 0x28, 0xff, 0x5c, 0x36, 0x24, 0xff,
  0x40, 0x25, 0x19, 0xff, 0x05, 0x04, 0x02, 0xff, 0x88, 0x76, 0x30, 0xff,
  0xf8, 0xd7, 0x57, 0xff, 0xf1, 0xbb, 0x37, 0xff, 0xe7, 0xa3, 0x1e, 0xff,
  0xe7, 0xa3, 0x1f, 0xff, 0xe7, 0xa3, 0x1f, 0xff, 0xe7, 0xa3, 0x1f, 0xff,
  0xe7, 0xa3, 0x1f, 0xff, 0xe7, 0xa3, 0x1f, 0xff, 0xe7, 0xa3, 0x1f, 0xff,
  0xe7, 0xa3, 0x1f, 0xff, 0xe7, 0xa3, 0x1f, 0xff, 0xe7, 0xa3, 0x1f, 0xff,
  0xe7, 0xa3, 0x1f, 0xff, 0xe7, 0xa3, 0x1f, 0xff, 0xe7, 0xa3, 0x1f, 0xff,
  0xe7, 0xa3, 0x1f, 0xff, 0xe7, 0xa3, 0x1f, 0xff, 0xe7, 0xa3, 0x1f, 0xff,
  0xe7, 0xa3, 0x1f, 0xff, 0xe7, 0xa4, 0x1f, 0xff, 0xea, 0xab, 0x23, 0xff,
  0xf0, 0xb8, 0x29, 0xff, 0xf6, 0xc7, 0x30, 0xff, 0xfb, 0xd2, 0x36, 0xff,
  0xfd, 0xd8, 0x39, 0xff, 0xfd, 0xd9, 0x39, 0xff, 0xfd, 0xd8, 0x39, 0xff,
  0xfd, 0xd8, 0x39, 0xff, 0xfd, 0xd8, 0x39, 0xff, 0xfd, 0xd8, 0x39, 0xff,
  0xfd, 0xd8, 0x39, 0xff, 0xff, 0xda, 0x3a, 0xff, 0xee, 0xcb, 0x36, 0xff,
  0x3b, 0x33, 0x0d, 0xff, 0x48, 0x2b, 0x1e, 0xff, 0x9d, 0x60, 0x41, 0xff,
  0x9b, 0x5f, 0x41, 0xff, 0x9d, 0x61, 0x42, 0xff, 0xa0, 0x63, 0x43, 0xff,
  0xa0, 0x63, 0x43, 0xff, 0x9d, 0x61, 0x42, 0xff, 0x98, 0x5d, 0x3f, 0xff,
  0x98, 0x5d, 0x3f, 0xff, 0x98, 0x5d, 0x3f, 0xff, 0x98, 0x5d, 0x3f, 0xff,
  0x98, 0x5d, 0x3f, 0xff, 0x98, 0x5d, 0x3f, 0xff, 0x99, 0x5e, 0x3f, 0xff,
  0x85, 0x51, 0x37, 0xff, 0x43, 0x28, 0x1d, 0xff, 0x15, 0x0c, 0x09, 0xff,
  0x01, 0x01, 0x00, 0xff, 0x00, 0x00, 0x00, 0xff, 0x00, 0x00, 0x00, 0xff,
  0x00, 0x00, 0x00, 0xff, 0x00, 0x00, 0x00, 0xff, 0x00, 0x00, 0x00, 0xff,
  0x00, 0x00, 0x00, 0xff, 0x00, 0x00, 0x00, 0xff, 0x00, 0x00, 0x00, 0xff,
  0x00, 0x00, 0x00, 0xff, 0x12, 0x0f, 0x04, 0xff, 0xa2, 0x88, 0x21, 0xff,
  0xfe, 0xd5, 0x34, 0xff, 0xfd, 0xd5, 0x34, 0xff, 0xfd, 0xd5, 0x34, 0xff,
  0xfd, 0xd5, 0x34, 0xff, 0xfd, 0xd5, 0x34, 0xff, 0xfe, 0xd6, 0x34, 0xff,
  0xf5, 0xcf, 0x33, 0xff, 0x61, 0x52, 0x1c, 0xff, 0x20, 0x1d, 0x15, 0xff,
  0x23, 0x1f, 0x15, 0xff, 0x23, 0x1f, 0x15, 0xff, 0x24, 0x20, 0x16, 0xff,
  0x52, 0x46, 0x2a, 0xff, 0x81, 0x76, 0x35, 0xff, 0x04, 0x03, 0x00, 0xff,
  0x95, 0x95, 0x95, 0xff, 0xff, 0xff, 0xff, 0xff, 0xff, 0xff, 0xff, 0xff,
  0xff, 0xff, 0xff, 0xff, 0xff, 0xff, 0xff, 0xff, 0xff, 0xff, 0xff, 0xff,
  0xff, 0xff, 0xff, 0xff, 0xff, 0xff, 0xff, 0xff, 0xff, 0xff, 0xff, 0xff,
  0xff, 0xff, 0xff, 0xff, 0xff, 0xff, 0xff, 0xff, 0xff, 0xff, 0xff, 0xff,
  0xff, 0xff, 0xff, 0xff, 0xff, 0xff, 0xff, 0xff, 0xff, 0xff, 0xff, 0xff,
  0xff, 0xff, 0xff, 0xff, 0xff, 0xff, 0xff, 0xff, 0xff, 0xff, 0xff, 0xff,
  0xff, 0xff, 0xff, 0xff, 0xff, 0xff, 0xff, 0xff, 0xff, 0xff, 0xff, 0xff,
  0xff, 0xff, 0xff, 0xff, 0xff, 0xff, 0xff, 0xff, 0xff, 0xff, 0xff, 0xff,
  0xff, 0xff, 0xff, 0xff, 0xff, 0xff, 0xff, 0xff, 0xff, 0xff, 0xff, 0xff,
  0xff, 0xff, 0xff, 0xff, 0xff, 0xff, 0xff, 0xff, 0xff, 0xff, 0xff, 0xff,
  0xff, 0xff, 0xff, 0xff, 0xff, 0xff, 0xff, 0xff, 0xff, 0xff, 0xff, 0xff,
  0xff, 0xff, 0xff, 0xff, 0xff, 0xff, 0xff, 0xff, 0xff, 0xff, 0xff, 0xff,
  0xff, 0xff, 0xff, 0xff, 0xff, 0xff, 0xff, 0xff, 0xff, 0xff, 0xff, 0xff,
  0xff, 0xff, 0xff, 0xff, 0xff, 0xff, 0xff, 0xff, 0x7d, 0x7d, 0x7d, 0xff,
  0x04, 0x01, 0x00, 0xff, 0x6e, 0x44, 0x2f, 0xff, 0x8f, 0x58, 0x3d, 0xff,
  0x7d, 0x4c, 0x34, 0xff, 0x65, 0x3c, 0x28, 0xff, 0x58, 0x34, 0x22, 0xff,
  0x1c, 0x10, 0x0b, 0xff, 0x17, 0x14, 0x09, 0xff, 0x7f, 0x6c, 0x31, 0xff,
  0xd6, 0xb3, 0x41, 0xff, 0xee, 0xb4, 0x2d, 0xff, 0xe9, 0xa5, 0x20, 0xff,
  0xe7, 0xa3, 0x1f, 0xff, 0xe7, 0xa3, 0x1f, 0xff, 0xe7, 0xa3, 0x1f, 0xff,
  0xe7, 0xa3, 0x1f, 0xff, 0xe7, 0xa3, 0x1f, 0xff, 0xe7, 0xa3, 0x1f, 0xff,
  0xe7, 0xa3, 0x1f, 0xff, 0xe7, 0xa3, 0x1f, 0xff, 0xe7, 0xa3, 0x1f, 0xff,
  0xe7, 0xa3, 0x1f, 0xff, 0xe7, 0xa3, 0x1f, 0xff, 0xe7, 0xa3, 0x1f, 0xff,
  0xe7, 0xa3, 0x1f, 0xff, 0xe7, 0xa3, 0x1f, 0xff, 0xe7, 0xa3, 0x1f, 0xff,
  0xe8, 0xa5, 0x20, 0xff, 0xf5, 0xc4, 0x2f, 0xff, 0xfd, 0xd8, 0x39, 0xff,
  0xfd, 0xd9, 0x39, 0xff, 0xfd, 0xd8, 0x39, 0xff, 0xfd, 0xd8, 0x39, 0xff,
  0xfd, 0xd8, 0x39, 0xff, 0xfd, 0xd8, 0x39, 0xff, 0xfd, 0xd8, 0x39, 0xff,
  0xfd, 0xd8, 0x39, 0xff, 0xfd, 0xd8, 0x39, 0xff, 0xff, 0xd9, 0x39, 0xff,
  0xe7, 0xc5, 0x34, 0xff, 0x69, 0x5a, 0x17, 0xff, 0x24, 0x17, 0x0e, 0xff,
  0x82, 0x50, 0x37, 0xff, 0x95, 0x5b, 0x3f, 0xff, 0x91, 0x59, 0x3d, 0xff,
  0x9e, 0x61, 0x42, 0xff, 0xa0, 0x63, 0x43, 0xff, 0xa0, 0x63, 0x43, 0xff,
  0xa0, 0x63, 0x43, 0xff, 0x99, 0x5e, 0x40, 0xff, 0x98, 0x5d, 0x3f, 0xff,
  0x98, 0x5d, 0x3f, 0xff, 0x98, 0x5d, 0x3f, 0xff, 0x98, 0x5d, 0x3f, 0xff,
  0x98, 0x5d, 0x3f, 0xff, 0x98, 0x5d, 0x3f, 0xff, 0x88, 0x52, 0x39, 0xff,
  0x6e, 0x41, 0x2f, 0xff, 0x3b, 0x23, 0x19, 0xff, 0x03, 0x02, 0x01, 0xff,
  0x00, 0x00, 0x00, 0xff, 0x00, 0x00, 0x00, 0xff, 0x00, 0x00, 0x00, 0xff,
  0x00, 0x00, 0x00, 0xff, 0x00, 0x00, 0x00, 0xff, 0x00, 0x00, 0x00, 0xff,
  0x00, 0x00, 0x00, 0xff, 0x00, 0x00, 0x00, 0xff, 0x1d, 0x18, 0x06, 0xff,
  0xa4, 0x8a, 0x22, 0xff, 0xfd, 0xd5, 0x34, 0xff, 0xfd, 0xd5, 0x34, 0xff,
  0xfd, 0xd5, 0x34, 0xff, 0xfd, 0xd5, 0x34, 0xff, 0xfd, 0xd5, 0x34, 0xff,
  0xfd, 0xd5, 0x34, 0xff, 0xff, 0xd8, 0x35, 0xff, 0xb1, 0x95, 0x24, 0xff,
  0x17, 0x13, 0x07, 0xff, 0x18, 0x16, 0x0f, 0xff, 0x21, 0x1d, 0x14, 0xff,
  0x23, 0x1f, 0x15, 0xff, 0x23, 0x1e, 0x15, 0xff, 0x74, 0x67, 0x35, 0xff,
  0x9e, 0x93, 0x3e, 0xff, 0x02, 0x02, 0x00, 0xff, 0x93, 0x93, 0x93, 0xff,
  0xff, 0xff, 0xff, 0xff, 0xff, 0xff, 0xff, 0xff, 0xff, 0xff, 0xff, 0xff,
  0xff, 0xff, 0xff, 0xff, 0xff, 0xff, 0xff, 0xff, 0xff, 0xff, 0xff, 0xff,
  0xff, 0xff, 0xff, 0xff, 0xff, 0xff, 0xff, 0xff, 0xff, 0xff, 0xff, 0xff,
  0xff, 0xff, 0xff, 0xff, 0xff, 0xff, 0xff, 0xff, 0xff, 0xff, 0xff, 0xff,
  0xff, 0xff, 0xff, 0xff, 0xff, 0xff, 0xff, 0xff, 0xff, 0xff, 0xff, 0xff,
  0xff, 0xff, 0xff, 0xff, 0xff, 0xff, 0xff, 0xff, 0xff, 0xff, 0xff, 0xff,
  0xff, 0xff, 0xff, 0xff, 0xff, 0xff, 0xff, 0xff, 0xff, 0xff, 0xff, 0xff,
  0xff, 0xff, 0xff, 0xff, 0xff, 0xff, 0xff, 0xff, 0xff, 0xff, 0xff, 0xff,
  0xff, 0xff, 0xff, 0xff, 0xff, 0xff, 0xff, 0xff, 0xff, 0xff, 0xff, 0xff,
  0xff, 0xff, 0xff, 0xff, 0xff, 0xff, 0xff, 0xff, 0xff, 0xff, 0xff, 0xff,
  0xff, 0xff, 0xff, 0xff, 0xff, 0xff, 0xff, 0xff, 0xff, 0xff, 0xff, 0xff,
  0xff, 0xff, 0xff, 0xff, 0xff, 0xff, 0xff, 0xff, 0xff, 0xff, 0xff, 0xff,
  0xff, 0xff, 0xff, 0xff, 0xff, 0xff, 0xff, 0xff, 0xff, 0xff, 0xff, 0xff,
  0xff, 0xff, 0xff, 0xff, 0x78, 0x78, 0x78, 0xff, 0x07, 0x03, 0x01, 0xff,
  0x78, 0x49, 0x33, 0xff, 0x90, 0x58, 0x3d, 0xff, 0x8f, 0x58, 0x3c, 0xff,
  0x7b, 0x4a, 0x33, 0xff, 0x5e, 0x37, 0x25, 0xff, 0x46, 0x29, 0x1b, 0xff,
  0x07, 0x04, 0x03, 0xff, 0x17, 0x12, 0x0c, 0xff, 0x4d, 0x40, 0x21, 0xff,
  0x93, 0x79, 0x2e, 0xff, 0xc2, 0x8e, 0x21, 0xff, 0xe1, 0x9f, 0x1e, 0xff,
  0xea, 0xa5, 0x1f, 0xff, 0xea, 0xa5, 0x1f, 0xff, 0xe9, 0xa4, 0x1f, 0xff,
  0xe7, 0xa3, 0x1f, 0xff, 0xe7, 0xa3, 0x1f, 0xff, 0xe7, 0xa3, 0x1f, 0xff,
  0xe7, 0xa3, 0x1f, 0xff, 0xe7, 0xa3, 0x1f, 0xff, 0xe7, 0xa3, 0x1f, 0xff,
  0xe7, 0xa3, 0x1f, 0xff, 0xe7, 0xa3, 0x1f, 0xff, 0xe7, 0xa3, 0x1f, 0xff,
  0xe7, 0xa3, 0x1f, 0xff, 0xe7, 0xa3, 0x1f, 0xff, 0xe7, 0xa3, 0x1f, 0xff,
  0xeb, 0xad, 0x24, 0xff, 0xf9, 0xce, 0x34, 0xff, 0xfd, 0xd9, 0x39, 0xff,
  0xfd, 0xd9, 0x39, 0xff, 0xfd, 0xd8, 0x39, 0xff, 0xfd, 0xd8, 0x39, 0xff,
  0xfd, 0xd8, 0x39, 0xff, 0xfe, 0xd8, 0x39, 0xff, 0xff, 0xd9, 0x39, 0xff,
  0xff, 0xdb, 0x3a, 0xff, 0xf5, 0xd1, 0x37, 0xff, 0x5e, 0x51, 0x15, 0xff,
  0x18, 0x0e, 0x0b, 0xff, 0x71, 0x45, 0x30, 0xff, 0x8f, 0x58, 0x3d, 0xff,
  0x8e, 0x57, 0x3c, 0xff, 0x93, 0x5a, 0x3e, 0xff, 0x9f, 0x63, 0x43, 0xff,
  0xa0, 0x63, 0x43, 0xff, 0xa0, 0x63, 0x43, 0xff, 0xa0, 0x63, 0x43, 0xff,
  0x9f, 0x62, 0x42, 0xff, 0x9a, 0x5e, 0x40, 0xff, 0x98, 0x5d, 0x3f, 0xff,
  0x98, 0x5d, 0x3f, 0xff, 0x98, 0x5d, 0x3f, 0xff, 0x98, 0x5d, 0x3f, 0xff,
  0x98, 0x5d, 0x3f, 0xff, 0x91, 0x58, 0x3d, 0xff, 0x78, 0x48, 0x33, 0xff,
  0x58, 0x34, 0x25, 0xff, 0x15, 0x0d, 0x09, 0xff, 0x00, 0x00, 0x00, 0xff,
  0x00, 0x00, 0x00, 0xff, 0x00, 0x00, 0x00, 0xff, 0x00, 0x00, 0x00, 0xff,
  0x00, 0x00, 0x00, 0xff, 0x00, 0x00, 0x00, 0xff, 0x00, 0x00, 0x00, 0xff,
  0x36, 0x2e, 0x0c, 0xff, 0xc1, 0xa5, 0x2c, 0xff, 0xfe, 0xd8, 0x37, 0xff,
  0xfd, 0xd6, 0x35, 0xff, 0xfd, 0xd5, 0x34, 0xff, 0xfd, 0xd5, 0x34, 0xff,
  0xfd, 0xd5, 0x34, 0xff, 0xfd, 0xd5, 0x34, 0xff, 0xff, 0xd7, 0x35, 0xff,
  0xda, 0xb8, 0x2d, 0xff, 0x31, 0x29, 0x0a, 0xff, 0x00, 0x00, 0x00, 0xff,
  0x08, 0x07, 0x04, 0xff, 0x14, 0x11, 0x0c, 0xff, 0x1a, 0x16, 0x0f, 0xff,
  0x21, 0x1d, 0x14, 0xff, 0x9c, 0x90, 0x41, 0xff, 0xa1, 0x96, 0x3f, 0xff,
  0x03, 0x03, 0x01, 0xff, 0x9b, 0x9b, 0x9c, 0xff, 0xff, 0xff, 0xff, 0xff,
  0xff, 0xff, 0xff, 0xff, 0xff, 0xff, 0xff, 0xff, 0xff, 0xff, 0xff, 0xff,
  0xff, 0xff, 0xff, 0xff, 0xff, 0xff, 0xff, 0xff, 0xff, 0xff, 0xff, 0xff,
  0xff, 0xff, 0xff, 0xff, 0xff, 0xff, 0xff, 0xff, 0xff, 0xff, 0xff, 0xff,
  0xff, 0xff, 0xff, 0xff, 0xff, 0xff, 0xff, 0xff, 0xff, 0xff, 0xff, 0xff,
  0xff, 0xff, 0xff, 0xff, 0xff, 0xff, 0xff, 0xff, 0xff, 0xff, 0xff, 0xff,
  0xff, 0xff, 0xff, 0xff, 0xff, 0xff, 0xff, 0xff, 0xff, 0xff, 0xff, 0xff,
  0xff, 0xff, 0xff, 0xff, 0xff, 0xff, 0xff, 0xff, 0xff, 0xff, 0xff, 0xff,
  0xff, 0xff, 0xff, 0xff, 0xff, 0xff, 0xff, 0xff, 0xff, 0xff, 0xff, 0xff,
  0xff, 0xff, 0xff, 0xff, 0xff, 0xff, 0xff, 0xff, 0xff, 0xff, 0xff, 0xff,
  0xff, 0xff, 0xff, 0xff, 0xff, 0xff, 0xff, 0xff, 0xff, 0xff, 0xff, 0xff,
  0xff, 0xff, 0xff, 0xff, 0xff, 0xff, 0xff, 0xff, 0xff, 0xff, 0xff, 0xff,
  0xff, 0xff, 0xff, 0xff, 0xff, 0xff, 0xff, 0xff, 0xff, 0xff, 0xff, 0xff,
  0xff, 0xff, 0xff, 0xff, 0xff, 0xff, 0xff, 0xff, 0xff, 0xff, 0xff, 0xff,
  0x7d, 0x7d, 0x7d, 0xff, 0x07, 0x03, 0x01, 0xff, 0x77, 0x49, 0x32, 0xff,
  0x90, 0x58, 0x3d, 0xff, 0x8e, 0x57, 0x3c, 0xff, 0x84, 0x50, 0x37, 0xff,
  0x67, 0x3d, 0x29, 0xff, 0x5b, 0x35, 0x24, 0xff, 0x2d, 0x1b, 0x12, 0xff,
  0x03, 0x02, 0x02, 0xff, 0x1b, 0x16, 0x10, 0xff, 0x29, 0x21, 0x17, 0xff,
  0x2e, 0x23, 0x10, 0xff, 0x48, 0x33, 0x0a, 0xff, 0x7e, 0x59, 0x11, 0xff,
  0xaf, 0x7c, 0x17, 0xff, 0xce, 0x92, 0x1c, 0xff, 0xe0, 0x9e, 0x1e, 0xff,
  0xe8, 0xa4, 0x1f, 0xff, 0xeb, 0xa6, 0x1f, 0xff, 0xeb, 0xa5, 0x1f, 0xff,
  0xea, 0xa5, 0x1f, 0xff, 0xea, 0xa5, 0x1f, 0xff, 0xe9, 0xa4, 0x1f, 0xff,
  0xe8, 0xa4, 0x1f, 0xff, 0xe8, 0xa4, 0x1f, 0xff, 0xe8, 0xa4, 0x1f, 0xff,
  0xe8, 0xa4, 0x1f, 0xff, 0xe9, 0xa4, 0x1f, 0xff, 0xe9, 0xa4, 0x1f, 0xff,
  0xee, 0xaf, 0x24, 0xff, 0xf8, 0xc7, 0x2f, 0xff, 0xfd, 0xd1, 0x34, 0xff,
  0xff, 0xd5, 0x36, 0xff, 0xff, 0xd9, 0x38, 0xff, 0xfc, 0xd7, 0x39, 0xff,
  0xf4, 0xd1, 0x37, 0xff, 0xe4, 0xc3, 0x33, 0xff, 0xcc, 0xae, 0x2e, 0xff,
  0x7e, 0x6c, 0x1c, 0xff, 0x10, 0x0c, 0x05, 0xff, 0x59, 0x36, 0x26, 0xff,
  0x8b, 0x55, 0x3b, 0xff, 0x8e, 0x57, 0x3c, 0xff, 0x8e, 0x57, 0x3c, 0xff,
  0x94, 0x5b, 0x3e, 0xff, 0xa0, 0x63, 0x43, 0xff, 0xa0, 0x63, 0x43, 0xff,
  0xa0, 0x63, 0x43, 0xff, 0xa0, 0x63, 0x43, 0xff, 0xa0, 0x63, 0x43, 0xff,
  0x9b, 0x60, 0x41, 0xff, 0x98, 0x5d, 0x3f, 0xff, 0x98, 0x5d, 0x3f, 0xff,
  0x98, 0x5d, 0x3f, 0xff, 0x96, 0x5c, 0x3e, 0xff, 0x92, 0x5a, 0x3d, 0xff,
  0x90, 0x58, 0x3d, 0xff, 0x83, 0x50, 0x37, 0xff, 0x69, 0x3e, 0x2b, 0xff,
  0x52, 0x31, 0x22, 0xff, 0x12, 0x0b, 0x07, 0xff, 0x00, 0x00, 0x00, 0xff,
  0x00, 0x00, 0x00, 0xff, 0x00, 0x00, 0x00, 0xff, 0x00, 0x00, 0x00, 0xff,
  0x06, 0x05, 0x01, 0xff, 0x5e, 0x50, 0x15, 0xff, 0xdc, 0xbd, 0x32, 0xff,
  0xff, 0xdc, 0x3b, 0xff, 0xfd, 0xd9, 0x3a, 0xff, 0xfd, 0xd7, 0x37, 0xff,
  0xfd, 0xd5, 0x34, 0xff, 0xfd, 0xd5, 0x34, 0xff, 0xfd, 0xd5, 0x34, 0xff,
  0xff, 0xd6, 0x34, 0xff, 0xf0, 0xca, 0x31, 0xff, 0x58, 0x4a, 0x12, 0xff,
  0x00, 0x00, 0x00, 0xff, 0x00, 0x00, 0x00, 0xff, 0x04, 0x03, 0x02, 0xff,
  0x11, 0x0e, 0x09, 0xff, 0x10, 0x0d, 0x0a, 0xff, 0x36, 0x2e, 0x13, 0xff,
  0xd9, 0xc4, 0x4b, 0xff, 0x90, 0x86, 0x38, 0xff, 0x08, 0x08, 0x08, 0xff,
  0xb5, 0xb5, 0xb5, 0xff, 0xff, 0xff, 0xff, 0xff, 0xff, 0xff, 0xff, 0xff,
  0xff, 0xff, 0xff, 0xff, 0xff, 0xff, 0xff, 0xff, 0xff, 0xff, 0xff, 0xff,
  0xff, 0xff, 0xff, 0xff, 0xff, 0xff, 0xff, 0xff, 0xff, 0xff, 0xff, 0xff,
  0xff, 0xff, 0xff, 0xff, 0xff, 0xff, 0xff, 0xff, 0xff, 0xff, 0xff, 0xff,
  0xff, 0xff, 0xff, 0xff, 0xff, 0xff, 0xff, 0xff, 0xff, 0xff, 0xff, 0xff,
  0xff, 0xff, 0xff, 0xff, 0xff, 0xff, 0xff, 0xff, 0xff, 0xff, 0xff, 0xff,
  0xff, 0xff, 0xff, 0xff, 0xff, 0xff, 0xff, 0xff, 0xff, 0xff, 0xff, 0xff,
  0xff, 0xff, 0xff, 0xff, 0xff, 0xff, 0xff, 0xff, 0xff, 0xff, 0xff, 0xff,
  0xff, 0xff, 0xff, 0xff, 0xff, 0xff, 0xff, 0xff, 0xff, 0xff, 0xff, 0xff,
  0xff, 0xff, 0xff, 0xff, 0xff, 0xff, 0xff, 0xff, 0xff, 0xff, 0xff, 0xff,
  0xff, 0xff, 0xff, 0xff, 0xff, 0xff, 0xff, 0xff, 0xff, 0xff, 0xff, 0xff,
  0xff, 0xff, 0xff, 0xff, 0xff, 0xff, 0xff, 0xff, 0xff, 0xff, 0xff, 0xff,
  0xff, 0xff, 0xff, 0xff, 0xff, 0xff, 0xff, 0xff, 0xff, 0xff, 0xff, 0xff,
  0xff, 0xff, 0xff, 0xff, 0xff, 0xff, 0xff, 0xff, 0x9b, 0x9c, 0x9c, 0xff,
  0x07, 0x05, 0x04, 0xff, 0x68, 0x3f, 0x2c, 0xff, 0x90, 0x58, 0x3d, 0xff,
  0x8e, 0x57, 0x3c, 0xff, 0x85, 0x51, 0x38, 0xff, 0x77, 0x48, 0x31, 0xff,
  0x5f, 0x38, 0x26, 0xff, 0x55, 0x32, 0x21, 0xff, 0x19, 0x0f, 0x0a, 0xff,
  0x07, 0x06, 0x04, 0xff, 0x23, 0x1c, 0x14, 0xff, 0x25, 0x1e, 0x15, 0xff,
  0x08, 0x07, 0x06, 0xff, 0x00, 0x00, 0x00, 0xff, 0x0b, 0x08, 0x01, 0xff,
  0x23, 0x19, 0x05, 0xff, 0x41, 0x2e, 0x09, 0xff, 0x67, 0x49, 0x0e, 0xff,
  0x81, 0x5b, 0x11, 0xff, 0xa2, 0x72, 0x16, 0xff, 0xb2, 0x7e, 0x18, 0xff,
  0xbb, 0x84, 0x19, 0xff, 0xc7, 0x8c, 0x1b, 0xff, 0xd1, 0x93, 0x1c, 0xff,
  0xd7, 0x98, 0x1d, 0xff, 0xd9, 0x99, 0x1d, 0xff, 0xd6, 0x97, 0x1d, 0xff,
  0xce, 0x91, 0x1c, 0xff, 0xc2, 0x89, 0x1a, 0xff, 0xb7, 0x81, 0x18, 0xff,
  0xb2, 0x7f, 0x18, 0xff, 0xb0, 0x84, 0x1b, 0xff, 0x92, 0x70, 0x18, 0xff,
  0x7b, 0x61, 0x16, 0xff, 0x66, 0x55, 0x15, 0xff, 0x41, 0x38, 0x0f, 0xff,
  0x29, 0x23, 0x09, 0xff, 0x10, 0x0e, 0x04, 0xff, 0x03, 0x03, 0x01, 0xff,
  0x3c, 0x24, 0x1a, 0xff, 0x7b, 0x4b, 0x35, 0xff, 0x8a, 0x54, 0x3a, 0xff,
  0x8e, 0x57, 0x3c, 0xff, 0x8e, 0x57, 0x3c, 0xff, 0x91, 0x59, 0x3d, 0xff,
  0x9c, 0x61, 0x41, 0xff, 0x9f, 0x63, 0x43, 0xff, 0xa0, 0x63, 0x43, 0xff,
  0xa0, 0x63, 0x43, 0xff, 0x9e, 0x61, 0x42, 0xff, 0x99, 0x5e, 0x40, 0xff,
  0x97, 0x5c, 0x3f, 0xff, 0x96, 0x5c, 0x3e, 0xff, 0x94, 0x5b, 0x3e, 0xff,
  0x8f, 0x58, 0x3c, 0xff, 0x8e, 0x57, 0x3c, 0xff, 0x8e, 0x57, 0x3c, 0xff,
  0x8a, 0x54, 0x3a, 0xff, 0x6f, 0x42, 0x2e, 0xff, 0x66, 0x3d, 0x29, 0xff,
  0x48, 0x2b, 0x1d, 0xff, 0x06, 0x03, 0x02, 0xff, 0x00, 0x00, 0x00, 0xff,
  0x00, 0x00, 0x00, 0xff, 0x1e, 0x16, 0x04, 0xff, 0x8f, 0x72, 0x18, 0xff,
  0xf1, 0xc9, 0x31, 0xff, 0xff, 0xdc, 0x3b, 0xff, 0xfd, 0xda, 0x3a, 0xff,
  0xfd, 0xd9, 0x3a, 0xff, 0xfd, 0xd9, 0x3a, 0xff, 0xfd, 0xd7, 0x37, 0xff,
  0xfd, 0xd6, 0x35, 0xff, 0xff, 0xd7, 0x35, 0xff, 0xf3, 0xcd, 0x32, 0xff,
  0x71, 0x5f, 0x17, 0xff, 0x02, 0x02, 0x00, 0xff, 0x00, 0x00, 0x00, 0xff,
  0x00, 0x00, 0x00, 0xff, 0x02, 0x02, 0x01, 0xff, 0x10, 0x0d, 0x09, 0xff,
  0x11, 0x0e, 0x0a, 0xff, 0x82, 0x6c, 0x21, 0xff, 0xf9, 0xde, 0x51, 0xff,
  0x78, 0x70, 0x2f, 0xff, 0x0d, 0x0d, 0x0f, 0xff, 0xce, 0xce, 0xce, 0xff,
  0xff, 0xff, 0xff, 0xff, 0xff, 0xff, 0xff, 0xff, 0xff, 0xff, 0xff, 0xff,
  0xff, 0xff, 0xff, 0xff, 0xff, 0xff, 0xff, 0xff, 0xff, 0xff, 0xff, 0xff,
  0xff, 0xff, 0xff, 0xff, 0xff, 0xff, 0xff, 0xff, 0xff, 0xff, 0xff, 0xff,
  0xff, 0xff, 0xff, 0xff, 0xff, 0xff, 0xff, 0xff, 0xff, 0xff, 0xff, 0xff,
  0xff, 0xff, 0xff, 0xff, 0xff, 0xff, 0xff, 0xff, 0xff, 0xff, 0xff, 0xff,
  0xff, 0xff, 0xff, 0xff, 0xff, 0xff, 0xff, 0xff, 0xff, 0xff, 0xff, 0xff,
  0xff, 0xff, 0xff, 0xff, 0xff, 0xff, 0xff, 0xff, 0xff, 0xff, 0xff, 0xff,
  0xff, 0xff, 0xff, 0xff, 0xff, 0xff, 0xff, 0xff, 0xff, 0xff, 0xff, 0xff,
  0xff, 0xff, 0xff, 0xff, 0xff, 0xff, 0xff, 0xff, 0xff, 0xff, 0xff, 0xff,
  0xff, 0xff, 0xff, 0xff, 0xff, 0xff, 0xff, 0xff, 0xff, 0xff, 0xff, 0xff,
  0xff, 0xff, 0xff, 0xff, 0xff, 0xff, 0xff, 0xff, 0xff, 0xff, 0xff, 0xff,
  0xff, 0xff, 0xff, 0xff, 0xff, 0xff, 0xff, 0xff, 0xff, 0xff, 0xff, 0xff,
  0xff, 0xff, 0xff, 0xff, 0xff, 0xff, 0xff, 0xff, 0xff, 0xff, 0xff, 0xff,
  0xff, 0xff, 0xff, 0xff, 0xbd, 0xbd, 0xbd, 0xff, 0x09, 0x09, 0x09, 0xff,
  0x50, 0x31, 0x22, 0xff, 0x90, 0x58, 0x3d, 0xff, 0x8a, 0x54, 0x3a, 0xff,
  0x82, 0x4f, 0x37, 0xff, 0x81, 0x4e, 0x36, 0xff, 0x6f, 0x42, 0x2d, 0xff,
  0x5d, 0x37, 0x25, 0xff, 0x4a, 0x2c, 0x1d, 0xff, 0x0d, 0x07, 0x05, 0xff,
  0x0c, 0x0a, 0x07, 0xff, 0x26, 0x1f, 0x16, 0xff, 0x22, 0x1c, 0x13, 0xff,
  0x08, 0x07, 0x05, 0xff, 0x00, 0x00, 0x00, 0xff, 0x00, 0x00, 0x00, 0xff,
  0x00, 0x00, 0x00, 0xff, 0x00, 0x00, 0x00, 0xff, 0x00, 0x00, 0x00, 0xff,
  0x05, 0x04, 0x01, 0xff, 0x0a, 0x07, 0x01, 0xff, 0x12, 0x0d, 0x02, 0xff,
  0x1c, 0x14, 0x04, 0xff, 0x25, 0x1a, 0x05, 0xff, 0x2a, 0x1e, 0x06, 0xff,
  0x2c, 0x1f, 0x06, 0xff, 0x29, 0x1d, 0x05, 0xff, 0x22, 0x18, 0x05, 0xff,
  0x18, 0x11, 0x03, 0xff, 0x0f, 0x0b, 0x02, 0xff, 0x09, 0x06, 0x01, 0xff,
  0x07, 0x05, 0x01, 0xff, 0x01, 0x00, 0x00, 0xff, 0x00, 0x00, 0x00, 0xff,
  0x00, 0x00, 0x00, 0xff, 0x00, 0x00, 0x00, 0xff, 0x00, 0x00, 0x00, 0xff,
  0x00, 0x00, 0x00, 0xff, 0x0c, 0x07, 0x05, 0xff, 0x64, 0x3d, 0x2b, 0xff,
  0x7b, 0x4b, 0x35, 0xff, 0x8b, 0x55, 0x3b, 0xff, 0x8c, 0x56, 0x3b, 0xff,
  0x8a, 0x54, 0x3b, 0xff, 0x8e, 0x57, 0x3c, 0xff, 0x91, 0x59, 0x3d, 0xff,
  0x97, 0x5d, 0x3f, 0xff, 0x99, 0x5e, 0x40, 0xff, 0x99, 0x5e, 0x40, 0xff,
  0x98, 0x5d, 0x3f, 0xff, 0x96, 0x5c, 0x3e, 0xff, 0x91, 0x59, 0x3d, 0xff,
  0x8e, 0x57, 0x3c, 0xff, 0x8e, 0x57, 0x3c, 0xff, 0x8e, 0x57, 0x3c, 0xff,
  0x8e, 0x57, 0x3c, 0xff, 0x8e, 0x57, 0x3c, 0xff, 0x89, 0x53, 0x3a, 0xff,
  0x75, 0x46, 0x31, 0xff, 0x65, 0x3c, 0x29, 0xff, 0x58, 0x34, 0x24, 0xff,
  0x13, 0x0b, 0x08, 0xff, 0x0c, 0x08, 0x01, 0xff, 0x5a, 0x40, 0x0c, 0xff,
  0xbe, 0x88, 0x19, 0xff, 0xec, 0xac, 0x21, 0xff, 0xf1, 0xb9, 0x27, 0xff,
  0xf6, 0xc7, 0x31, 0xff, 0xfa, 0xd1, 0x36, 0xff, 0xfc, 0xd6, 0x38, 0xff,
  0xfc, 0xd7, 0x39, 0xff, 0xfc, 0xd6, 0x38, 0xff, 0xfc, 0xd4, 0x36, 0xff,
  0xed, 0xc1, 0x2f, 0xff, 0x72, 0x5e, 0x17, 0xff, 0x05, 0x04, 0x01, 0xff,
  0x00, 0x00, 0x00, 0xff, 0x00, 0x00, 0x00, 0xff, 0x00, 0x00, 0x00, 0xff,
  0x02, 0x02, 0x01, 0xff, 0x0d, 0x0b, 0x09, 0xff, 0x43, 0x33, 0x0f, 0xff,
  0xd9, 0xa9, 0x2a, 0xff, 0xf2, 0xda, 0x58, 0xff, 0x49, 0x44, 0x1d, 0xff,
  0x26, 0x27, 0x28, 0xff, 0xe6, 0xe6, 0xe6, 0xff, 0xff, 0xff, 0xff, 0xff,
  0xff, 0xff, 0xff, 0xff, 0xff, 0xff, 0xff, 0xff, 0xff, 0xff, 0xff, 0xff,
  0xff, 0xff, 0xff, 0xff, 0xff, 0xff, 0xff, 0xff, 0xff, 0xff, 0xff, 0xff,
  0xff, 0xff, 0xff, 0xff, 0xff, 0xff, 0xff, 0xff, 0xff, 0xff, 0xff, 0xff,
  0xff, 0xff, 0xff, 0xff, 0xff, 0xff, 0xff, 0xff, 0xff, 0xff, 0xff, 0xff,
  0xff, 0xff, 0xff, 0xff, 0xff, 0xff, 0xff, 0xff, 0xff, 0xff, 0xff, 0xff,
  0xff, 0xff, 0xff, 0xff, 0xff, 0xff, 0xff, 0xff, 0xff, 0xff, 0xff, 0xff,
  0xff, 0xff, 0xff, 0xff, 0xff, 0xff, 0xff, 0xff, 0xff, 0xff, 0xff, 0xff,
  0xff, 0xff, 0xff, 0xff, 0xff, 0xff, 0xff, 0xff, 0xff, 0xff, 0xff, 0xff,
  0xff, 0xff, 0xff, 0xff, 0xff, 0xff, 0xff, 0xff, 0xff, 0xff, 0xff, 0xff,
  0xff, 0xff, 0xff, 0xff, 0xff, 0xff, 0xff, 0xff, 0xff, 0xff, 0xff, 0xff,
  0xff, 0xff, 0xff, 0xff, 0xff, 0xff, 0xff, 0xff, 0xff, 0xff, 0xff, 0xff,
  0xff, 0xff, 0xff, 0xff, 0xff, 0xff, 0xff, 0xff, 0xff, 0xff, 0xff, 0xff,
  0xff, 0xff, 0xff, 0xff, 0xff, 0xff, 0xff, 0xff, 0xff, 0xff, 0xff, 0xff,
  0xe1, 0xe1, 0xe1, 0xff, 0x21, 0x22, 0x23, 0xff, 0x31, 0x1e, 0x15, 0xff,
  0x8e, 0x58, 0x3e, 0xff, 0x82, 0x4f, 0x37, 0xff, 0x81, 0x4e, 0x36, 0xff,
  0x81, 0x4e, 0x36, 0xff, 0x7f, 0x4d, 0x35, 0xff, 0x68, 0x3e, 0x2a, 0xff,
  0x5c, 0x36, 0x24, 0xff, 0x3f, 0x25, 0x19, 0xff, 0x07, 0x04, 0x03, 0xff,
  0x11, 0x0e, 0x09, 0xff, 0x28, 0x20, 0x16, 0xff, 0x22, 0x1b, 0x13, 0xff,
  0x09, 0x07, 0x05, 0xff, 0x00, 0x00, 0x00, 0xff, 0x00, 0x00, 0x00, 0xff,
  0x00, 0x00, 0x00, 0xff, 0x00, 0x00, 0x00, 0xff, 0x00, 0x00, 0x00, 0xff,
  0x00, 0x00, 0x00, 0xff, 0x00, 0x00, 0x00, 0xff, 0x00, 0x00, 0x00, 0xff,
  0x00, 0x00, 0x00, 0xff, 0x00, 0x00, 0x00, 0xff, 0x00, 0x00, 0x00, 0xff,
  0x00, 0x00, 0x00, 0xff, 0x00, 0x00, 0x00, 0xff, 0x00, 0x00, 0x00, 0xff,
  0x00, 0x00, 0x00, 0xff, 0x00, 0x00, 0x00, 0xff, 0x00, 0x00, 0x00, 0xff,
  0x00, 0x00, 0x00, 0xff, 0x00, 0x00, 0x00, 0xff, 0x00, 0x00, 0x00, 0xff,
  0x00, 0x00, 0x00, 0xff, 0x00, 0x00, 0x00, 0xff, 0x00, 0x00, 0x00, 0xff,
  0x15, 0x0d, 0x09, 0xff, 0x66, 0x3e, 0x2b, 0xff, 0x74, 0x45, 0x30, 0xff,
  0x8a, 0x54, 0x3a, 0xff, 0x87, 0x52, 0x39, 0xff, 0x86, 0x51, 0x39, 0xff,
  0x8c, 0x55, 0x3b, 0xff, 0x8e, 0x57, 0x3c, 0xff, 0x8f, 0x57, 0x3c, 0xff,
  0x90, 0x58, 0x3d, 0xff, 0x91, 0x59, 0x3d, 0xff, 0x90, 0x58, 0x3d, 0xff,
  0x8f, 0x58, 0x3c, 0xff, 0x8e, 0x57, 0x3c, 0xff, 0x8e, 0x57, 0x3c, 0xff,
  0x8e, 0x57, 0x3c, 0xff, 0x8e, 0x57, 0x3c, 0xff, 0x8e, 0x57, 0x3c, 0xff,
  0x8b, 0x55, 0x3b, 0xff, 0x86, 0x51, 0x39, 0xff, 0x72, 0x45, 0x2f, 0xff,
  0x63, 0x3b, 0x28, 0xff, 0x4f, 0x2f, 0x20, 0xff, 0x0e, 0x09, 0x05, 0xff,
  0x79, 0x55, 0x10, 0xff, 0xdf, 0x9d, 0x1e, 0xff, 0xe8, 0xa4, 0x1e, 0xff,
  0xe7, 0xa4, 0x1e, 0xff, 0xe7, 0xa3, 0x1e, 0xff, 0xe7, 0xa5, 0x1e, 0xff,
  0xe9, 0xaa, 0x21, 0xff, 0xeb, 0xaf, 0x24, 0xff, 0xed, 0xb1, 0x25, 0xff,
  0xee, 0xb1, 0x24, 0xff, 0xda, 0xa0, 0x20, 0xff, 0x61, 0x46, 0x0d, 0xff,
  0x03, 0x02, 0x00, 0xff, 0x00, 0x00, 0x00, 0xff, 0x00, 0x00, 0x00, 0xff,
  0x00, 0x00, 0x00, 0xff, 0x00, 0x00, 0x00, 0xff, 0x00, 0x00, 0x00, 0xff,
  0x25, 0x1d, 0x0a, 0xff, 0xbc, 0x8c, 0x1d, 0xff, 0xf8, 0xc1, 0x38, 0xff,
  0xdb, 0xc2, 0x65, 0xff, 0x1f, 0x1c, 0x0e, 0xff, 0x53, 0x53, 0x54, 0xff,
  0xfb, 0xfb, 0xfb, 0xff, 0xff, 0xff, 0xff, 0xff, 0xff, 0xff, 0xff, 0xff,
  0xff, 0xff, 0xff, 0xff, 0xff, 0xff, 0xff, 0xff, 0xff, 0xff, 0xff, 0xff,
  0xff, 0xff, 0xff, 0xff, 0xff, 0xff, 0xff, 0xff, 0xff, 0xff, 0xff, 0xff,
  0xff, 0xff, 0xff, 0xff, 0xff, 0xff, 0xff, 0xff, 0xff, 0xff, 0xff, 0xff,
  0xff, 0xff, 0xff, 0xff, 0xff, 0xff, 0xff, 0xff, 0xff, 0xff, 0xff, 0xff,
  0xff, 0xff, 0xff, 0xff, 0xff, 0xff, 0xff, 0xff, 0xff, 0xff, 0xff, 0xff,
  0xff, 0xff, 0xff, 0xff, 0xff, 0xff, 0xff, 0xff, 0xff, 0xff, 0xff, 0xff,
  0xff, 0xff, 0xff, 0xff, 0xff, 0xff, 0xff, 0xff, 0xff, 0xff, 0xff, 0xff,
  0xff, 0xff, 0xff, 0xff, 0xff, 0xff, 0xff, 0xff, 0xff, 0xff, 0xff, 0xff,
  0xff, 0xff, 0xff, 0xff, 0xff, 0xff, 0xff, 0xff, 0xff, 0xff, 0xff, 0xff,
  0xff, 0xff, 0xff, 0xff, 0xff, 0xff, 0xff, 0xff, 0xff, 0xff, 0xff, 0xff,
  0xff, 0xff, 0xff, 0xff, 0xff, 0xff, 0xff, 0xff, 0xff, 0xff, 0xff, 0xff,
  0xff, 0xff, 0xff, 0xff, 0xff, 0xff, 0xff, 0xff, 0xff, 0xff, 0xff, 0xff,
  0xff, 0xff, 0xff, 0xff, 0xff, 0xff, 0xff, 0xff, 0xfa, 0xfa, 0xfa, 0xff,
  0x55, 0x55, 0x55, 0xff, 0x0f, 0x08, 0x04, 0xff, 0x7f, 0x50, 0x39, 0xff,
  0x85, 0x51, 0x38, 0xff, 0x81, 0x4e, 0x36, 0xff, 0x81, 0x4e, 0x36, 0xff,
  0x81, 0x4e, 0x36, 0xff, 0x7c, 0x4b, 0x34, 0xff, 0x64, 0x3b, 0x28, 0xff,
  0x5c, 0x36, 0x24, 0xff, 0x35, 0x1f, 0x15, 0xff, 0x04, 0x02, 0x02, 0xff,
  0x11, 0x0e, 0x0a, 0xff, 0x26, 0x1e, 0x15, 0xff, 0x20, 0x19, 0x11, 0xff,
  0x0b, 0x08, 0x06, 0xff, 0x00, 0x00, 0x00, 0xff, 0x00, 0x00, 0x00, 0xff,
  0x00, 0x00, 0x00, 0xff, 0x00, 0x00, 0x00, 0xff, 0x00, 0x00, 0x00, 0xff,
  0x00, 0x00, 0x00, 0xff, 0x00, 0x00, 0x00, 0xff, 0x00, 0x00, 0x00, 0xff,
  0x00, 0x00, 0x00, 0xff, 0x00, 0x00, 0x00, 0xff, 0x00, 0x00, 0x00, 0xff,
  0x00, 0x00, 0x00, 0xff, 0x00, 0x00, 0x00, 0xff, 0x00, 0x00, 0x00, 0xff,
  0x00, 0x00, 0x00, 0xff, 0x00, 0x00, 0x00, 0xff, 0x00, 0x00, 0x00, 0xff,
  0x00, 0x00, 0x00, 0xff, 0x00, 0x00, 0x00, 0xff, 0x00, 0x00, 0x00, 0xff,
  0x00, 0x00, 0x00, 0xff, 0x00, 0x00, 0x00, 0xff, 0x3c, 0x25, 0x1a, 0xff,
  0x6f, 0x42, 0x2e, 0xff, 0x70, 0x42, 0x2e, 0xff, 0x86, 0x51, 0x39, 0xff,
  0x86, 0x51, 0x39, 0xff, 0x86, 0x51, 0x39, 0xff, 0x8b, 0x55, 0x3b, 0xff,
  0x8e, 0x57, 0x3c, 0xff, 0x8e, 0x57, 0x3c, 0xff, 0x8e, 0x57, 0x3c, 0xff,
  0x8e, 0x57, 0x3c, 0xff, 0x8e, 0x57, 0x3c, 0xff, 0x8e, 0x57, 0x3c, 0xff,
  0x8e, 0x57, 0x3c, 0xff, 0x8e, 0x57, 0x3c, 0xff, 0x8c, 0x55, 0x3b, 0xff,
  0x8b, 0x54, 0x3b, 0xff, 0x89, 0x53, 0x3a, 0xff, 0x87, 0x52, 0x39, 0xff,
  0x86, 0x51, 0x39, 0xff, 0x6e, 0x42, 0x2d, 0xff, 0x59, 0x35, 0x24, 0xff,
  0x58, 0x34, 0x23, 0xff, 0x1e, 0x12, 0x0d, 0xff, 0x61, 0x44, 0x0d, 0xff,
  0xd9, 0x96, 0x1f, 0xff, 0xdd, 0x9a, 0x1f, 0xff, 0xe6, 0xa3, 0x1e, 0xff,
  0xe7, 0xa4, 0x1e, 0xff, 0xe7, 0xa4, 0x1e, 0xff, 0xe7, 0xa4, 0x1e, 0xff,
  0xe7, 0xa4, 0x1e, 0xff, 0xe9, 0xa5, 0x1e, 0xff, 0xc0, 0x88, 0x19, 0xff,
  0x46, 0x31, 0x09, 0xff, 0x01, 0x00, 0x00, 0xff, 0x00, 0x00, 0x00, 0xff,
  0x00, 0x00, 0x00, 0xff, 0x00, 0x00, 0x00, 0xff, 0x00, 0x00, 0x00, 0xff,
  0x00, 0x00, 0x00, 0xff, 0x0d, 0x09, 0x02, 0xff, 0x9a, 0x73, 0x17, 0xff,
  0xf3, 0xb4, 0x23, 0xff, 0xf9, 0xca, 0x4f, 0xff, 0xad, 0x9a, 0x58, 0xff,
  0x08, 0x07, 0x04, 0xff, 0x94, 0x94, 0x94, 0xff, 0xff, 0xff, 0xff, 0xff,
  0xff, 0xff, 0xff, 0xff, 0xff, 0xff, 0xff, 0xff, 0xff, 0xff, 0xff, 0xff,
  0xff, 0xff, 0xff, 0xff, 0xff, 0xff, 0xff, 0xff, 0xff, 0xff, 0xff, 0xff,
  0xff, 0xff, 0xff, 0xff, 0xff, 0xff, 0xff, 0xff, 0xff, 0xff, 0xff, 0xff,
  0xff, 0xff, 0xff, 0xff, 0xff, 0xff, 0xff, 0xff, 0xff, 0xff, 0xff, 0xff,
  0xff, 0xff, 0xff, 0xff, 0xff, 0xff, 0xff, 0xff, 0xff, 0xff, 0xff, 0xff,
  0xff, 0xff, 0xff, 0xff, 0xff, 0xff, 0xff, 0xff, 0xff, 0xff, 0xff, 0xff,
  0xff, 0xff, 0xff, 0xff, 0xff, 0xff, 0xff, 0xff, 0xff, 0xff, 0xff, 0xff,
  0xff, 0xff, 0xff, 0xff, 0xff, 0xff, 0xff, 0xff, 0xff, 0xff, 0xff, 0xff,
  0xff, 0xff, 0xff, 0xff, 0xff, 0xff, 0xff, 0xff, 0xff, 0xff, 0xff, 0xff,
  0xff, 0xff, 0xff, 0xff, 0xff, 0xff, 0xff, 0xff, 0xff, 0xff, 0xff, 0xff,
  0xff, 0xff, 0xff, 0xff, 0xff, 0xff, 0xff, 0xff, 0xff, 0xff, 0xff, 0xff,
  0xff, 0xff, 0xff, 0xff, 0xff, 0xff, 0xff, 0xff, 0xff, 0xff, 0xff, 0xff,
  0xff, 0xff, 0xff, 0xff, 0xff, 0xff, 0xff, 0xff, 0xff, 0xff, 0xff, 0xff,
  0xff, 0xff, 0xff, 0xff, 0xff, 0xff, 0xff, 0xff, 0x9f, 0x9f, 0x9f, 0xff,
  0x03, 0x03, 0x03, 0xff, 0x57, 0x37, 0x27, 0xff, 0x82, 0x50, 0x38, 0xff,
  0x7a, 0x4a, 0x33, 0xff, 0x81, 0x4e, 0x36, 0xff, 0x81, 0x4e, 0x36, 0xff,
  0x81, 0x4e, 0x36, 0xff, 0x77, 0x47, 0x31, 0xff, 0x60, 0x39, 0x26, 0xff,
  0x57, 0x34, 0x23, 0xff, 0x2c, 0x1a, 0x12, 0xff, 0x04, 0x02, 0x02, 0xff,
  0x0d, 0x0a, 0x07, 0xff, 0x20, 0x19, 0x11, 0xff, 0x21, 0x1a, 0x12, 0xff,
  0x12, 0x0e, 0x0a, 0xff, 0x03, 0x03, 0x02, 0xff, 0x00, 0x00, 0x00, 0xff,
  0x00, 0x00, 0x00, 0xff, 0x00, 0x00, 0x00, 0xff, 0x00, 0x00, 0x00, 0xff,
  0x00, 0x00, 0x00, 0xff, 0x00, 0x00, 0x00, 0xff, 0x00, 0x00, 0x00, 0xff,
  0x00, 0x00, 0x00, 0xff, 0x00, 0x00, 0x00, 0xff, 0x00, 0x00, 0x00, 0xff,
  0x00, 0x00, 0x00, 0xff, 0x00, 0x00, 0x00, 0xff, 0x00, 0x00, 0x00, 0xff,
  0x00, 0x00, 0x00, 0xff, 0x00, 0x00, 0x00, 0xff, 0x00, 0x00, 0x00, 0xff,
  0x00, 0x00, 0x00, 0xff, 0x00, 0x00, 0x00, 0xff, 0x00, 0x00, 0x00, 0xff,
  0x04, 0x02, 0x02, 0xff, 0x57, 0x35, 0x25, 0xff, 0x68, 0x3d, 0x2a, 0xff,
  0x6a, 0x3e, 0x2b, 0xff, 0x85, 0x50, 0x38, 0xff, 0x86, 0x51, 0x39, 0xff,
  0x86, 0x51, 0x39, 0xff, 0x88, 0x52, 0x3a, 0xff, 0x8a, 0x54, 0x3b, 0xff,
  0x8c, 0x55, 0x3b, 0xff, 0x8d, 0x56, 0x3c, 0xff, 0x8e, 0x57, 0x3c, 0xff,
  0x8e, 0x57, 0x3c, 0xff, 0x8d, 0x57, 0x3c, 0xff, 0x8d, 0x56, 0x3c, 0xff,
  0x8a, 0x54, 0x3b, 0xff, 0x86, 0x51, 0x39, 0xff, 0x86, 0x51, 0x39, 0xff,
  0x86, 0x51, 0x39, 0xff, 0x86, 0x51, 0x39, 0xff, 0x82, 0x4e, 0x37, 0xff,
  0x66, 0x3d, 0x2a, 0xff, 0x58, 0x35, 0x24, 0xff, 0x59, 0x35, 0x24, 0xff,
  0x2b, 0x1a, 0x12, 0xff, 0x2e, 0x1f, 0x06, 0xff, 0xca, 0x8b, 0x1d, 0xff,
  0xdb, 0x97, 0x1f, 0xff, 0xe5, 0xa2, 0x1e, 0xff, 0xe7, 0xa4, 0x1e, 0xff,
  0xe7, 0xa4, 0x1e, 0xff, 0xea, 0xa6, 0x1e, 0xff, 0xdf, 0x9e, 0x1d, 0xff,
  0x91, 0x67, 0x13, 0xff, 0x23, 0x19, 0x05, 0xff, 0x00, 0x00, 0x00, 0xff,
  0x00, 0x00, 0x00, 0xff, 0x00, 0x00, 0x00, 0xff, 0x00, 0x00, 0x00, 0xff,
  0x00, 0x00, 0x00, 0xff, 0x00, 0x00, 0x00, 0xff, 0x00, 0x00, 0x00, 0xff,
  0x5f, 0x47, 0x0e, 0xff, 0xef, 0xb1, 0x23, 0xff, 0xf6, 0xb8, 0x27, 0xff,
  0xe4, 0xbc, 0x51, 0xff, 0x4c, 0x44, 0x26, 0xff, 0x18, 0x18, 0x19, 0xff,
  0xd5, 0xd5, 0xd5, 0xff, 0xff, 0xff, 0xff, 0xff, 0xff, 0xff, 0xff, 0xff,
  0xff, 0xff, 0xff, 0xff, 0xff, 0xff, 0xff, 0xff, 0xff, 0xff, 0xff, 0xff,
  0xff, 0xff, 0xff, 0xff, 0xff, 0xff, 0xff, 0xff, 0xff, 0xff, 0xff, 0xff,
  0xff, 0xff, 0xff, 0xff, 0xff, 0xff, 0xff, 0xff, 0xff, 0xff, 0xff, 0xff,
  0xff, 0xff, 0xff, 0xff, 0xff, 0xff, 0xff, 0xff, 0xff, 0xff, 0xff, 0xff,
  0xff, 0xff, 0xff, 0xff, 0xff, 0xff, 0xff, 0xff, 0xff, 0xff, 0xff, 0xff,
  0xff, 0xff, 0xff, 0xff, 0xff, 0xff, 0xff, 0xff, 0xff, 0xff, 0xff, 0xff,
  0xff, 0xff, 0xff, 0xff, 0xff, 0xff, 0xff, 0xff, 0xff, 0xff, 0xff, 0xff,
  0xff, 0xff, 0xff, 0xff, 0xff, 0xff, 0xff, 0xff, 0xff, 0xff, 0xff, 0xff,
  0xff, 0xff, 0xff, 0xff, 0xff, 0xff, 0xff, 0xff, 0xff, 0xff, 0xff, 0xff,
  0xff, 0xff, 0xff, 0xff, 0xff, 0xff, 0xff, 0xff, 0xff, 0xff, 0xff, 0xff,
  0xff, 0xff, 0xff, 0xff, 0xff, 0xff, 0xff, 0xff, 0xff, 0xff, 0xff, 0xff,
  0xff, 0xff, 0xff, 0xff, 0xff, 0xff, 0xff, 0xff, 0xff, 0xff, 0xff, 0xff,
  0xff, 0xff, 0xff, 0xff, 0xff, 0xff, 0xff, 0xff, 0xff, 0xff, 0xff, 0xff,
  0xff, 0xff, 0xff, 0xff, 0xe2, 0xe2, 0xe2, 0xff, 0x27, 0x28, 0x28, 0xff,
  0x1f, 0x13, 0x0d, 0xff, 0x6e, 0x45, 0x31, 0xff, 0x69, 0x3f, 0x2b, 0xff,
  0x75, 0x47, 0x31, 0xff, 0x7e, 0x4c, 0x35, 0xff, 0x81, 0x4e, 0x36, 0xff,
  0x7e, 0x4d, 0x35, 0xff, 0x6f, 0x43, 0x2d, 0xff, 0x5f, 0x39, 0x26, 0xff,
  0x51, 0x31, 0x22, 0xff, 0x2d, 0x1b, 0x13, 0xff, 0x04, 0x02, 0x02, 0xff,
  0x09, 0x07, 0x05, 0xff, 0x1c, 0x16, 0x0f, 0xff, 0x23, 0x1b, 0x13, 0xff,
  0x1b, 0x15, 0x0f, 0xff, 0x0b, 0x09, 0x06, 0xff, 0x01, 0x01, 0x01, 0xff,
  0x00, 0x00, 0x00, 0xff, 0x00, 0x00, 0x00, 0xff, 0x00, 0x00, 0x00, 0xff,
  0x00, 0x00, 0x00, 0xff, 0x00, 0x00, 0x00, 0xff, 0x00, 0x00, 0x00, 0xff,
  0x00, 0x00, 0x00, 0xff, 0x00, 0x00, 0x00, 0xff, 0x00, 0x00, 0x00, 0xff,
  0x00, 0x00, 0x00, 0xff, 0x00, 0x00, 0x00, 0xff, 0x00, 0x00, 0x00, 0xff,
  0x00, 0x00, 0x00, 0xff, 0x00, 0x00, 0x00, 0xff, 0x00, 0x00, 0x00, 0xff,
  0x00, 0x00, 0x00, 0xff, 0x00, 0x00, 0x00, 0xff, 0x09, 0x06, 0x04, 0xff,
  0x5b, 0x37, 0x27, 0xff, 0x66, 0x3c, 0x29, 0xff, 0x64, 0x3a, 0x27, 0xff,
  0x7f, 0x4c, 0x35, 0xff, 0x85, 0x50, 0x39, 0xff, 0x86, 0x51, 0x39, 0xff,
  0x86, 0x51, 0x39, 0xff, 0x86, 0x51, 0x39, 0xff, 0x86, 0x51, 0x39, 0xff,
  0x87, 0x52, 0x39, 0xff, 0x88, 0x53, 0x3a, 0xff, 0x88, 0x53, 0x3a, 0xff,
  0x88, 0x52, 0x3a, 0xff, 0x87, 0x52, 0x39, 0xff, 0x86, 0x51, 0x39, 0xff,
  0x86, 0x51, 0x39, 0xff, 0x86, 0x51, 0x39, 0xff, 0x83, 0x4f, 0x38, 0xff,
  0x82, 0x4f, 0x37, 0xff, 0x77, 0x48, 0x32, 0xff, 0x5e, 0x38, 0x26, 0xff,
  0x59, 0x35, 0x24, 0xff, 0x57, 0x34, 0x23, 0xff, 0x1e, 0x12, 0x0d, 0xff,
  0x4a, 0x33, 0x0a, 0xff, 0xd2, 0x91, 0x1e, 0xff, 0xd9, 0x96, 0x1f, 0xff,
  0xe4, 0xa1, 0x1e, 0xff, 0xea, 0xa6, 0x1e, 0xff, 0xe5, 0xa3, 0x1e, 0xff,
  0xb3, 0x7f, 0x17, 0xff, 0x4e, 0x38, 0x0a, 0xff, 0x07, 0x05, 0x01, 0xff,
  0x00, 0x00, 0x00, 0xff, 0x00, 0x00, 0x00, 0xff, 0x00, 0x00, 0x00, 0xff,
  0x00, 0x00, 0x00, 0xff, 0x00, 0x00, 0x00, 0xff, 0x00, 0x00, 0x00, 0xff,
  0x0c, 0x09, 0x02, 0xff, 0x2d, 0x23, 0x07, 0xff, 0x27, 0x1d, 0x06, 0xff,
  0x7a, 0x5b, 0x13, 0xff, 0xc4, 0x97, 0x2b, 0xff, 0x6a, 0x55, 0x22, 0xff,
  0x00, 0x00, 0x00, 0xff, 0x58, 0x58, 0x58, 0xff, 0xfd, 0xfd, 0xfd, 0xff,
  0xff, 0xff, 0xff, 0xff, 0xff, 0xff, 0xff, 0xff, 0xff, 0xff, 0xff, 0xff,
  0xff, 0xff, 0xff, 0xff, 0xff, 0xff, 0xff, 0xff, 0xff, 0xff, 0xff, 0xff,
  0xff, 0xff, 0xff, 0xff, 0xff, 0xff, 0xff, 0xff, 0xff, 0xff, 0xff, 0xff,
  0xff, 0xff, 0xff, 0xff, 0xff, 0xff, 0xff, 0xff, 0xff, 0xff, 0xff, 0xff,
  0xff, 0xff, 0xff, 0xff, 0xff, 0xff, 0xff, 0xff, 0xff, 0xff, 0xff, 0xff,
  0xff, 0xff, 0xff, 0xff, 0xff, 0xff, 0xff, 0xff, 0xff, 0xff, 0xff, 0xff,
  0xff, 0xff, 0xff, 0xff, 0xff, 0xff, 0xff, 0xff, 0xff, 0xff, 0xff, 0xff,
  0xff, 0xff, 0xff, 0xff, 0xff, 0xff, 0xff, 0xff, 0xff, 0xff, 0xff, 0xff,
  0xff, 0xff, 0xff, 0xff, 0xff, 0xff, 0xff, 0xff, 0xff, 0xff, 0xff, 0xff,
  0xff, 0xff, 0xff, 0xff, 0xff, 0xff, 0xff, 0xff, 0xff, 0xff, 0xff, 0xff,
  0xff, 0xff, 0xff, 0xff, 0xff, 0xff, 0xff, 0xff, 0xff, 0xff, 0xff, 0xff,
  0xff, 0xff, 0xff, 0xff, 0xff, 0xff, 0xff, 0xff, 0xff, 0xff, 0xff, 0xff,
  0xff, 0xff, 0xff, 0xff, 0xff, 0xff, 0xff, 0xff, 0xff, 0xff, 0xff, 0xff,
  0xff, 0xff, 0xff, 0xff, 0xff, 0xff, 0xff, 0xff, 0xff, 0xff, 0xff, 0xff,
  0xff, 0xff, 0xff, 0xff, 0x7f, 0x7f, 0x7f, 0xff, 0x00, 0x00, 0x00, 0xff,
  0x3f, 0x28, 0x1d, 0xff, 0x6e, 0x43, 0x2f, 0xff, 0x65, 0x3c, 0x29, 0xff,
  0x6a, 0x3f, 0x2b, 0xff, 0x6f, 0x42, 0x2d, 0xff, 0x70, 0x44, 0x2e, 0xff,
  0x70, 0x44, 0x2e, 0xff, 0x67, 0x3e, 0x2a, 0xff, 0x5a, 0x36, 0x25, 0xff,
  0x51, 0x31, 0x22, 0xff, 0x31, 0x1e, 0x15, 0xff, 0x06, 0x04, 0x03, 0xff,
  0x04, 0x03, 0x02, 0xff, 0x17, 0x12, 0x0c, 0xff, 0x25, 0x1c, 0x13, 0xff,
  0x20, 0x19, 0x12, 0xff, 0x16, 0x11, 0x0d, 0xff, 0x09, 0x07, 0x05, 0xff,
  0x01, 0x01, 0x01, 0xff, 0x00, 0x00, 0x00, 0xff, 0x00, 0x00, 0x00, 0xff,
  0x00, 0x00, 0x00, 0xff, 0x00, 0x00, 0x00, 0xff, 0x00, 0x00, 0x00, 0xff,
  0x00, 0x00, 0x00, 0xff, 0x00, 0x00, 0x00, 0xff, 0x00, 0x00, 0x00, 0xff,
  0x00, 0x00, 0x00, 0xff, 0x00, 0x00, 0x00, 0xff, 0x00, 0x00, 0x00, 0xff,
  0x00, 0x00, 0x00, 0xff, 0x00, 0x00, 0x00, 0xff, 0x00, 0x00, 0x00, 0xff,
  0x00, 0x00, 0x00, 0xff, 0x01, 0x01, 0x00, 0xff, 0x3c, 0x24, 0x1a, 0xff,
  0x6a, 0x3f, 0x2b, 0xff, 0x5f, 0x37, 0x25, 0xff, 0x6a, 0x3f, 0x2b, 0xff,
  0x82, 0x4e, 0x37, 0xff, 0x86, 0x51, 0x39, 0xff, 0x86, 0x51, 0x39, 0xff,
  0x86, 0x51, 0x39, 0xff, 0x86, 0x51, 0x39, 0xff, 0x86, 0x51, 0x39, 0xff,
  0x86, 0x51, 0x39, 0xff, 0x86, 0x51, 0x39, 0xff, 0x86, 0x51, 0x39, 0xff,
  0x86, 0x51, 0x39, 0xff, 0x86, 0x51, 0x39, 0xff, 0x85, 0x50, 0x38, 0xff,
  0x77, 0x48, 0x32, 0xff, 0x6d, 0x41, 0x2c, 0xff, 0x79, 0x49, 0x32, 0xff,
  0x6d, 0x41, 0x2d, 0xff, 0x5a, 0x35, 0x24, 0xff, 0x59, 0x35, 0x24, 0xff,
  0x5a, 0x35, 0x24, 0xff, 0x26, 0x16, 0x10, 0xff, 0x6f, 0x4d, 0x10, 0xff,
  0xdc, 0x97, 0x20, 0xff, 0xdc, 0x98, 0x1f, 0xff, 0xde, 0x9c, 0x1e, 0xff,
  0xb4, 0x80, 0x17, 0xff, 0x5f, 0x44, 0x0c, 0xff, 0x14, 0x0e, 0x03, 0xff,
  0x00, 0x00, 0x00, 0xff, 0x00, 0x00, 0x00, 0xff, 0x00, 0x00, 0x00, 0xff,
  0x00, 0x00, 0x00, 0xff, 0x00, 0x00, 0x00, 0xff, 0x00, 0x00, 0x00, 0xff,
  0x00, 0x00, 0x00, 0xff, 0x11, 0x0d, 0x02, 0xff, 0x8f, 0x6f, 0x15, 0xff,
  0xde, 0xac, 0x21, 0xff, 0x93, 0x72, 0x16, 0xff, 0x26, 0x1e, 0x06, 0xff,
  0x10, 0x0d, 0x06, 0xff, 0x03, 0x03, 0x01, 0xff, 0x00, 0x00, 0x00, 0xff,
  0x36, 0x36, 0x36, 0xff, 0xb8, 0xb8, 0xb8, 0xff, 0xf9, 0xf9, 0xf9, 0xff,
  0xff, 0xff, 0xff, 0xff, 0xff, 0xff, 0xff, 0xff, 0xff, 0xff, 0xff, 0xff,
  0xff, 0xff, 0xff, 0xff, 0xff, 0xff, 0xff, 0xff, 0xff, 0xff, 0xff, 0xff,
  0xff, 0xff, 0xff, 0xff, 0xff, 0xff, 0xff, 0xff, 0xff, 0xff, 0xff, 0xff,
  0xff, 0xff, 0xff, 0xff, 0xff, 0xff, 0xff, 0xff, 0xff, 0xff, 0xff, 0xff,
  0xff, 0xff, 0xff, 0xff, 0xff, 0xff, 0xff, 0xff, 0xff, 0xff, 0xff, 0xff,
  0xff, 0xff, 0xff, 0xff, 0xff, 0xff, 0xff, 0xff, 0xff, 0xff, 0xff, 0xff,
  0xff, 0xff, 0xff, 0xff, 0xff, 0xff, 0xff, 0xff, 0xff, 0xff, 0xff, 0xff,
  0xff, 0xff, 0xff, 0xff, 0xff, 0xff, 0xff, 0xff, 0xff, 0xff, 0xff, 0xff,
  0xff, 0xff, 0xff, 0xff, 0xff, 0xff, 0xff, 0xff, 0xff, 0xff, 0xff, 0xff,
  0xff, 0xff, 0xff, 0xff, 0xff, 0xff, 0xff, 0xff, 0xff, 0xff, 0xff, 0xff,
  0xff, 0xff, 0xff, 0xff, 0xff, 0xff, 0xff, 0xff, 0xff, 0xff, 0xff, 0xff,
  0xff, 0xff, 0xff, 0xff, 0xff, 0xff, 0xff, 0xff, 0xff, 0xff, 0xff, 0xff,
  0xff, 0xff, 0xff, 0xff, 0xff, 0xff, 0xff, 0xff, 0xff, 0xff, 0xff, 0xff,
  0xff, 0xff, 0xff, 0xff, 0xff, 0xff, 0xff, 0xff, 0xdd, 0xdd, 0xdd, 0xff,
  0x7c, 0x7c, 0x7c, 0xff, 0x03, 0x04, 0x05, 0xff, 0x0b, 0x06, 0x04, 0xff,
  0x4f, 0x31, 0x23, 0xff, 0x4f, 0x2f, 0x20, 0xff, 0x4a, 0x2c, 0x1d, 0xff,
  0x4c, 0x2d, 0x1e, 0xff, 0x53, 0x31, 0x21, 0xff, 0x5f, 0x39, 0x26, 0xff,
  0x64, 0x3c, 0x29, 0xff, 0x64, 0x3b, 0x28, 0xff, 0x5c, 0x37, 0x26, 0xff,
  0x53, 0x32, 0x23, 0xff, 0x39, 0x22, 0x18, 0xff, 0x0e, 0x09, 0x06, 0xff,
  0x00, 0x00, 0x01, 0xff, 0x2b, 0x23, 0x0e, 0xff, 0x5f, 0x4c, 0x1c, 0xff,
  0x4e, 0x3e, 0x1b, 0xff, 0x2e, 0x24, 0x14, 0xff, 0x19, 0x13, 0x0d, 0xff,
  0x08, 0x06, 0x05, 0xff, 0x00, 0x00, 0x01, 0xff, 0x00, 0x00, 0x00, 0xff,
  0x00, 0x00, 0x00, 0xff, 0x00, 0x00, 0x00, 0xff, 0x00, 0x00, 0x00, 0xff,
  0x00, 0x00, 0x00, 0xff, 0x00, 0x00, 0x00, 0xff, 0x00, 0x00, 0x00, 0xff,
  0x00, 0x00, 0x00, 0xff, 0x00, 0x00, 0x00, 0xff, 0x00, 0x00, 0x00, 0xff,
  0x00, 0x00, 0x00, 0xff, 0x00, 0x00, 0x00, 0xff, 0x00, 0x00, 0x00, 0xff,
  0x00, 0x00, 0x00, 0xff, 0x33, 0x1f, 0x16, 0xff, 0x70, 0x43, 0x2e, 0xff,
  0x5f, 0x37, 0x25, 0xff, 0x62, 0x39, 0x26, 0xff, 0x7b, 0x4a, 0x34, 0xff,
  0x86, 0x51, 0x39, 0xff, 0x86, 0x51, 0x39, 0xff, 0x85, 0x50, 0x39, 0xff,
  0x85, 0x51, 0x39, 0xff, 0x86, 0x51, 0x39, 0xff, 0x86, 0x51, 0x39, 0xff,
  0x87, 0x51, 0x39, 0xff, 0x86, 0x51, 0x39, 0xff, 0x86, 0x51, 0x39, 0xff,
  0x83, 0x4f, 0x37, 0xff, 0x73, 0x45, 0x30, 0xff, 0x67, 0x3d, 0x29, 0xff,
  0x73, 0x45, 0x2f, 0xff, 0x75, 0x46, 0x30, 0xff, 0x5f, 0x39, 0x27, 0xff,
  0x59, 0x35, 0x24, 0xff, 0x59, 0x35, 0x24, 0xff, 0x5a, 0x36, 0x24, 0xff,
  0x29, 0x18, 0x11, 0xff, 0x4e, 0x36, 0x0b, 0xff, 0xc8, 0x8a, 0x1d, 0xff,
  0x93, 0x65, 0x15, 0xff, 0x50, 0x38, 0x0b, 0xff, 0x12, 0x0d, 0x02, 0xff,
  0x00, 0x00, 0x00, 0xff, 0x00, 0x00, 0x00, 0xff, 0x00, 0x00, 0x00, 0xff,
  0x00, 0x00, 0x00, 0xff, 0x00, 0x00, 0x00, 0xff, 0x00, 0x00, 0x00, 0xff,
  0x00, 0x00, 0x00, 0xff, 0x00, 0x00, 0x00, 0xff, 0x1a, 0x14, 0x04, 0xff,
  0x9e, 0x7a, 0x17, 0xff, 0xf3, 0xbc, 0x24, 0xff, 0xf8, 0xc0, 0x25, 0xff,
  0xde, 0xac, 0x21, 0xff, 0x3f, 0x31, 0x09, 0xff, 0x00, 0x00, 0x00, 0xff,
  0x00, 0x00, 0x00, 0xff, 0x0c, 0x09, 0x07, 0xff, 0x06, 0x04, 0x02, 0xff,
  0x0d, 0x0d, 0x0e, 0xff, 0x5c, 0x5c, 0x5c, 0xff, 0xc8, 0xc8, 0xc8, 0xff,
  0xfd, 0xfd, 0xfd, 0xff, 0xff, 0xff, 0xff, 0xff, 0xff, 0xff, 0xff, 0xff,
  0xff, 0xff, 0xff, 0xff, 0xff, 0xff, 0xff, 0xff, 0xff, 0xff, 0xff, 0xff,
  0xff, 0xff, 0xff, 0xff, 0xff, 0xff, 0xff, 0xff, 0xff, 0xff, 0xff, 0xff,
  0xff, 0xff, 0xff, 0xff, 0xff, 0xff, 0xff, 0xff, 0xff, 0xff, 0xff, 0xff,
  0xff, 0xff, 0xff, 0xff, 0xff, 0xff, 0xff, 0xff, 0xff, 0xff, 0xff, 0xff,
  0xff, 0xff, 0xff, 0xff, 0xff, 0xff, 0xff, 0xff, 0xff, 0xff, 0xff, 0xff,
  0xff, 0xff, 0xff, 0xff, 0xff, 0xff, 0xff, 0xff, 0xff, 0xff, 0xff, 0xff,
  0xff, 0xff, 0xff, 0xff, 0xff, 0xff, 0xff, 0xff, 0xff, 0xff, 0xff, 0xff,
  0xff, 0xff, 0xff, 0xff, 0xff, 0xff, 0xff, 0xff, 0xff, 0xff, 0xff, 0xff,
  0xff, 0xff, 0xff, 0xff, 0xff, 0xff, 0xff, 0xff, 0xff, 0xff, 0xff, 0xff,
  0xff, 0xff, 0xff, 0xff, 0xff, 0xff, 0xff, 0xff, 0xff, 0xff, 0xff, 0xff,
  0xff, 0xff, 0xff, 0xff, 0xff, 0xff, 0xff, 0xff, 0xff, 0xff, 0xff, 0xff,
  0xff, 0xff, 0xff, 0xff, 0xff, 0xff, 0xff, 0xff, 0xf6, 0xf6, 0xf6, 0xff,
  0x8c, 0x8c, 0x8c, 0xff, 0x1f, 0x20, 0x20, 0xff, 0x07, 0x06, 0x05, 0xff,
  0x26, 0x1e, 0x18, 0xff, 0x42, 0x34, 0x2b, 0xff, 0x56, 0x43, 0x36, 0xff,
  0x5e, 0x49, 0x3b, 0xff, 0x62, 0x4b, 0x3d, 0xff, 0x4f, 0x35, 0x29, 0xff,
  0x3b, 0x23, 0x1a, 0xff, 0x2f, 0x1c, 0x13, 0xff, 0x37, 0x21, 0x16, 0xff,
  0x4f, 0x2f, 0x20, 0xff, 0x62, 0x3a, 0x27, 0xff, 0x5e, 0x38, 0x26, 0xff,
  0x54, 0x32, 0x23, 0xff, 0x45, 0x2a, 0x1d, 0xff, 0x20, 0x13, 0x0d, 0xff,
  0x07, 0x05, 0x02, 0xff, 0x2f, 0x27, 0x0b, 0xff, 0x86, 0x6d, 0x20, 0xff,
  0xb1, 0x90, 0x32, 0xff, 0x9e, 0x82, 0x38, 0xff, 0x73, 0x5e, 0x2b, 0xff,
  0x3d, 0x2f, 0x15, 0xff, 0x1d, 0x15, 0x05, 0xff, 0x0e, 0x09, 0x01, 0xff,
  0x05, 0x03, 0x00, 0xff, 0x00, 0x00, 0x00, 0xff, 0x00, 0x00, 0x00, 0xff,
  0x00, 0x00, 0x00, 0xff, 0x00, 0x00, 0x00, 0xff, 0x00, 0x00, 0x00, 0xff,
  0x00, 0x00, 0x00, 0xff, 0x00, 0x00, 0x00, 0xff, 0x00, 0x00, 0x00, 0xff,
  0x00, 0x00, 0x00, 0xff, 0x00, 0x00, 0x00, 0xff, 0x00, 0x00, 0x00, 0xff,
  0x26, 0x17, 0x11, 0xff, 0x70, 0x43, 0x2f, 0xff, 0x60, 0x38, 0x26, 0xff,
  0x5f, 0x37, 0x25, 0xff, 0x66, 0x3c, 0x29, 0xff, 0x74, 0x45, 0x30, 0xff,
  0x73, 0x44, 0x30, 0xff, 0x6f, 0x41, 0x2e, 0xff, 0x6c, 0x40, 0x2d, 0xff,
  0x6e, 0x41, 0x2d, 0xff, 0x73, 0x44, 0x30, 0xff, 0x77, 0x47, 0x32, 0xff,
  0x79, 0x48, 0x33, 0xff, 0x78, 0x48, 0x32, 0xff, 0x78, 0x48, 0x32, 0xff,
  0x76, 0x47, 0x31, 0xff, 0x76, 0x47, 0x31, 0xff, 0x72, 0x44, 0x2f, 0xff,
  0x62, 0x3a, 0x28, 0xff, 0x59, 0x35, 0x24, 0xff, 0x59, 0x35, 0x24, 0xff,
  0x59, 0x35, 0x24, 0xff, 0x56, 0x33, 0x23, 0xff, 0x1e, 0x12, 0x0c, 0xff,
  0x18, 0x10, 0x03, 0xff, 0x2d, 0x1f, 0x06, 0xff, 0x06, 0x04, 0x01, 0xff,
  0x00, 0x00, 0x00, 0xff, 0x00, 0x00, 0x00, 0xff, 0x00, 0x00, 0x00, 0xff,
  0x00, 0x00, 0x00, 0xff, 0x00, 0x00, 0x00, 0xff, 0x00, 0x00, 0x00, 0xff,
  0x00, 0x00, 0x00, 0xff, 0x00, 0x00, 0x00, 0xff, 0x0f, 0x0a, 0x02, 0xff,
  0x4e, 0x37, 0x0b, 0xff, 0xaf, 0x7e, 0x19, 0xff, 0xf0, 0xb7, 0x23, 0xff,
  0xf7, 0xbf, 0x25, 0xff, 0xd3, 0xa3, 0x1f, 0xff, 0x4d, 0x3c, 0x0b, 0xff,
  0x00, 0x00, 0x00, 0xff, 0x00, 0x00, 0x00, 0xff, 0x04, 0x03, 0x02, 0xff,
  0x27, 0x1d, 0x15, 0xff, 0x30, 0x24, 0x1a, 0xff, 0x17, 0x11, 0x0c, 0xff,
  0x00, 0x00, 0x00, 0xff, 0x16, 0x16, 0x16, 0xff, 0xa4, 0xa4, 0xa4, 0xff,
  0xff, 0xff, 0xff, 0xff, 0xff, 0xff, 0xff, 0xff, 0xff, 0xff, 0xff, 0xff,
  0xff, 0xff, 0xff, 0xff, 0xff, 0xff, 0xff, 0xff, 0xff, 0xff, 0xff, 0xff,
  0xff, 0xff, 0xff, 0xff, 0xff, 0xff, 0xff, 0xff, 0xff, 0xff, 0xff, 0xff,
  0xff, 0xff, 0xff, 0xff, 0xff, 0xff, 0xff, 0xff, 0xff, 0xff, 0xff, 0xff,
  0xff, 0xff, 0xff, 0xff, 0xff, 0xff, 0xff, 0xff, 0xff, 0xff, 0xff, 0xff,
  0xff, 0xff, 0xff, 0xff, 0xff, 0xff, 0xff, 0xff, 0xff, 0xff, 0xff, 0xff,
  0xff, 0xff, 0xff, 0xff, 0xff, 0xff, 0xff, 0xff, 0xff, 0xff, 0xff, 0xff,
  0xff, 0xff, 0xff, 0xff, 0xff, 0xff, 0xff, 0xff, 0xff, 0xff, 0xff, 0xff,
  0xff, 0xff, 0xff, 0xff, 0xff, 0xff, 0xff, 0xff, 0xff, 0xff, 0xff, 0xff,
  0xff, 0xff, 0xff, 0xff, 0xff, 0xff, 0xff, 0xff, 0xff, 0xff, 0xff, 0xff,
  0xff, 0xff, 0xff, 0xff, 0xff, 0xff, 0xff, 0xff, 0xff, 0xff, 0xff, 0xff,
  0xff, 0xff, 0xff, 0xff, 0xff, 0xff, 0xff, 0xff, 0xff, 0xff, 0xff, 0xff,
  0xfd, 0xfd, 0xfd, 0xff, 0x84, 0x84, 0x84, 0xff, 0x06, 0x06, 0x06, 0xff,
  0x3e, 0x33, 0x2b, 0xff, 0xa2, 0x83, 0x6f, 0xff, 0xd3, 0xa7, 0x88, 0xff,
  0xe4, 0xb3, 0x92, 0xff, 0xf6, 0xc3, 0x9e, 0xff, 0xf8, 0xc4, 0xa0, 0xff,
  0xfa, 0xc3, 0x9e, 0xff, 0xf4, 0xb5, 0x92, 0xff, 0xe2, 0x9f, 0x7e, 0xff,
  0xc1, 0x7e, 0x62, 0xff, 0x8f, 0x57, 0x41, 0xff, 0x56, 0x33, 0x25, 0xff,
  0x3e, 0x25, 0x1a, 0xff, 0x55, 0x33, 0x22, 0xff, 0x59, 0x36, 0x25, 0xff,
  0x52, 0x32, 0x22, 0xff, 0x4f, 0x30, 0x21, 0xff, 0x38, 0x22, 0x18, 0xff,
  0x14, 0x0b, 0x09, 0xff, 0x0a, 0x08, 0x03, 0xff, 0x3e, 0x33, 0x14, 0xff,
  0x97, 0x7d, 0x33, 0xff, 0xd5, 0xb0, 0x49, 0xff, 0xdb, 0xb2, 0x47, 0xff,
  0xcc, 0xa0, 0x38, 0xff, 0xba, 0x8c, 0x2a, 0xff, 0x9c, 0x72, 0x1e, 0xff,
  0x81, 0x5c, 0x16, 0xff, 0x72, 0x50, 0x11, 0xff, 0x5d, 0x41, 0x0e, 0xff,
  0x51, 0x39, 0x0c, 0xff, 0x4b, 0x35, 0x0c, 0xff, 0x49, 0x34, 0x0b, 0xff,
  0x47, 0x32, 0x0b, 0xff, 0x47, 0x32, 0x0b, 0xff, 0x58, 0x3c, 0x0c, 0xff,
  0x6e, 0x4a, 0x0e, 0xff, 0x51, 0x36, 0x0a, 0xff, 0x10, 0x0a, 0x06, 0xff,
  0x62, 0x3b, 0x2a, 0xff, 0x64, 0x3a, 0x27, 0xff, 0x60, 0x38, 0x25, 0xff,
  0x5a, 0x34, 0x23, 0xff, 0x48, 0x29, 0x1c, 0xff, 0x36, 0x1f, 0x15, 0xff,
  0x2e, 0x1b, 0x13, 0xff, 0x25, 0x17, 0x10, 0xff, 0x20, 0x13, 0x0d, 0xff,
  0x24, 0x15, 0x0f, 0xff, 0x32, 0x1d, 0x14, 0xff, 0x4a, 0x2b, 0x1e, 0xff,
  0x5f, 0x37, 0x26, 0xff, 0x69, 0x3e, 0x2b, 0xff, 0x6b, 0x3f, 0x2c, 0xff,
  0x66, 0x3c, 0x29, 0xff, 0x5c, 0x37, 0x25, 0xff, 0x59, 0x35, 0x24, 0xff,
  0x59, 0x35, 0x24, 0xff, 0x59, 0x35, 0x24, 0xff, 0x5a, 0x36, 0x24, 0xff,
  0x46, 0x2a, 0x1c, 0xff, 0x06, 0x04, 0x03, 0xff, 0x00, 0x00, 0x01, 0xff,
  0x00, 0x00, 0x01, 0xff, 0x04, 0x04, 0x03, 0xff, 0x09, 0x09, 0x06, 0xff,
  0x06, 0x07, 0x05, 0xff, 0x04, 0x04, 0x03, 0xff, 0x02, 0x02, 0x02, 0xff,
  0x01, 0x01, 0x02, 0xff, 0x00, 0x00, 0x01, 0xff, 0x11, 0x0c, 0x02, 0xff,
  0x53, 0x3a, 0x0c, 0xff, 0xa8, 0x76, 0x18, 0xff, 0xda, 0x9a, 0x1f, 0xff,
  0xe3, 0xa0, 0x21, 0xff, 0xe1, 0xa6, 0x21, 0xff, 0xa4, 0x7f, 0x18, 0xff,
  0x30, 0x25, 0x08, 0xff, 0x05, 0x04, 0x04, 0xff, 0x06, 0x05, 0x04, 0xff,
  0x05, 0x04, 0x03, 0xff, 0x1e, 0x17, 0x10, 0xff, 0x30, 0x25, 0x19, 0xff,
  0x26, 0x1d, 0x14, 0xff, 0x14, 0x0f, 0x09, 0xff, 0x01, 0x00, 0x00, 0xff,
  0x09, 0x09, 0x09, 0xff, 0x91, 0x91, 0x91, 0xff, 0xff, 0xff, 0xff, 0xff,
  0xff, 0xff, 0xff, 0xff, 0xff, 0xff, 0xff, 0xff, 0xff, 0xff, 0xff, 0xff,
  0xff, 0xff, 0xff, 0xff, 0xff, 0xff, 0xff, 0xff, 0xff, 0xff, 0xff, 0xff,
  0xff, 0xff, 0xff, 0xff, 0xff, 0xff, 0xff, 0xff, 0xff, 0xff, 0xff, 0xff,
  0xff, 0xff, 0xff, 0xff, 0xff, 0xff, 0xff, 0xff, 0xff, 0xff, 0xff, 0xff,
  0xff, 0xff, 0xff, 0xff, 0xff, 0xff, 0xff, 0xff, 0xff, 0xff, 0xff, 0xff,
  0xff, 0xff, 0xff, 0xff, 0xff, 0xff, 0xff, 0xff, 0xff, 0xff, 0xff, 0xff,
  0xff, 0xff, 0xff, 0xff, 0xff, 0xff, 0xff, 0xff, 0xff, 0xff, 0xff, 0xff,
  0xff, 0xff, 0xff, 0xff, 0xff, 0xff, 0xff, 0xff, 0xff, 0xff, 0xff, 0xff,
  0xff, 0xff, 0xff, 0xff, 0xff, 0xff, 0xff, 0xff, 0xff, 0xff, 0xff, 0xff,
  0xff, 0xff, 0xff, 0xff, 0xff, 0xff, 0xff, 0xff, 0xff, 0xff, 0xff, 0xff,
  0xff, 0xff, 0xff, 0xff, 0xff, 0xff, 0xff, 0xff, 0xff, 0xff, 0xff, 0xff,
  0xff, 0xff, 0xff, 0xff, 0xfe, 0xfe, 0xff, 0xff, 0xcf, 0xd0, 0xd2, 0xff,
  0x19, 0x19, 0x1a, 0xff, 0x47, 0x3a, 0x31, 0xff, 0xe1, 0xb4, 0x98, 0xff,
  0xc0, 0x90, 0x77, 0xff, 0x9e, 0x80, 0x6b, 0xff, 0xe7, 0xbd, 0x9d, 0xff,
  0xfd, 0xc9, 0xa4, 0xff, 0xfc, 0xc7, 0xa2, 0xff, 0xf7, 0xbb, 0x97, 0xff,
  0xea, 0xa9, 0x88, 0xff, 0xf5, 0xb4, 0x92, 0xff, 0xfe, 0xc0, 0x9b, 0xff,
  0xf7, 0xb0, 0x8c, 0xff, 0xe0, 0x8d, 0x6c, 0xff, 0xa8, 0x63, 0x4a, 0xff,
  0x55, 0x33, 0x25, 0xff, 0x41, 0x27, 0x1b, 0xff, 0x49, 0x2c, 0x1e, 0xff,
  0x50, 0x30, 0x22, 0xff, 0x52, 0x32, 0x23, 0xff, 0x4d, 0x2f, 0x20, 0xff,
  0x36, 0x20, 0x17, 0xff, 0x09, 0x05, 0x04, 0xff, 0x02, 0x02, 0x00, 0xff,
  0x28, 0x21, 0x0d, 0xff, 0x6c, 0x59, 0x25, 0xff, 0xae, 0x90, 0x3b, 0xff,
  0xda, 0xb3, 0x49, 0xff, 0xed, 0xc0, 0x4b, 0xff, 0xf1, 0xc0, 0x46, 0xff,
  0xee, 0xb8, 0x3d, 0xff, 0xe7, 0xad, 0x32, 0xff, 0xe2, 0xa4, 0x2a, 0xff,
  0xdf, 0x9f, 0x25, 0xff, 0xdd, 0x9d, 0x23, 0xff, 0xdc, 0x9c, 0x22, 0xff,
  0xdc, 0x9c, 0x22, 0xff, 0xd8, 0x95, 0x1f, 0xff, 0xd6, 0x90, 0x1b, 0xff,
  0xbf, 0x80, 0x19, 0xff, 0x2b, 0x1d, 0x05, 0xff, 0x33, 0x1e, 0x16, 0xff,
  0x56, 0x32, 0x22, 0xff, 0x3d, 0x23, 0x17, 0xff, 0x3f, 0x2b, 0x20, 0xff,
  0x60, 0x48, 0x3a, 0xff, 0x8b, 0x6a, 0x56, 0xff, 0x9d, 0x78, 0x61, 0xff,
  0xa6, 0x7f, 0x67, 0xff, 0xa2, 0x7c, 0x64, 0xff, 0x99, 0x74, 0x5e, 0xff,
  0x7c, 0x58, 0x47, 0xff, 0x4c, 0x32, 0x28, 0xff, 0x38, 0x22, 0x1a, 0xff,
  0x3f, 0x25, 0x1a, 0xff, 0x51, 0x2f, 0x21, 0xff, 0x5b, 0x36, 0x25, 0xff,
  0x59, 0x35, 0x24, 0xff, 0x59, 0x35, 0x24, 0xff, 0x59, 0x35, 0x24, 0xff,
  0x59, 0x35, 0x24, 0xff, 0x5a, 0x36, 0x25, 0xff, 0x35, 0x20, 0x15, 0xff,
  0x04, 0x03, 0x02, 0xff, 0x1b, 0x17, 0x13, 0xff, 0x1f, 0x1b, 0x17, 0xff,
  0x1b, 0x17, 0x13, 0xff, 0x19, 0x16, 0x12, 0xff, 0x18, 0x15, 0x11, 0xff,
  0x17, 0x14, 0x11, 0xff, 0x19, 0x15, 0x10, 0xff, 0x28, 0x21, 0x14, 0xff,
  0x57, 0x44, 0x1a, 0xff, 0xad, 0x7f, 0x20, 0xff, 0xdc, 0x9f, 0x26, 0xff,
  0xe3, 0xa4, 0x26, 0xff, 0xd0, 0x95, 0x22, 0xff, 0x9d, 0x70, 0x19, 0xff,
  0x50, 0x3b, 0x0e, 0xff, 0x0f, 0x0c, 0x05, 0xff, 0x04, 0x03, 0x04, 0xff,
  0x0c, 0x0a, 0x08, 0xff, 0x08, 0x07, 0x05, 0xff, 0x06, 0x05, 0x03, 0xff,
  0x10, 0x0c, 0x07, 0xff, 0x07, 0x05, 0x03, 0xff, 0x07, 0x07, 0x06, 0xff,
  0x27, 0x27, 0x27, 0xff, 0x6b, 0x6b, 0x6b, 0xff, 0xbb, 0xbb, 0xbb, 0xff,
  0xf6, 0xf6, 0xf6, 0xff, 0xff, 0xff, 0xff, 0xff, 0xff, 0xff, 0xff, 0xff,
  0xff, 0xff, 0xff, 0xff, 0xff, 0xff, 0xff, 0xff, 0xff, 0xff, 0xff, 0xff,
  0xff, 0xff, 0xff, 0xff, 0xff, 0xff, 0xff, 0xff, 0xff, 0xff, 0xff, 0xff,
  0xff, 0xff, 0xff, 0xff, 0xff, 0xff, 0xff, 0xff, 0xff, 0xff, 0xff, 0xff,
  0xff, 0xff, 0xff, 0xff, 0xff, 0xff, 0xff, 0xff, 0xff, 0xff, 0xff, 0xff,
  0xff, 0xff, 0xff, 0xff, 0xff, 0xff, 0xff, 0xff, 0xff, 0xff, 0xff, 0xff,
  0xff, 0xff, 0xff, 0xff, 0xff, 0xff, 0xff, 0xff, 0xff, 0xff, 0xff, 0xff,
  0xff, 0xff, 0xff, 0xff, 0xff, 0xff, 0xff, 0xff, 0xff, 0xff, 0xff, 0xff,
  0xff, 0xff, 0xff, 0xff, 0xff, 0xff, 0xff, 0xff, 0xff, 0xff, 0xff, 0xff,
  0xff, 0xff, 0xff, 0xff, 0xff, 0xff, 0xff, 0xff, 0xff, 0xff, 0xff, 0xff,
  0xff, 0xff, 0xff, 0xff, 0xff, 0xff, 0xff, 0xff, 0xff, 0xff, 0xff, 0xff,
  0xfe, 0xfe, 0xfe, 0xff, 0xf1, 0xf4, 0xf6, 0xff, 0xdc, 0xe1, 0xe8, 0xff,
  0xc8, 0xd1, 0xdd, 0xff, 0x95, 0x9e, 0xa9, 0xff, 0x11, 0x10, 0x10, 0xff,
  0xab, 0x78, 0x61, 0xff, 0xc2, 0x85, 0x6a, 0xff, 0x6e, 0x52, 0x43, 0xff,
  0xe3, 0xbc, 0x9e, 0xff, 0xfe, 0xcd, 0xaa, 0xff, 0xfc, 0xc4, 0xa0, 0xff,
  0xef, 0xae, 0x8b, 0xff, 0xa1, 0x6f, 0x58, 0xff, 0xbf, 0x97, 0x7d, 0xff,
  0xfa, 0xc7, 0xa5, 0xff, 0xfd, 0xc2, 0x9e, 0xff, 0xfe, 0xc2, 0x9e, 0xff,
  0xf9, 0xb8, 0x94, 0xff, 0xe7, 0x90, 0x6d, 0xff, 0xce, 0x7a, 0x5b, 0xff,
  0x87, 0x50, 0x3b, 0xff, 0x63, 0x3a, 0x2b, 0xff, 0x3a, 0x23, 0x18, 0xff,
  0x4d, 0x2e, 0x20, 0xff, 0x4d, 0x2f, 0x20, 0xff, 0x35, 0x20, 0x16, 0xff,
  0x08, 0x05, 0x03, 0xff, 0x0c, 0x0d, 0x0e, 0xff, 0x0a, 0x0b, 0x0d, 0xff,
  0x00, 0x00, 0x00, 0xff, 0x06, 0x04, 0x00, 0xff, 0x26, 0x1f, 0x0c, 0xff,
  0x53, 0x44, 0x1c, 0xff, 0x7e, 0x69, 0x2c, 0xff, 0xa4, 0x88, 0x38, 0xff,
  0xbd, 0x9c, 0x3f, 0xff, 0xd2, 0xab, 0x42, 0xff, 0xd4, 0xa5, 0x39, 0xff,
  0xda, 0xa7, 0x35, 0xff, 0xe2, 0xab, 0x34, 0xff, 0xe2, 0xa5, 0x2b, 0xff,
  0xdf, 0x9d, 0x22, 0xff, 0xd6, 0x91, 0x1d, 0xff, 0xd6, 0x90, 0x1b, 0xff,
  0x6e, 0x4a, 0x0e, 0xff, 0x01, 0x00, 0x00, 0xff, 0x1d, 0x15, 0x10, 0xff,
  0x7c, 0x62, 0x50, 0xff, 0xda, 0xa8, 0x88, 0xff, 0xf8, 0xbb, 0x97, 0xff,
  0xff, 0xc3, 0x9e, 0xff, 0xff, 0xc4, 0x9f, 0xff, 0xff, 0xc4, 0x9e, 0xff,
  0xff, 0xc4, 0x9f, 0xff, 0xff, 0xc5, 0x9f, 0xff, 0xfe, 0xbf, 0x9a, 0xff,
  0xf0, 0xaf, 0x8d, 0xff, 0xd2, 0x93, 0x76, 0xff, 0xa6, 0x6d, 0x57, 0xff,
  0x6b, 0x41, 0x31, 0xff, 0x44, 0x29, 0x1d, 0xff, 0x4b, 0x2d, 0x1e, 0xff,
  0x59, 0x35, 0x24, 0xff, 0x59, 0x35, 0x24, 0xff, 0x5a, 0x35, 0x24, 0xff,
  0x54, 0x32, 0x22, 0xff, 0x16, 0x0d, 0x09, 0xff, 0x03, 0x02, 0x01, 0xff,
  0x16, 0x12, 0x0f, 0xff, 0x1c, 0x17, 0x14, 0xff, 0x1e, 0x19, 0x16, 0xff,
  0x21, 0x1c, 0x18, 0xff, 0x27, 0x21, 0x1b, 0xff, 0x59, 0x4c, 0x25, 0xff,
  0x8e, 0x79, 0x2e, 0xff, 0xae, 0x91, 0x34, 0xff, 0xc6, 0xa1, 0x39, 0xff,
  0xcc, 0xa3, 0x39, 0xff, 0xc4, 0x9b, 0x37, 0xff, 0x8e, 0x70, 0x2a, 0xff,
  0x42, 0x34, 0x18, 0xff, 0x1c, 0x17, 0x0f, 0xff, 0x0d, 0x0c, 0x0a, 0xff,
  0x07, 0x06, 0x04, 0xff, 0x02, 0x01, 0x00, 0xff, 0x00, 0x00, 0x00, 0xff,
  0x04, 0x04, 0x04, 0xff, 0x14, 0x15, 0x17, 0xff, 0x35, 0x38, 0x3d, 0xff,
  0x60, 0x67, 0x6f, 0xff, 0x90, 0x95, 0x9b, 0xff, 0xda, 0xdb, 0xdd, 0xff,
  0xff, 0xff, 0xff, 0xff, 0xff, 0xff, 0xff, 0xff, 0xff, 0xff, 0xff, 0xff,
  0xff, 0xff, 0xff, 0xff, 0xff, 0xff, 0xff, 0xff, 0xff, 0xff, 0xff, 0xff,
  0xff, 0xff, 0xff, 0xff, 0xff, 0xff, 0xff, 0xff, 0xff, 0xff, 0xff, 0xff,
  0xff, 0xff, 0xff, 0xff, 0xff, 0xff, 0xff, 0xff, 0xff, 0xff, 0xff, 0xff,
  0xff, 0xff, 0xff, 0xff, 0xff, 0xff, 0xff, 0xff, 0xff, 0xff, 0xff, 0xff,
  0xff, 0xff, 0xff, 0xff, 0xff, 0xff, 0xff, 0xff, 0xff, 0xff, 0xff, 0xff,
  0xff, 0xff, 0xff, 0xff, 0xff, 0xff, 0xff, 0xff, 0xff, 0xff, 0xff, 0xff,
  0xff, 0xff, 0xff, 0xff, 0xff, 0xff, 0xff, 0xff, 0xff, 0xff, 0xff, 0xff,
  0xff, 0xff, 0xff, 0xff, 0xff, 0xff, 0xff, 0xff, 0xff, 0xff, 0xff, 0xff,
  0xff, 0xff, 0xff, 0xff, 0xff, 0xff, 0xff, 0xff, 0xff, 0xff, 0xff, 0xff,
  0xff, 0xff, 0xff, 0xff, 0xff, 0xff, 0xff, 0xff, 0xff, 0xff, 0xff, 0xff,
  0xff, 0xff, 0xff, 0xff, 0xee, 0xf0, 0xf4, 0xff, 0xcf, 0xd6, 0xe0, 0xff,
  0xb9, 0xc4, 0xd2, 0xff, 0xb2, 0xbe, 0xcd, 0xff, 0xb3, 0xbf, 0xcf, 0xff,
  0x93, 0x9d, 0xaa, 0xff, 0x13, 0x12, 0x12, 0xff, 0x85, 0x55, 0x42, 0xff,
  0x62, 0x3f, 0x31, 0xff, 0xaf, 0x84, 0x6b, 0xff, 0xff, 0xc2, 0x9e, 0xff,
  0xfd, 0xbe, 0x9a, 0xff, 0xfa, 0xb6, 0x92, 0xff, 0xbe, 0x78, 0x5c, 0xff,
  0x7c, 0x5c, 0x4b, 0xff, 0xf5, 0xc7, 0xa6, 0xff, 0xfd, 0xc7, 0xa4, 0xff,
  0xfd, 0xc2, 0x9e, 0xff, 0xfa, 0xbc, 0x98, 0xff, 0xf3, 0xaa, 0x87, 0xff,
  0xe7, 0x8e, 0x6b, 0xff, 0xe3, 0x87, 0x64, 0xff, 0xe2, 0x86, 0x64, 0xff,
  0xca, 0x77, 0x58, 0xff, 0x46, 0x29, 0x1e, 0xff, 0x15, 0x0c, 0x08, 0xff,
  0x11, 0x09, 0x05, 0xff, 0x06, 0x05, 0x04, 0xff, 0x3d, 0x41, 0x46, 0xff,
  0x8d, 0x97, 0xa3, 0xff, 0x8d, 0x97, 0xa3, 0xff, 0x66, 0x6d, 0x76, 0xff,
  0x39, 0x3e, 0x43, 0xff, 0x17, 0x19, 0x1c, 0xff, 0x03, 0x04, 0x07, 0xff,
  0x00, 0x00, 0x00, 0xff, 0x01, 0x00, 0x00, 0xff, 0x0e, 0x0b, 0x03, 0xff,
  0x1e, 0x18, 0x09, 0xff, 0x2a, 0x22, 0x0c, 0xff, 0x3e, 0x32, 0x12, 0xff,
  0x53, 0x42, 0x19, 0xff, 0x58, 0x44, 0x17, 0xff, 0x5a, 0x41, 0x0f, 0xff,
  0x63, 0x44, 0x0e, 0xff, 0x61, 0x41, 0x0c, 0xff, 0x25, 0x19, 0x04, 0xff,
  0x34, 0x2a, 0x23, 0xff, 0xb1, 0x90, 0x77, 0xff, 0xf8, 0xc3, 0xa0, 0xff,
  0xe3, 0xa1, 0x82, 0xff, 0xe9, 0xa9, 0x88, 0xff, 0xfd, 0xc0, 0x9b, 0xff,
  0xfd, 0xc1, 0x9c, 0xff, 0xfd, 0xc1, 0x9c, 0xff, 0xfd, 0xc1, 0x9c, 0xff,
  0xf4, 0xb1, 0x8d, 0xff, 0xf6, 0xb7, 0x92, 0xff, 0xfe, 0xc2, 0x9d, 0xff,
  0xff, 0xc2, 0x9d, 0xff, 0xfc, 0xbb, 0x96, 0xff, 0xe9, 0x9b, 0x79, 0xff,
  0xba, 0x71, 0x56, 0xff, 0x5d, 0x37, 0x29, 0xff, 0x45, 0x29, 0x1c, 0xff,
  0x58, 0x35, 0x24, 0xff, 0x59, 0x35, 0x24, 0xff, 0x2f, 0x1c, 0x13, 0xff,
  0x06, 0x06, 0x06, 0xff, 0x1e, 0x21, 0x23, 0xff, 0x19, 0x1b, 0x1d, 0xff,
  0x09, 0x09, 0x0a, 0xff, 0x03, 0x03, 0x03, 0xff, 0x03, 0x03, 0x02, 0xff,
  0x05, 0x04, 0x02, 0xff, 0x21, 0x1c, 0x08, 0xff, 0x2f, 0x27, 0x0b, 0xff,
  0x27, 0x21, 0x08, 0xff, 0x21, 0x1b, 0x07, 0xff, 0x1c, 0x17, 0x06, 0xff,
  0x18, 0x13, 0x06, 0xff, 0x07, 0x05, 0x02, 0xff, 0x00, 0x01, 0x02, 0xff,
  0x05, 0x05, 0x06, 0xff, 0x0f, 0x10, 0x11, 0xff, 0x1d, 0x1f, 0x21, 0xff,
  0x36, 0x3a, 0x3e, 0xff, 0x54, 0x5a, 0x61, 0xff, 0x79, 0x81, 0x8b, 0xff,
  0x99, 0xa3, 0xb0, 0xff, 0xae, 0xb9, 0xc8, 0xff, 0xb5, 0xc1, 0xd1, 0xff,
  0xb8, 0xc4, 0xd3, 0xff, 0xc3, 0xcd, 0xd9, 0xff, 0xd9, 0xdf, 0xe7, 0xff,
  0xf6, 0xf7, 0xf9, 0xff, 0xff, 0xff, 0xff, 0xff, 0xff, 0xff, 0xff, 0xff,
  0xff, 0xff, 0xff, 0xff, 0xff, 0xff, 0xff, 0xff, 0xff, 0xff, 0xff, 0xff,
  0xff, 0xff, 0xff, 0xff, 0xff, 0xff, 0xff, 0xff, 0xff, 0xff, 0xff, 0xff,
  0xff, 0xff, 0xff, 0xff, 0xff, 0xff, 0xff, 0xff, 0xff, 0xff, 0xff, 0xff,
  0xff, 0xff, 0xff, 0xff, 0xff, 0xff, 0xff, 0xff, 0xff, 0xff, 0xff, 0xff,
  0xff, 0xff, 0xff, 0xff, 0xff, 0xff, 0xff, 0xff, 0xff, 0xff, 0xff, 0xff,
  0xff, 0xff, 0xff, 0xff, 0xff, 0xff, 0xff, 0xff, 0xff, 0xff, 0xff, 0xff,
  0xff, 0xff, 0xff, 0xff, 0xff, 0xff, 0xff, 0xff, 0xff, 0xff, 0xff, 0xff,
  0xff, 0xff, 0xff, 0xff, 0xff, 0xff, 0xff, 0xff, 0xff, 0xff, 0xff, 0xff,
  0xff, 0xff, 0xff, 0xff, 0xff, 0xff, 0xff, 0xff, 0xff, 0xff, 0xff, 0xff,
  0xff, 0xff, 0xff, 0xff, 0xff, 0xff, 0xff, 0xff, 0xeb, 0xee, 0xf2, 0xff,
  0xba, 0xc5, 0xd2, 0xff, 0xb1, 0xbd, 0xcc, 0xff, 0xb2, 0xbe, 0xcd, 0xff,
  0xb2, 0xbe, 0xcd, 0xff, 0xb2, 0xbf, 0xce, 0xff, 0xab, 0xb7, 0xc6, 0xff,
  0x48, 0x4d, 0x53, 0xff, 0x0c, 0x08, 0x07, 0xff, 0x18, 0x11, 0x0d, 0xff,
  0xc2, 0x87, 0x6b, 0xff, 0xfa, 0xb3, 0x8f, 0xff, 0xf7, 0xb1, 0x8e, 0xff,
  0xee, 0x9b, 0x79, 0xff, 0x88, 0x52, 0x3e, 0xff, 0x91, 0x68, 0x53, 0xff,
  0xfd, 0xba, 0x96, 0xff, 0xf9, 0xb9, 0x95, 0xff, 0xf6, 0xaf, 0x8c, 0xff,
  0xea, 0x95, 0x72, 0xff, 0xd1, 0x7d, 0x5d, 0xff, 0xa1, 0x5f, 0x46, 0xff,
  0x76, 0x45, 0x33, 0xff, 0x51, 0x2f, 0x22, 0xff, 0x38, 0x20, 0x17, 0xff,
  0x0d, 0x0a, 0x09, 0xff, 0x17, 0x19, 0x1b, 0xff, 0x3c, 0x41, 0x46, 0xff,
  0x71, 0x79, 0x82, 0xff, 0xa8, 0xb4, 0xc2, 0xff, 0xb4, 0xc1, 0xd0, 0xff,
  0xb4, 0xc0, 0xcf, 0xff, 0xb4, 0xc1, 0xd0, 0xff, 0xae, 0xba, 0xc9, 0xff,
  0x9e, 0xa9, 0xb6, 0xff, 0x83, 0x8c, 0x97, 0xff, 0x65, 0x6c, 0x74, 0xff,
  0x48, 0x4d, 0x53, 0xff, 0x2f, 0x33, 0x37, 0xff, 0x1c, 0x1f, 0x22, 0xff,
  0x13, 0x15, 0x19, 0xff, 0x09, 0x0b, 0x0e, 0xff, 0x04, 0x05, 0x07, 0xff,
  0x01, 0x03, 0x05, 0xff, 0x01, 0x02, 0x05, 0xff, 0x01, 0x03, 0x04, 0xff,
  0x00, 0x00, 0x00, 0xff, 0x28, 0x1e, 0x18, 0xff, 0xd3, 0xa0, 0x80, 0xff,
  0xff, 0xc6, 0xa0, 0xff, 0xd6, 0x98, 0x7a, 0xff, 0x93, 0x6d, 0x59, 0xff,
  0xed, 0xbc, 0x9a, 0xff, 0xfe, 0xc2, 0x9c, 0xff, 0xfd, 0xc1, 0x9c, 0xff,
  0xfd, 0xc0, 0x9b, 0xff, 0xeb, 0xa4, 0x81, 0xff, 0xb0, 0x75, 0x5a, 0xff,
  0xed, 0xb2, 0x90, 0xff, 0xfe, 0xc2, 0x9d, 0xff, 0xfd, 0xc1, 0x9c, 0xff,
  0xfd, 0xc1, 0x9c, 0xff, 0xf1, 0xa7, 0x84, 0xff, 0xe0, 0x85, 0x65, 0xff,
  0xd3, 0x7b, 0x5c, 0xff, 0x77, 0x46, 0x34, 0xff, 0x44, 0x29, 0x1c, 0xff,
  0x32, 0x1e, 0x14, 0xff, 0x07, 0x05, 0x04, 0xff, 0x53, 0x59, 0x60, 0xff,
  0xa3, 0xae, 0xbb, 0xff, 0x9f, 0xa9, 0xb7, 0xff, 0x86, 0x8f, 0x9a, 0xff,
  0x78, 0x81, 0x8b, 0xff, 0x68, 0x6f, 0x77, 0xff, 0x55, 0x5b, 0x62, 0xff,
  0x4b, 0x50, 0x58, 0xff, 0x46, 0x4b, 0x53, 0xff, 0x45, 0x4a, 0x52, 0xff,
  0x46, 0x4b, 0x52, 0xff, 0x48, 0x4e, 0x55, 0xff, 0x4f, 0x55, 0x5c, 0xff,
  0x5e, 0x65, 0x6d, 0xff, 0x73, 0x7b, 0x85, 0xff, 0x7f, 0x87, 0x92, 0xff,
  0x92, 0x9c, 0xa9, 0xff, 0xa3, 0xae, 0xbb, 0xff, 0xae, 0xba, 0xc9, 0xff,
  0xb5, 0xc1, 0xd0, 0xff, 0xb6, 0xc2, 0xd1, 0xff, 0xb5, 0xc1, 0xd0, 0xff,
  0xb3, 0xbf, 0xce, 0xff, 0xb3, 0xbf, 0xce, 0xff, 0xb3, 0xbf, 0xce, 0xff,
  0xb2, 0xbe, 0xcd, 0xff, 0xb2, 0xbe, 0xcd, 0xff, 0xc9, 0xd1, 0xdc, 0xff,
  0xfa, 0xfb, 0xfc, 0xff, 0xff, 0xff, 0xff, 0xff, 0xff, 0xff, 0xff, 0xff,
  0xff, 0xff, 0xff, 0xff, 0xff, 0xff, 0xff, 0xff, 0xff, 0xff, 0xff, 0xff,
  0xff, 0xff, 0xff, 0xff, 0xff, 0xff, 0xff, 0xff, 0xff, 0xff, 0xff, 0xff,
  0xff, 0xff, 0xff, 0xff, 0xff, 0xff, 0xff, 0xff, 0xff, 0xff, 0xff, 0xff,
  0xff, 0xff, 0xff, 0xff, 0xff, 0xff, 0xff, 0xff, 0xff, 0xff, 0xff, 0xff,
  0xff, 0xff, 0xff, 0xff, 0xff, 0xff, 0xff, 0xff, 0xff, 0xff, 0xff, 0xff,
  0xff, 0xff, 0xff, 0xff, 0xff, 0xff, 0xff, 0xff, 0xff, 0xff, 0xff, 0xff,
  0xff, 0xff, 0xff, 0xff, 0xff, 0xff, 0xff, 0xff, 0xff, 0xff, 0xff, 0xff,
  0xff, 0xff, 0xff, 0xff, 0xff, 0xff, 0xff, 0xff, 0xff, 0xff, 0xff, 0xff,
  0xff, 0xff, 0xff, 0xff, 0xff, 0xff, 0xff, 0xff, 0xff, 0xff, 0xff, 0xff,
  0xff, 0xff, 0xff, 0xff, 0xe4, 0xe8, 0xed, 0xff, 0xb3, 0xbf, 0xce, 0xff,
  0xb1, 0xbd, 0xcd, 0xff, 0xb2, 0xbe, 0xcd, 0xff, 0xb2, 0xbe, 0xcd, 0xff,
  0xb2, 0xbe, 0xcd, 0xff, 0xb3, 0xbf, 0xce, 0xff, 0xa8, 0xb3, 0xc1, 0xff,
  0x59, 0x5f, 0x67, 0xff, 0x06, 0x07, 0x08, 0xff, 0x57, 0x34, 0x27, 0xff,
  0xcb, 0x7c, 0x5e, 0xff, 0xd2, 0x80, 0x62, 0xff, 0xb0, 0x6a, 0x4f, 0xff,
  0x33, 0x1e, 0x16, 0xff, 0x52, 0x31, 0x25, 0xff, 0xd2, 0x80, 0x61, 0xff,
  0xdd, 0x88, 0x66, 0xff, 0xc7, 0x77, 0x59, 0xff, 0x8e, 0x53, 0x3d, 0xff,
  0x36, 0x1f, 0x16, 0xff, 0x11, 0x0e, 0x0e, 0xff, 0x21, 0x24, 0x27, 0xff,
  0x3d, 0x43, 0x49, 0xff, 0x55, 0x5c, 0x64, 0xff, 0x7c, 0x84, 0x8f, 0xff,
  0x9c, 0xa6, 0xb3, 0xff, 0xaf, 0xbb, 0xca, 0xff, 0xb4, 0xc1, 0xd0, 0xff,
  0xb3, 0xbf, 0xce, 0xff, 0xb2, 0xbe, 0xcd, 0xff, 0xb2, 0xbe, 0xcd, 0xff,
  0xb2, 0xbe, 0xcd, 0xff, 0xb2, 0xbe, 0xcd, 0xff, 0xb3, 0xbf, 0xce, 0xff,
  0xb5, 0xc1, 0xd0, 0xff, 0xb4, 0xc1, 0xd0, 0xff, 0xb3, 0xbf, 0xce, 0xff,
  0xab, 0xb7, 0xc5, 0xff, 0xa4, 0xaf, 0xbd, 0xff, 0x9c, 0xa6, 0xb4, 0xff,
  0x8d, 0x97, 0xa3, 0xff, 0x85, 0x8e, 0x99, 0xff, 0x81, 0x8a, 0x95, 0xff,
  0x81, 0x8a, 0x95, 0xff, 0x77, 0x7f, 0x89, 0xff, 0x18, 0x1a, 0x1c, 0xff,
  0x76, 0x4d, 0x3b, 0xff, 0xf4, 0xab, 0x86, 0xff, 0xec, 0xa2, 0x7e, 0xff,
  0x72, 0x4a, 0x3a, 0xff, 0xb0, 0x8e, 0x75, 0xff, 0xff, 0xc7, 0xa2, 0xff,
  0xfd, 0xc1, 0x9c, 0xff, 0xfe, 0xc2, 0x9d, 0xff, 0xf8, 0xb3, 0x8e, 0xff,
  0xab, 0x68, 0x4e, 0xff, 0x8b, 0x68, 0x53, 0xff, 0xff, 0xc3, 0x9e, 0xff,
  0xfd, 0xc1, 0x9c, 0xff, 0xfd, 0xc2, 0x9d, 0xff, 0xf6, 0xb0, 0x8c, 0xff,
  0xd5, 0x80, 0x61, 0xff, 0xd2, 0x7a, 0x5b, 0xff, 0xd2, 0x7a, 0x5b, 0xff,
  0x73, 0x43, 0x32, 0xff, 0x0c, 0x06, 0x03, 0xff, 0x06, 0x05, 0x04, 0xff,
  0x46, 0x4b, 0x52, 0xff, 0xa8, 0xb3, 0xc2, 0xff, 0xb5, 0xc1, 0xd0, 0xff,
  0xb4, 0xc0, 0xcf, 0xff, 0xb6, 0xc2, 0xd1, 0xff, 0xb6, 0xc2, 0xd2, 0xff,
  0xb5, 0xc2, 0xd1, 0xff, 0xb5, 0xc1, 0xd0, 0xff, 0xb4, 0xc0, 0xcf, 0xff,
  0xb4, 0xc0, 0xcf, 0xff, 0xb4, 0xc0, 0xcf, 0xff, 0xb4, 0xc0, 0xcf, 0xff,
  0xb4, 0xc0, 0xcf, 0xff, 0xb4, 0xc1, 0xd0, 0xff, 0xb5, 0xc1, 0xd0, 0xff,
  0xb6, 0xc2, 0xd1, 0xff, 0xb6, 0xc2, 0xd1, 0xff, 0xb5, 0xc1, 0xd0, 0xff,
  0xb4, 0xc0, 0xcf, 0xff, 0xb3, 0xbf, 0xce, 0xff, 0xb3, 0xbf, 0xce, 0xff,
  0xb3, 0xbf, 0xce, 0xff, 0xb3, 0xbf, 0xce, 0xff, 0xb3, 0xbf, 0xce, 0xff,
  0xb3, 0xbf, 0xce, 0xff, 0xb3, 0xbf, 0xce, 0xff, 0xb3, 0xbf, 0xce, 0xff,
  0xb1, 0xbe, 0xcd, 0xff, 0xbf, 0xc9, 0xd6, 0xff, 0xf7, 0xf9, 0xfa, 0xff,
  0xff, 0xff, 0xff, 0xff, 0xff, 0xff, 0xff, 0xff, 0xff, 0xff, 0xff, 0xff,
  0xff, 0xff, 0xff, 0xff, 0xff, 0xff, 0xff, 0xff, 0xff, 0xff, 0xff, 0xff,
  0xff, 0xff, 0xff, 0xff, 0xff, 0xff, 0xff, 0xff, 0xff, 0xff, 0xff, 0xff,
  0xff, 0xff, 0xff, 0xff, 0xff, 0xff, 0xff, 0xff, 0xff, 0xff, 0xff, 0xff,
  0xff, 0xff, 0xff, 0xff, 0xff, 0xff, 0xff, 0xff, 0xff, 0xff, 0xff, 0xff,
  0xff, 0xff, 0xff, 0xff, 0xff, 0xff, 0xff, 0xff, 0xff, 0xff, 0xff, 0xff,
  0xff, 0xff, 0xff, 0xff, 0xff, 0xff, 0xff, 0xff, 0xff, 0xff, 0xff, 0xff,
  0xff, 0xff, 0xff, 0xff, 0xff, 0xff, 0xff, 0xff, 0xff, 0xff, 0xff, 0xff,
  0xff, 0xff, 0xff, 0xff, 0xff, 0xff, 0xff, 0xff, 0xff, 0xff, 0xff, 0xff,
  0xff, 0xff, 0xff, 0xff, 0xff, 0xff, 0xff, 0xff, 0xff, 0xff, 0xff, 0xff,
  0xfb, 0xfc, 0xfc, 0xff, 0xd9, 0xdf, 0xe6, 0xff, 0xba, 0xc5, 0xd2, 0xff,
  0xb1, 0xbe, 0xcd, 0xff, 0xb1, 0xbd, 0xcc, 0xff, 0xb2, 0xbe, 0xcd, 0xff,
  0xb2, 0xbe, 0xcd, 0xff, 0xb3, 0xbf, 0xce, 0xff, 0xb0, 0xbc, 0xcb, 0xff,
  0x63, 0x69, 0x72, 0xff, 0x0f, 0x0e, 0x0f, 0xff, 0x22, 0x14, 0x0e, 0xff,
  0x2c, 0x1a, 0x13, 0xff, 0x1b, 0x15, 0x13, 0xff, 0x1b, 0x1e, 0x20, 0xff,
  0x14, 0x13, 0x14, 0xff, 0x2c, 0x1a, 0x13, 0xff, 0x38, 0x20, 0x17, 0xff,
  0x23, 0x15, 0x11, 0xff, 0x1d, 0x1c, 0x1e, 0xff, 0x4a, 0x50, 0x57, 0xff,
  0x84, 0x8d, 0x98, 0xff, 0xa5, 0xb0, 0xbe, 0xff, 0xb0, 0xbc, 0xcb, 0xff,
  0xb4, 0xc0, 0xd0, 0xff, 0xb5, 0xc1, 0xd0, 0xff, 0xb3, 0xbf, 0xcf, 0xff,
  0xb2, 0xbe, 0xcd, 0xff, 0xb2, 0xbe, 0xcd, 0xff, 0xb2, 0xbe, 0xcd, 0xff,
  0xb2, 0xbe, 0xcd, 0xff, 0xb2, 0xbe, 0xcd, 0xff, 0xb2, 0xbe, 0xcd, 0xff,
  0xb2, 0xbe, 0xcd, 0xff, 0xb2, 0xbe, 0xcd, 0xff, 0xb2, 0xbe, 0xcd, 0xff,
  0xb2, 0xbe, 0xcd, 0xff, 0xb2, 0xbe, 0xcd, 0xff, 0xb2, 0xbf, 0xce, 0xff,
  0xb3, 0xbf, 0xce, 0xff, 0xb3, 0xbf, 0xcf, 0xff, 0xb4, 0xc0, 0xd0, 0xff,
  0xb5, 0xc1, 0xd0, 0xff, 0xb5, 0xc1, 0xd0, 0xff, 0xb5, 0xc1, 0xd1, 0xff,
  0xb0, 0xbc, 0xca, 0xff, 0x35, 0x39, 0x3e, 0xff, 0x50, 0x30, 0x23, 0xff,
  0xcf, 0x81, 0x63, 0xff, 0xc6, 0x7b, 0x5e, 0xff, 0x45, 0x2c, 0x22, 0xff,
  0xd2, 0x9c, 0x7d, 0xff, 0xff, 0xc2, 0x9d, 0xff, 0xfd, 0xc1, 0x9c, 0xff,
  0xf9, 0xb9, 0x94, 0xff, 0xf0, 0x9c, 0x77, 0xff, 0x83, 0x4f, 0x3a, 0xff,
  0x88, 0x61, 0x4d, 0xff, 0xfe, 0xbe, 0x98, 0xff, 0xfd, 0xc0, 0x9b, 0xff,
  0xfa, 0xb9, 0x95, 0xff, 0xe5, 0x92, 0x71, 0xff, 0x68, 0x3c, 0x2d, 0xff,
  0x4b, 0x2a, 0x1f, 0xff, 0x38, 0x20, 0x17, 0xff, 0x13, 0x0e, 0x0d, 0xff,
  0x24, 0x28, 0x2b, 0xff, 0x69, 0x70, 0x7a, 0xff, 0xa7, 0xb2, 0xc2, 0xff,
  0xb3, 0xbf, 0xcf, 0xff, 0xb3, 0xbf, 0xce, 0xff, 0xb3, 0xbf, 0xce, 0xff,
  0xb3, 0xbf, 0xce, 0xff, 0xb3, 0xbf, 0xce, 0xff, 0xb3, 0xbf, 0xce, 0xff,
  0xb3, 0xbf, 0xce, 0xff, 0xb3, 0xbf, 0xce, 0xff, 0xb3, 0xbf, 0xce, 0xff,
  0xb3, 0xbf, 0xce, 0xff, 0xb3, 0xbf, 0xce, 0xff, 0xb3, 0xbf, 0xce, 0xff,
  0xb3, 0xbf, 0xce, 0xff, 0xb3, 0xbf, 0xce, 0xff, 0xb3, 0xbf, 0xce, 0xff,
  0xb3, 0xbf, 0xce, 0xff, 0xb3, 0xbf, 0xce, 0xff, 0xb3, 0xbf, 0xce, 0xff,
  0xb3, 0xbf, 0xce, 0xff, 0xb3, 0xbf, 0xce, 0xff, 0xb3, 0xbf, 0xce, 0xff,
  0xb3, 0xbf, 0xce, 0xff, 0xb3, 0xbf, 0xce, 0xff, 0xb2, 0xbf, 0xce, 0xff,
  0xb2, 0xbe, 0xcd, 0xff, 0xb4, 0xc0, 0xce, 0xff, 0xc3, 0xcc, 0xd8, 0xff,
  0xe8, 0xec, 0xf0, 0xff, 0xff, 0xff, 0xff, 0xff, 0xff, 0xff, 0xff, 0xff,
  0xff, 0xff, 0xff, 0xff, 0xff, 0xff, 0xff, 0xff, 0xff, 0xff, 0xff, 0xff,
  0xff, 0xff, 0xff, 0xff, 0xff, 0xff, 0xff, 0xff, 0xff, 0xff, 0xff, 0xff,
  0xff, 0xff, 0xff, 0xff, 0xff, 0xff, 0xff, 0xff, 0xff, 0xff, 0xff, 0xff,
  0xff, 0xff, 0xff, 0xff, 0xff, 0xff, 0xff, 0xff, 0xff, 0xff, 0xff, 0xff,
  0xff, 0xff, 0xff, 0xff, 0xff, 0xff, 0xff, 0xff, 0xff, 0xff, 0xff, 0xff,
  0xff, 0xff, 0xff, 0xff, 0xff, 0xff, 0xff, 0xff, 0xff, 0xff, 0xff, 0xff,
  0xff, 0xff, 0xff, 0xff, 0xff, 0xff, 0xff, 0xff, 0xff, 0xff, 0xff, 0xff,
  0xff, 0xff, 0xff, 0xff, 0xff, 0xff, 0xff, 0xff, 0xff, 0xff, 0xff, 0xff,
  0xff, 0xff, 0xff, 0xff, 0xff, 0xff, 0xff, 0xff, 0xff, 0xff, 0xff, 0xff,
  0xff, 0xff, 0xff, 0xff, 0xff, 0xff, 0xff, 0xff, 0xff, 0xff, 0xff, 0xff,
  0xff, 0xff, 0xff, 0xff, 0xf2, 0xf4, 0xf6, 0xff, 0xd9, 0xdf, 0xe6, 0xff,
  0xc3, 0xcd, 0xd8, 0xff, 0xb7, 0xc2, 0xd0, 0xff, 0xb2, 0xbe, 0xcd, 0xff,
  0xb1, 0xbd, 0xcc, 0xff, 0xb2, 0xbe, 0xcd, 0xff, 0xaf, 0xbb, 0xca, 0xff,
  0x85, 0x8e, 0x9a, 0xff, 0x5b, 0x62, 0x6b, 0xff, 0x60, 0x68, 0x71, 0xff,
  0x86, 0x8f, 0x9b, 0xff, 0xa1, 0xac, 0xb9, 0xff, 0x8f, 0x99, 0xa5, 0xff,
  0x63, 0x6b, 0x74, 0xff, 0x57, 0x5e, 0x66, 0xff, 0x71, 0x79, 0x83, 0xff,
  0x9a, 0xa4, 0xb1, 0xff, 0xb2, 0xbe, 0xcc, 0xff, 0xb5, 0xc1, 0xd0, 0xff,
  0xb3, 0xbf, 0xce, 0xff, 0xb2, 0xbe, 0xcd, 0xff, 0xb2, 0xbe, 0xcd, 0xff,
  0xb2, 0xbe, 0xcd, 0xff, 0xb2, 0xbe, 0xcd, 0xff, 0xb2, 0xbe, 0xcd, 0xff,
  0xb2, 0xbe, 0xcd, 0xff, 0xb2, 0xbe, 0xcd, 0xff, 0xb2, 0xbe, 0xcd, 0xff,
  0xb2, 0xbe, 0xcd, 0xff, 0xb2, 0xbe, 0xcd, 0xff, 0xb2, 0xbe, 0xcd, 0xff,
  0xb2, 0xbe, 0xcd, 0xff, 0xb2, 0xbe, 0xcd, 0xff, 0xb2, 0xbe, 0xcd, 0xff,
  0xb2, 0xbe, 0xcd, 0xff, 0xb2, 0xbe, 0xcd, 0xff, 0xb2, 0xbe, 0xcd, 0xff,
  0xb2, 0xbe, 0xcd, 0xff, 0xb2, 0xbe, 0xcd, 0xff, 0xb2, 0xbe, 0xcd, 0xff,
  0xb2, 0xbe, 0xcd, 0xff, 0xb2, 0xbe, 0xcd, 0xff, 0xb4, 0xc0, 0xcf, 0xff,
  0x77, 0x80, 0x8a, 0xff, 0x16, 0x15, 0x16, 0xff, 0x2c, 0x1b, 0x14, 0xff,
  0x2d, 0x1b, 0x14, 0xff, 0x14, 0x0c, 0x08, 0xff, 0xb2, 0x70, 0x54, 0xff,
  0xf2, 0xa1, 0x7c, 0xff, 0xf1, 0xa2, 0x7e, 0xff, 0xe7, 0x91, 0x6e, 0xff,
  0xbf, 0x73, 0x55, 0xff, 0x3a, 0x22, 0x19, 0xff, 0x4a, 0x2f, 0x24, 0xff,
  0xd7, 0x8d, 0x6e, 0xff, 0xe6, 0x96, 0x74, 0xff, 0xdc, 0x88, 0x69, 0xff,
  0x86, 0x4e, 0x3b, 0xff, 0x0f, 0x0b, 0x0a, 0xff, 0x2b, 0x30, 0x35, 0xff,
  0x57, 0x5e, 0x67, 0xff, 0x7e, 0x87, 0x93, 0xff, 0xa2, 0xad, 0xbc, 0xff,
  0xb1, 0xbd, 0xcd, 0xff, 0xb1, 0xbd, 0xcd, 0xff, 0xb3, 0xbf, 0xce, 0xff,
  0xb3, 0xbf, 0xce, 0xff, 0xb3, 0xbf, 0xce, 0xff, 0xb3, 0xbf, 0xce, 0xff,
  0xb3, 0xbf, 0xce, 0xff, 0xb3, 0xbf, 0xce, 0xff, 0xb3, 0xbf, 0xce, 0xff,
  0xb3, 0xbf, 0xce, 0xff, 0xb3, 0xbf, 0xce, 0xff, 0xb3, 0xbf, 0xce, 0xff,
  0xb3, 0xbf, 0xce, 0xff, 0xb3, 0xbf, 0xce, 0xff, 0xb3, 0xbf, 0xce, 0xff,
  0xb3, 0xbf, 0xce, 0xff, 0xb3, 0xbf, 0xce, 0xff, 0xb3, 0xbf, 0xce, 0xff,
  0xb3, 0xbf, 0xce, 0xff, 0xb3, 0xbf, 0xce, 0xff, 0xb2, 0xbf, 0xce, 0xff,
  0xb2, 0xbe, 0xcd, 0xff, 0xb2, 0xbe, 0xcd, 0xff, 0xb2, 0xbe, 0xce, 0xff,
  0xb5, 0xc1, 0xcf, 0xff, 0xbc, 0xc6, 0xd4, 0xff, 0xca, 0xd2, 0xdd, 0xff,
  0xe1, 0xe6, 0xec, 0xff, 0xf8, 0xf9, 0xfb, 0xff, 0xff, 0xff, 0xff, 0xff,
  0xff, 0xff, 0xff, 0xff, 0xff, 0xff, 0xff, 0xff, 0xff, 0xff, 0xff, 0xff,
  0xff, 0xff, 0xff, 0xff, 0xff, 0xff, 0xff, 0xff, 0xff, 0xff, 0xff, 0xff,
  0xff, 0xff, 0xff, 0xff, 0xff, 0xff, 0xff, 0xff, 0xff, 0xff, 0xff, 0xff,
  0xff, 0xff, 0xff, 0xff, 0xff, 0xff, 0xff, 0xff, 0xff, 0xff, 0xff, 0xff,
  0xff, 0xff, 0xff, 0xff, 0xff, 0xff, 0xff, 0xff, 0xff, 0xff, 0xff, 0xff,
  0xff, 0xff, 0xff, 0xff, 0xff, 0xff, 0xff, 0xff, 0xff, 0xff, 0xff, 0xff,
  0xff, 0xff, 0xff, 0xff, 0xff, 0xff, 0xff, 0xff, 0xff, 0xff, 0xff, 0xff,
  0xff, 0xff, 0xff, 0xff, 0xff, 0xff, 0xff, 0xff, 0xff, 0xff, 0xff, 0xff,
  0xff, 0xff, 0xff, 0xff, 0xff, 0xff, 0xff, 0xff, 0xff, 0xff, 0xff, 0xff,
  0xff, 0xff, 0xff, 0xff, 0xff, 0xff, 0xff, 0xff, 0xff, 0xff, 0xff, 0xff,
  0xff, 0xff, 0xff, 0xff, 0xff, 0xff, 0xff, 0xff, 0xff, 0xff, 0xff, 0xff,
  0xff, 0xff, 0xff, 0xff, 0xff, 0xff, 0xff, 0xff, 0xfa, 0xfb, 0xfc, 0xff,
  0xef, 0xf1, 0xf4, 0xff, 0xdf, 0xe4, 0xea, 0xff, 0xcf, 0xd7, 0xe0, 0xff,
  0xc3, 0xcc, 0xd8, 0xff, 0xba, 0xc4, 0xd2, 0xff, 0xb7, 0xc3, 0xd1, 0xff,
  0xb4, 0xc1, 0xd0, 0xff, 0xb4, 0xc0, 0xcf, 0xff, 0xb3, 0xbf, 0xcf, 0xff,
  0xb2, 0xbe, 0xcd, 0xff, 0xb3, 0xbf, 0xcf, 0xff, 0xb4, 0xc1, 0xd0, 0xff,
  0xb4, 0xc1, 0xd0, 0xff, 0xb5, 0xc1, 0xd0, 0xff, 0xb4, 0xc0, 0xcf, 0xff,
  0xb2, 0xbe, 0xcd, 0xff, 0xb2, 0xbe, 0xcd, 0xff, 0xb2, 0xbe, 0xcd, 0xff,
  0xb2, 0xbe, 0xcd, 0xff, 0xb2, 0xbe, 0xcd, 0xff, 0xb2, 0xbe, 0xcd, 0xff,
  0xb2, 0xbe, 0xcd, 0xff, 0xb2, 0xbe, 0xcd, 0xff, 0xb2, 0xbe, 0xcd, 0xff,
  0xb2, 0xbe, 0xcd, 0xff, 0xb2, 0xbe, 0xcd, 0xff, 0xb2, 0xbe, 0xcd, 0xff,
  0xb2, 0xbe, 0xcd, 0xff, 0xb2, 0xbe, 0xcd, 0xff, 0xb2, 0xbe, 0xcd, 0xff,
  0xb2, 0xbe, 0xcd, 0xff, 0xb2, 0xbe, 0xcd, 0xff, 0xb2, 0xbe, 0xcd, 0xff,
  0xb2, 0xbe, 0xcd, 0xff, 0xb2, 0xbe, 0xcd, 0xff, 0xb2, 0xbe, 0xcd, 0xff,
  0xb2, 0xbe, 0xcd, 0xff, 0xb2, 0xbe, 0xcd, 0xff, 0xb2, 0xbe, 0xcd, 0xff,
  0xb2, 0xbe, 0xcd, 0xff, 0xb2, 0xbe, 0xcd, 0xff, 0xb0, 0xbc, 0xcb, 0xff,
  0x8c, 0x96, 0xa2, 0xff, 0x64, 0x6c, 0x75, 0xff, 0x56, 0x5d, 0x65, 0xff,
  0x1d, 0x20, 0x22, 0xff, 0x2f, 0x1a, 0x12, 0xff, 0x79, 0x47, 0x34, 0xff,
  0x80, 0x4c, 0x37, 0xff, 0x59, 0x34, 0x26, 0xff, 0x20, 0x15, 0x11, 0xff,
  0x23, 0x26, 0x29, 0xff, 0x1b, 0x1b, 0x1c, 0xff, 0x2e, 0x1c, 0x15, 0xff,
  0x49, 0x2a, 0x1f, 0xff, 0x36, 0x1e, 0x16, 0xff, 0x14, 0x11, 0x10, 0xff,
  0x54, 0x5b, 0x63, 0xff, 0xa6, 0xb1, 0xc1, 0xff, 0xb1, 0xbe, 0xce, 0xff,
  0xb1, 0xbe, 0xce, 0xff, 0xb0, 0xbc, 0xcc, 0xff, 0xb0, 0xbc, 0xcc, 0xff,
  0xb3, 0xbf, 0xce, 0xff, 0xb3, 0xbf, 0xce, 0xff, 0xb3, 0xbf, 0xce, 0xff,
  0xb3, 0xbf, 0xce, 0xff, 0xb3, 0xbf, 0xce, 0xff, 0xb3, 0xbf, 0xce, 0xff,
  0xb3, 0xbf, 0xce, 0xff, 0xb3, 0xbf, 0xce, 0xff, 0xb3, 0xbf, 0xce, 0xff,
  0xb3, 0xbf, 0xce, 0xff, 0xb3, 0xbf, 0xce, 0xff, 0xb3, 0xbf, 0xce, 0xff,
  0xb3, 0xbf, 0xce, 0xff, 0xb2, 0xbe, 0xce, 0xff, 0xb2, 0xbe, 0xcd, 0xff,
  0xb2, 0xbe, 0xcd, 0xff, 0xb2, 0xbe, 0xcd, 0xff, 0xb3, 0xbf, 0xce, 0xff,
  0xb6, 0xc2, 0xd0, 0xff, 0xbb, 0xc6, 0xd3, 0xff, 0xc4, 0xcd, 0xd9, 0xff,
  0xcf, 0xd7, 0xe0, 0xff, 0xdc, 0xe1, 0xe8, 0xff, 0xe9, 0xec, 0xf1, 0xff,
  0xf4, 0xf6, 0xf8, 0xff, 0xfd, 0xfd, 0xfe, 0xff, 0xff, 0xff, 0xff, 0xff,
  0xff, 0xff, 0xff, 0xff, 0xff, 0xff, 0xff, 0xff, 0xff, 0xff, 0xff, 0xff,
  0xff, 0xff, 0xff, 0xff, 0xff, 0xff, 0xff, 0xff, 0xff, 0xff, 0xff, 0xff,
  0xff, 0xff, 0xff, 0xff, 0xff, 0xff, 0xff, 0xff, 0xff, 0xff, 0xff, 0xff,
  0xff, 0xff, 0xff, 0xff, 0xff, 0xff, 0xff, 0xff, 0xff, 0xff, 0xff, 0xff,
  0xff, 0xff, 0xff, 0xff, 0xff, 0xff, 0xff, 0xff, 0xff, 0xff, 0xff, 0xff,
  0xff, 0xff, 0xff, 0xff, 0xff, 0xff, 0xff, 0xff, 0xff, 0xff, 0xff, 0xff,
  0xff, 0xff, 0xff, 0xff, 0xff, 0xff, 0xff, 0xff, 0xff, 0xff, 0xff, 0xff,
  0xff, 0xff, 0xff, 0xff, 0xff, 0xff, 0xff, 0xff, 0xff, 0xff, 0xff, 0xff,
  0xff, 0xff, 0xff, 0xff, 0xff, 0xff, 0xff, 0xff, 0xff, 0xff, 0xff, 0xff,
  0xff, 0xff, 0xff, 0xff, 0xff, 0xff, 0xff, 0xff, 0xff, 0xff, 0xff, 0xff,
  0xff, 0xff, 0xff, 0xff, 0xff, 0xff, 0xff, 0xff, 0xff, 0xff, 0xff, 0xff,
  0xff, 0xff, 0xff, 0xff, 0xff, 0xff, 0xff, 0xff, 0xff, 0xff, 0xff, 0xff,
  0xff, 0xff, 0xff, 0xff, 0xff, 0xff, 0xff, 0xff, 0xff, 0xff, 0xff, 0xff,
  0xff, 0xff, 0xff, 0xff, 0xff, 0xff, 0xff, 0xff, 0xfa, 0xfb, 0xfc, 0xff,
  0xf3, 0xf5, 0xf7, 0xff, 0xea, 0xed, 0xf1, 0xff, 0xdf, 0xe4, 0xea, 0xff,
  0xd7, 0xdd, 0xe5, 0xff, 0xcc, 0xd4, 0xde, 0xff, 0xc6, 0xcf, 0xda, 0xff,
  0xc1, 0xca, 0xd7, 0xff, 0xba, 0xc4, 0xd2, 0xff, 0xb7, 0xc2, 0xd0, 0xff,
  0xb4, 0xc0, 0xce, 0xff, 0xb2, 0xbe, 0xcd, 0xff, 0xb1, 0xbd, 0xcc, 0xff,
  0xb1, 0xbd, 0xcc, 0xff, 0xb1, 0xbd, 0xcc, 0xff, 0xb1, 0xbd, 0xcc, 0xff,
  0xb1, 0xbd, 0xcc, 0xff, 0xb1, 0xbe, 0xcd, 0xff, 0xb2, 0xbe, 0xcd, 0xff,
  0xb2, 0xbe, 0xcd, 0xff, 0xb2, 0xbe, 0xcd, 0xff, 0xb2, 0xbe, 0xcd, 0xff,
  0xb2, 0xbe, 0xcd, 0xff, 0xb2, 0xbe, 0xcd, 0xff, 0xb2, 0xbe, 0xcd, 0xff,
  0xb2, 0xbe, 0xcd, 0xff, 0xb2, 0xbe, 0xcd, 0xff, 0xb2, 0xbe, 0xcd, 0xff,
  0xb2, 0xbe, 0xcd, 0xff, 0xb2, 0xbe, 0xcd, 0xff, 0xb2, 0xbe, 0xcd, 0xff,
  0xb2, 0xbe, 0xcd, 0xff, 0xb2, 0xbe, 0xcd, 0xff, 0xb2, 0xbe, 0xcd, 0xff,
  0xb2, 0xbe, 0xcd, 0xff, 0xb2, 0xbe, 0xcd, 0xff, 0xb2, 0xbe, 0xcd, 0xff,
  0xb2, 0xbe, 0xcd, 0xff, 0xb2, 0xbe, 0xcd, 0xff, 0xb4, 0xc0, 0xcf, 0xff,
  0xb5, 0xc1, 0xd0, 0xff, 0xb5, 0xc1, 0xd1, 0xff, 0x91, 0x9a, 0xa7, 0xff,
  0x3e, 0x43, 0x49, 0xff, 0x21, 0x23, 0x27, 0xff, 0x22, 0x24, 0x27, 0xff,
  0x37, 0x3d, 0x43, 0xff, 0x6d, 0x75, 0x7f, 0xff, 0xa0, 0xac, 0xba, 0xff,
  0x91, 0x9b, 0xa8, 0xff, 0x59, 0x60, 0x69, 0xff, 0x3e, 0x43, 0x4a, 0xff,
  0x52, 0x59, 0x61, 0xff, 0x84, 0x8d, 0x99, 0xff, 0xac, 0xb7, 0xc7, 0xff,
  0xb0, 0xbc, 0xcc, 0xff, 0xaf, 0xbb, 0xcb, 0xff, 0xaf, 0xbb, 0xcb, 0xff,
  0xb1, 0xbd, 0xcd, 0xff, 0xb3, 0xbf, 0xce, 0xff, 0xb3, 0xbf, 0xce, 0xff,
  0xb3, 0xbf, 0xce, 0xff, 0xb3, 0xbf, 0xce, 0xff, 0xb3, 0xbf, 0xce, 0xff,
  0xb2, 0xbe, 0xce, 0xff, 0xb2, 0xbe, 0xcd, 0xff, 0xb2, 0xbe, 0xcd, 0xff,
  0xb2, 0xbe, 0xcd, 0xff, 0xb2, 0xbe, 0xcd, 0xff, 0xb2, 0xbe, 0xce, 0xff,
  0xb3, 0xbf, 0xce, 0xff, 0xb6, 0xc2, 0xd0, 0xff, 0xb8, 0xc4, 0xd1, 0xff,
  0xbd, 0xc8, 0xd5, 0xff, 0xc5, 0xce, 0xda, 0xff, 0xcc, 0xd4, 0xde, 0xff,
  0xd8, 0xde, 0xe6, 0xff, 0xe1, 0xe5, 0xeb, 0xff, 0xec, 0xef, 0xf3, 0xff,
  0xf4, 0xf6, 0xf8, 0xff, 0xfb, 0xfc, 0xfc, 0xff, 0xfe, 0xfe, 0xff, 0xff,
  0xff, 0xff, 0xff, 0xff, 0xff, 0xff, 0xff, 0xff, 0xff, 0xff, 0xff, 0xff,
  0xff, 0xff, 0xff, 0xff, 0xff, 0xff, 0xff, 0xff, 0xff, 0xff, 0xff, 0xff,
  0xff, 0xff, 0xff, 0xff, 0xff, 0xff, 0xff, 0xff, 0xff, 0xff, 0xff, 0xff,
  0xff, 0xff, 0xff, 0xff, 0xff, 0xff, 0xff, 0xff, 0xff, 0xff, 0xff, 0xff,
  0xff, 0xff, 0xff, 0xff, 0xff, 0xff, 0xff, 0xff, 0xff, 0xff, 0xff, 0xff,
  0xff, 0xff, 0xff, 0xff, 0xff, 0xff, 0xff, 0xff, 0xff, 0xff, 0xff, 0xff,
  0xff, 0xff, 0xff, 0xff, 0xff, 0xff, 0xff, 0xff, 0xff, 0xff, 0xff, 0xff,
  0xff, 0xff, 0xff, 0xff, 0xff, 0xff, 0xff, 0xff, 0xff, 0xff, 0xff, 0xff,
  0xff, 0xff, 0xff, 0xff, 0xff, 0xff, 0xff, 0xff, 0xff, 0xff, 0xff, 0xff,
  0xff, 0xff, 0xff, 0xff, 0xff, 0xff, 0xff, 0xff, 0xff, 0xff, 0xff, 0xff,
  0xff, 0xff, 0xff, 0xff, 0xff, 0xff, 0xff, 0xff, 0xff, 0xff, 0xff, 0xff,
  0xff, 0xff, 0xff, 0xff, 0xff, 0xff, 0xff, 0xff, 0xff, 0xff, 0xff, 0xff,
  0xff, 0xff, 0xff, 0xff, 0xff, 0xff, 0xff, 0xff, 0xff, 0xff, 0xff, 0xff,
  0xff, 0xff, 0xff, 0xff, 0xff, 0xff, 0xff, 0xff, 0xff, 0xff, 0xff, 0xff,
  0xff, 0xff, 0xff, 0xff, 0xff, 0xff, 0xff, 0xff, 0xff, 0xff, 0xff, 0xff,
  0xff, 0xff, 0xff, 0xff, 0xff, 0xff, 0xff, 0xff, 0xff, 0xff, 0xff, 0xff,
  0xff, 0xff, 0xff, 0xff, 0xff, 0xff, 0xff, 0xff, 0xff, 0xff, 0xff, 0xff,
  0xfe, 0xfe, 0xfe, 0xff, 0xfc, 0xfd, 0xfd, 0xff, 0xf9, 0xfa, 0xfb, 0xff,
  0xf4, 0xf5, 0xf8, 0xff, 0xf0, 0xf2, 0xf5, 0xff, 0xe8, 0xeb, 0xf0, 0xff,
  0xe0, 0xe5, 0xeb, 0xff, 0xdb, 0xe0, 0xe7, 0xff, 0xd1, 0xd8, 0xe1, 0xff,
  0xca, 0xd2, 0xdc, 0xff, 0xc7, 0xcf, 0xda, 0xff, 0xc1, 0xcb, 0xd7, 0xff,
  0xbb, 0xc6, 0xd3, 0xff, 0xb9, 0xc4, 0xd2, 0xff, 0xb8, 0xc3, 0xd1, 0xff,
  0xb7, 0xc2, 0xd0, 0xff, 0xb5, 0xc0, 0xcf, 0xff, 0xb3, 0xbf, 0xce, 0xff,
  0xb2, 0xbe, 0xcd, 0xff, 0xb2, 0xbe, 0xcd, 0xff, 0xb2, 0xbe, 0xcd, 0xff,
  0xb2, 0xbe, 0xcd, 0xff, 0xb2, 0xbe, 0xcd, 0xff, 0xb1, 0xbd, 0xcd, 0xff,
  0xb1, 0xbd, 0xcc, 0xff, 0xb1, 0xbd, 0xcc, 0xff, 0xb1, 0xbd, 0xcc, 0xff,
  0xb1, 0xbd, 0xcc, 0xff, 0xb1, 0xbd, 0xcc, 0xff, 0xb1, 0xbd, 0xcc, 0xff,
  0xb1, 0xbd, 0xcc, 0xff, 0xb1, 0xbd, 0xcc, 0xff, 0xb1, 0xbd, 0xcc, 0xff,
  0xb1, 0xbd, 0xcc, 0xff, 0xb1, 0xbd, 0xcc, 0xff, 0xb1, 0xbd, 0xcc, 0xff,
  0xb1, 0xbd, 0xcc, 0xff, 0xb3, 0xbf, 0xce, 0xff, 0xad, 0xb9, 0xc9, 0xff,
  0xa1, 0xac, 0xbb, 0xff, 0xa1, 0xac, 0xbb, 0xff, 0xac, 0xb8, 0xc7, 0xff,
  0xb0, 0xbd, 0xcd, 0xff, 0xaf, 0xbb, 0xcc, 0xff, 0xb0, 0xbc, 0xcd, 0xff,
  0xb1, 0xbd, 0xcd, 0xff, 0xae, 0xba, 0xca, 0xff, 0xb0, 0xbc, 0xcc, 0xff,
  0xb1, 0xbe, 0xce, 0xff, 0xb0, 0xbc, 0xcc, 0xff, 0xaf, 0xbb, 0xcb, 0xff,
  0xaf, 0xbb, 0xcb, 0xff, 0xb1, 0xbd, 0xcd, 0xff, 0xb4, 0xc0, 0xcf, 0xff,
  0xb7, 0xc2, 0xd1, 0xff, 0xb8, 0xc4, 0xd1, 0xff, 0xb9, 0xc4, 0xd2, 0xff,
  0xba, 0xc5, 0xd3, 0xff, 0xbb, 0xc6, 0xd3, 0xff, 0xbf, 0xc9, 0xd5, 0xff,
  0xc5, 0xce, 0xda, 0xff, 0xc9, 0xd2, 0xdc, 0xff, 0xce, 0xd5, 0xdf, 0xff,
  0xd7, 0xdd, 0xe5, 0xff, 0xde, 0xe3, 0xea, 0xff, 0xe3, 0xe7, 0xed, 0xff,
  0xeb, 0xef, 0xf2, 0xff, 0xf1, 0xf4, 0xf6, 0xff, 0xf6, 0xf7, 0xf9, 0xff,
  0xfb, 0xfc, 0xfd, 0xff, 0xfe, 0xfe, 0xfe, 0xff, 0xff, 0xff, 0xff, 0xff,
  0xff, 0xff, 0xff, 0xff, 0xff, 0xff, 0xff, 0xff, 0xff, 0xff, 0xff, 0xff,
  0xff, 0xff, 0xff, 0xff, 0xff, 0xff, 0xff, 0xff, 0xff, 0xff, 0xff, 0xff,
  0xff, 0xff, 0xff, 0xff, 0xff, 0xff, 0xff, 0xff, 0xff, 0xff, 0xff, 0xff,
  0xff, 0xff, 0xff, 0xff, 0xff, 0xff, 0xff, 0xff, 0xff, 0xff, 0xff, 0xff,
  0xff, 0xff, 0xff, 0xff, 0xff, 0xff, 0xff, 0xff, 0xff, 0xff, 0xff, 0xff,
  0xff, 0xff, 0xff, 0xff, 0xff, 0xff, 0xff, 0xff, 0xff, 0xff, 0xff, 0xff,
  0xff, 0xff, 0xff, 0xff, 0xff, 0xff, 0xff, 0xff, 0xff, 0xff, 0xff, 0xff,
  0xff, 0xff, 0xff, 0xff, 0xff, 0xff, 0xff, 0xff, 0xff, 0xff, 0xff, 0xff,
  0xff, 0xff, 0xff, 0xff, 0xff, 0xff, 0xff, 0xff, 0xff, 0xff, 0xff, 0xff,
  0xff, 0xff, 0xff, 0xff, 0xff, 0xff, 0xff, 0xff, 0xff, 0xff, 0xff, 0xff,
  0xff, 0xff, 0xff, 0xff, 0xff, 0xff, 0xff, 0xff, 0xff, 0xff, 0xff, 0xff,
  0xff, 0xff, 0xff, 0xff, 0xff, 0xff, 0xff, 0xff, 0xff, 0xff, 0xff, 0xff,
  0xff, 0xff, 0xff, 0xff, 0xff, 0xff, 0xff, 0xff, 0xff, 0xff, 0xff, 0xff,
  0xff, 0xff, 0xff, 0xff, 0xff, 0xff, 0xff, 0xff, 0xff, 0xff, 0xff, 0xff,
  0xff, 0xff, 0xff, 0xff, 0xff, 0xff, 0xff, 0xff, 0xff, 0xff, 0xff, 0xff,
  0xff, 0xff, 0xff, 0xff, 0xff, 0xff, 0xff, 0xff, 0xff, 0xff, 0xff, 0xff,
  0xff, 0xff, 0xff, 0xff, 0xff, 0xff, 0xff, 0xff, 0xff, 0xff, 0xff, 0xff,
  0xff, 0xff, 0xff, 0xff, 0xff, 0xff, 0xff, 0xff, 0xff, 0xff, 0xff, 0xff,
  0xff, 0xff, 0xff, 0xff, 0xff, 0xff, 0xff, 0xff, 0xff, 0xff, 0xff, 0xff,
  0xff, 0xff, 0xff, 0xff, 0xff, 0xff, 0xff, 0xff, 0xff, 0xff, 0xff, 0xff,
  0xff, 0xff, 0xff, 0xff, 0xff, 0xff, 0xff, 0xff, 0xff, 0xff, 0xff, 0xff,
  0xff, 0xff, 0xff, 0xff, 0xff, 0xff, 0xff, 0xff, 0xfe, 0xfe, 0xfe, 0xff,
  0xfc, 0xfc, 0xfd, 0xff, 0xf8, 0xf9, 0xfa, 0xff, 0xf4, 0xf6, 0xf8, 0xff,
  0xf2, 0xf4, 0xf6, 0xff, 0xef, 0xf2, 0xf5, 0xff, 0xeb, 0xee, 0xf2, 0xff,
  0xe6, 0xea, 0xee, 0xff, 0xe0, 0xe5, 0xeb, 0xff, 0xde, 0xe3, 0xe9, 0xff,
  0xdc, 0xe1, 0xe8, 0xff, 0xd8, 0xde, 0xe6, 0xff, 0xd4, 0xdb, 0xe3, 0xff,
  0xcf, 0xd7, 0xe0, 0xff, 0xca, 0xd2, 0xdd, 0xff, 0xc6, 0xcf, 0xda, 0xff,
  0xc6, 0xce, 0xda, 0xff, 0xc5, 0xce, 0xda, 0xff, 0xc5, 0xce, 0xda, 0xff,
  0xc5, 0xce, 0xda, 0xff, 0xc5, 0xce, 0xda, 0xff, 0xc5, 0xce, 0xda, 0xff,
  0xc5, 0xce, 0xda, 0xff, 0xc5, 0xce, 0xda, 0xff, 0xc5, 0xce, 0xda, 0xff,
  0xc5, 0xce, 0xda, 0xff, 0xc5, 0xce, 0xda, 0xff, 0xc5, 0xce, 0xda, 0xff,
  0xc5, 0xce, 0xda, 0xff, 0xc5, 0xce, 0xd9, 0xff, 0xc5, 0xce, 0xda, 0xff,
  0xc5, 0xce, 0xda, 0xff, 0xc4, 0xcd, 0xd9, 0xff, 0xc4, 0xcd, 0xd8, 0xff,
  0xc4, 0xcd, 0xd8, 0xff, 0xc8, 0xd0, 0xdb, 0xff, 0xd3, 0xd9, 0xe2, 0xff,
  0xd6, 0xdc, 0xe5, 0xff, 0xd9, 0xde, 0xe6, 0xff, 0xda, 0xe0, 0xe7, 0xff,
  0xdc, 0xe1, 0xe8, 0xff, 0xdd, 0xe2, 0xe9, 0xff, 0xdd, 0xe2, 0xe9, 0xff,
  0xdf, 0xe4, 0xea, 0xff, 0xe2, 0xe7, 0xed, 0xff, 0xe9, 0xec, 0xf1, 0xff,
  0xed, 0xf0, 0xf3, 0xff, 0xef, 0xf2, 0xf5, 0xff, 0xf1, 0xf4, 0xf6, 0xff,
  0xf3, 0xf5, 0xf7, 0xff, 0xf6, 0xf7, 0xf9, 0xff, 0xfa, 0xfb, 0xfc, 0xff,
  0xfd, 0xfd, 0xfe, 0xff, 0xfe, 0xff, 0xff, 0xff, 0xff, 0xff, 0xff, 0xff,
  0xff, 0xff, 0xff, 0xff, 0xff, 0xff, 0xff, 0xff, 0xff, 0xff, 0xff, 0xff,
  0xff, 0xff, 0xff, 0xff, 0xff, 0xff, 0xff, 0xff, 0xff, 0xff, 0xff, 0xff,
  0xff, 0xff, 0xff, 0xff, 0xff, 0xff, 0xff, 0xff, 0xff, 0xff, 0xff, 0xff,
  0xff, 0xff, 0xff, 0xff, 0xff, 0xff, 0xff, 0xff, 0xff, 0xff, 0xff, 0xff,
  0xff, 0xff, 0xff, 0xff, 0xff, 0xff, 0xff, 0xff, 0xff, 0xff, 0xff, 0xff,
  0xff, 0xff, 0xff, 0xff, 0xff, 0xff, 0xff, 0xff, 0xff, 0xff, 0xff, 0xff,
  0xff, 0xff, 0xff, 0xff, 0xff, 0xff, 0xff, 0xff, 0xff, 0xff, 0xff, 0xff,
  0xff, 0xff, 0xff, 0xff, 0xff, 0xff, 0xff, 0xff, 0xff, 0xff, 0xff, 0xff,
  0xff, 0xff, 0xff, 0xff, 0xff, 0xff, 0xff, 0xff, 0xff, 0xff, 0xff, 0xff,
  0xff, 0xff, 0xff, 0xff, 0xff, 0xff, 0xff, 0xff, 0x00, 0x00, 0x00, 0x00,
  0x00, 0x00, 0x00, 0x00, 0x00, 0x00, 0x00, 0x00, 0x00, 0x00, 0x00, 0x00,
  0x00, 0x00, 0x00, 0x00, 0x00, 0x00, 0x00, 0x00, 0x00, 0x00, 0x00, 0x00,
  0x00, 0x00, 0x00, 0x00, 0x00, 0x00, 0x00, 0x00, 0x00, 0x00, 0x00, 0x00,
  0x00, 0x00, 0x00, 0x00, 0x00, 0x00, 0x00, 0x00, 0x00, 0x00, 0x00, 0x00,
  0x00, 0x00, 0x00, 0x00, 0x00, 0x00, 0x00, 0x00, 0x00, 0x00, 0x00, 0x00,
  0x00, 0x00, 0x00, 0x00, 0x00, 0x00, 0x00, 0x00, 0x00, 0x00, 0x00, 0x00,
  0x00, 0x00, 0x00, 0x00, 0x00, 0x00, 0x00, 0x00, 0x00, 0x00, 0x00, 0x00,
  0x00, 0x00, 0x00, 0x00, 0x00, 0x00, 0x00, 0x00, 0x00, 0x00, 0x00, 0x00,
  0x00, 0x00, 0x00, 0x00, 0x00, 0x00, 0x00, 0x00, 0x00, 0x00, 0x00, 0x00,
  0x00, 0x00, 0x00, 0x00, 0x00, 0x00, 0x00, 0x00, 0x00, 0x00, 0x00, 0x00,
  0x00, 0x00, 0x00, 0x00, 0x00, 0x00, 0x00, 0x00, 0x00, 0x00, 0x00, 0x00,
  0x00, 0x00, 0x00, 0x00, 0x00, 0x00, 0x00, 0x00, 0x00, 0x00, 0x00, 0x00,
  0x00, 0x00, 0x00, 0x00, 0x00, 0x00, 0x00, 0x00, 0x00, 0x00, 0x00, 0x00,
  0x00, 0x00, 0x00, 0x00, 0x00, 0x00, 0x00, 0x00, 0x00, 0x00, 0x00, 0x00,
  0x00, 0x00, 0x00, 0x00, 0x00, 0x00, 0x00, 0x00, 0x00, 0x00, 0x00, 0x00,
  0x00, 0x00, 0x00, 0x00, 0x00, 0x00, 0x00, 0x00, 0x00, 0x00, 0x00, 0x00,
  0x00, 0x00, 0x00, 0x00, 0x00, 0x00, 0x00, 0x00, 0x00, 0x00, 0x00, 0x00,
  0x00, 0x00, 0x00, 0x00, 0x00, 0x00, 0x00, 0x00, 0x00, 0x00, 0x00, 0x00,
  0x00, 0x00, 0x00, 0x00, 0x00, 0x00, 0x00, 0x00, 0x00, 0x00, 0x00, 0x00,
  0x00, 0x00, 0x00, 0x00, 0x00, 0x00, 0x00, 0x00, 0x00, 0x00, 0x00, 0x00,
  0x00, 0x00, 0x00, 0x00, 0x00, 0x00, 0x00, 0x00, 0x00, 0x00, 0x00, 0x00,
  0x00, 0x00, 0x00, 0x00, 0x00, 0x00, 0x00, 0x00, 0x00, 0x00, 0x00, 0x00,
  0x00, 0x00, 0x00, 0x00, 0x00, 0x00, 0x00, 0x00, 0x00, 0x00, 0x00, 0x00,
  0x00, 0x00, 0x00, 0x00, 0x00, 0x00, 0x00, 0x00, 0x00, 0x00, 0x00, 0x00,
  0x00, 0x00, 0x00, 0x00, 0x00, 0x00, 0x00, 0x00, 0x00, 0x00, 0x00, 0x00,
  0x00, 0x00, 0x00, 0x00, 0x00, 0x00, 0x00, 0x00, 0x00, 0x00, 0x00, 0x00,
  0x00, 0x00, 0x00, 0x00, 0x00, 0x00, 0x00, 0x00, 0x00, 0x00, 0x00, 0x00,
  0x00, 0x00, 0x00, 0x00, 0x00, 0x00, 0x00, 0x00, 0x00, 0x00, 0x00, 0x00,
  0x00, 0x00, 0x00, 0x00, 0x00, 0x00, 0x00, 0x00, 0x00, 0x00, 0x00, 0x00,
  0x00, 0x00, 0x00, 0x00, 0x00, 0x00, 0x00, 0x00, 0x00, 0x00, 0x00, 0x00,
  0x00, 0x00, 0x00, 0x00, 0x00, 0x00, 0x00, 0x00, 0x00, 0x00, 0x00, 0x00,
  0x00, 0x00, 0x00, 0x00, 0x00, 0x00, 0x00, 0x00, 0x00, 0x00, 0x00, 0x00,
  0x00, 0x00, 0x00, 0x00, 0x00, 0x00, 0x00, 0x00, 0x00, 0x00, 0x00, 0x00,
  0x00, 0x00, 0x00, 0x00, 0x00, 0x00, 0x00, 0x00, 0x00, 0x00, 0x00, 0x00,
  0x00, 0x00, 0x00, 0x00, 0x00, 0x00, 0x00, 0x00, 0x00, 0x00, 0x00, 0x00,
  0x00, 0x00, 0x00, 0x00, 0x00, 0x00, 0x00, 0x00, 0x00, 0x00, 0x00, 0x00,
  0x00, 0x00, 0x00, 0x00, 0x00, 0x00, 0x00, 0x00, 0x00, 0x00, 0x00, 0x00,
  0x00, 0x00, 0x00, 0x00, 0x00, 0x00, 0x00, 0x00, 0x00, 0x00, 0x00, 0x00,
  0x00, 0x00, 0x00, 0x00, 0x00, 0x00, 0x00, 0x00, 0x00, 0x00, 0x00, 0x00,
  0x00, 0x00, 0x00, 0x00, 0x00, 0x00, 0x00, 0x00, 0x00, 0x00, 0x00, 0x00,
  0x00, 0x00, 0x00, 0x00, 0x00, 0x00, 0x00, 0x00, 0x00, 0x00, 0x00, 0x00,
  0x00, 0x00, 0x00, 0x00, 0x00, 0x00, 0x00, 0x00, 0x00, 0x00, 0x00, 0x00,
  0x00, 0x00, 0x00, 0x00
};
unsigned int wasmo_mascot_rgba_len = 65536;
